{"type":"FeatureCollection","features":[{"type":"Feature","properties":{"adm4_name":"Barangay 1","adm4_name1":null,"adm4_name2":null,"adm4_name3":null,"adm4_pcode":"PH1307501001","adm3_name":"Caloocan City","adm3_name1":null,"adm3_name2":null,"adm3_name3":null,"adm3_pcode":"PH1307501","adm2_name":"Metropolitan Manila Third District","adm2_name1":null,"adm2_name2":null,"adm2_name3":null,"adm2_pcode":"PH13075","adm1_name":"National Capital Region (NCR)","adm1_name1":null,"adm1_name2":null,"adm1_name3":null,"adm1_pcode":"PH13","adm0_name":"Philippines","adm0_name1":null,"adm0_name2":null,"adm0_name3":null,"adm0_pcode":"PH","valid_on":"2025-02-13","valid_to":null,"area_sqkm":0.03411462,"version":"v03","lang":"en","lang1":null,"lang2":null,"lang3":null,"adm4_ref_name":"Barangay 1","center_lat":14.65894469,"center_lon":120.97323138},"geometry":{"type":"Polygon","coordinates":[[[120.973598043000038,14.660213518000035],[120.973583661000134,14.660443299000121],[120.973129481000342,14.660412789000077],[120.972876908000103,14.660399406000124],[120.972634930000027,14.660385025999972],[120.972669818000099,14.659870105000095],[120.972714126000028,14.659407230000113],[120.972728469000231,14.659108543000173],[120.972757732000218,14.65878083400014],[120.972769854000035,14.658576532000097],[120.972785248000037,14.658471070000076],[120.972701912000048,14.658476126000153],[120.972728193000194,14.658178361000125],[120.972753344000012,14.657911723000097],[120.972775132000038,14.657589873000063],[120.973114996000163,14.657549140000185],[120.973225311000078,14.657541843000047],[120.973357431000068,14.657532016000175],[120.973676322000074,14.657510032000118],[120.973840020000239,14.657502985000178],[120.973675378000166,14.659475087000089],[120.973622164000176,14.659952354999973],[120.973598043000038,14.660213518000035]]]}},{"type":"Feature","properties":{"adm4_name":"Barangay 2","adm4_name1":null,"adm4_name2":null,"adm4_name3":null,"adm4_pcode":"PH1307501002","adm3_name":"Caloocan City","adm3_name1":null,"adm3_name2":null,"adm3_name3":null,"adm3_pcode":"PH1307501","adm2_name":"Metropolitan Manila Third District","adm2_name1":null,"adm2_name2":null,"adm2_name3":null,"adm2_pcode":"PH13075","adm1_name":"National Capital Region (NCR)","adm1_name1":null,"adm1_name2":null,"adm1_name3":null,"adm1_pcode":"PH13","adm0_name":"Philippines","adm0_name1":null,"adm0_name2":null,"adm0_name3":null,"adm0_pcode":"PH","valid_on":"2025-02-13","valid_to":null,"area_sqkm":0.05392886,"version":"v03","lang":"en","lang1":null,"lang2":null,"lang3":null,"adm4_ref_name":"Barangay 2","center_lat":14.66088279,"center_lon":120.97211446},"geometry":{"type":"Polygon","coordinates":[[[120.973008105000076,14.662096270000177],[120.972992253000029,14.662105846000088],[120.972984687000121,14.662105068000187],[120.972937783000134,14.662100243000054],[120.97288320600012,14.662095585000031],[120.972795665000035,14.662088112000049],[120.972754161000012,14.662078752000127],[120.972732168000107,14.662061660000177],[120.972735658000033,14.662036732000047],[120.972751372000062,14.662002019000113],[120.97274785400009,14.661992717000032],[120.972731736000014,14.661965846000044],[120.972691087000157,14.661940717],[120.972669095000128,14.66190761200005],[120.97266692200003,14.661883145000047],[120.972664043,14.661868337000044],[120.972662804000038,14.661854901000027],[120.972630443000071,14.661801206000121],[120.972582927000076,14.661732223000172],[120.972514010000168,14.661688789000152],[120.972481390000098,14.66166494600003],[120.97242055300012,14.66164891000011],[120.972337616000118,14.661618757000042],[120.972289049000096,14.661599122000098],[120.97225063000019,14.661597721000078],[120.972214386000019,14.661606838000182],[120.97219409000013,14.661626474000059],[120.972181768000041,14.661664343000041],[120.972173070000167,14.661716238000167],[120.972132477000059,14.661719044000051],[120.972095194000076,14.661715538000124],[120.972077072000047,14.661696604000156],[120.972031404000177,14.66165312600009],[120.971961813,14.661580194000123],[120.971931931000199,14.661533703000089],[120.97188486500022,14.661454300000173],[120.971846744000345,14.661388613000156],[120.971818449000011,14.661330388000067],[120.971799556000178,14.661308607000137],[120.971780130000184,14.661298743000032],[120.971764882000116,14.661290987000086],[120.97174235600005,14.661281804000112],[120.971727085000111,14.661280362000184],[120.971711076000133,14.661285947000181],[120.971697242000232,14.661297167000043],[120.971647719000089,14.661345637000181],[120.971614197,14.661389276000136],[120.97159304000013,14.661410414000102],[120.971560172000068,14.66139984400013],[120.971535309000046,14.661370917000113],[120.971517011000174,14.661330674000055],[120.971478297000317,14.661299325000073],[120.971415911,14.661260711000068],[120.971395529,14.661195153000165],[120.971357860000012,14.661151820000043],[120.971296235000182,14.661127646000125],[120.971252255000081,14.66115264299998],[120.971201041000086,14.66116645600016],[120.97114203700005,14.66115221300015],[120.971106958000064,14.661134054000172],[120.971029519000012,14.661068227000101],[120.970926723000161,14.661033585000098],[120.97085360400024,14.66102138500014],[120.970763004000219,14.660984613000153],[120.970709233000093,14.660932076000108],[120.970661755000265,14.660838130000172],[120.970669316000112,14.660743623000087],[120.9707009870001,14.660661675000028],[120.970719796000026,14.660580009000057],[120.970643885000072,14.660591526000189],[120.970578589000183,14.660596192000071],[120.970493963000081,14.660598868000079],[120.970404935000147,14.660586521000027],[120.970482813000217,14.660402939000164],[120.970523014000037,14.660297649000142],[120.970524331000092,14.660296665000033],[120.970651660000044,14.659966110000141],[120.970732203000011,14.659730051000054],[120.971339555000213,14.659781381000073],[120.971917793000102,14.659828720000121],[120.972165726000071,14.659849457000178],[120.972441898000056,14.65987008500008],[120.972669818000099,14.659870105000095],[120.972634930000027,14.660385025999972],[120.972876908000103,14.660399406000124],[120.973129481000342,14.660412789000077],[120.973583661000134,14.660443299000121],[120.973567359000185,14.660674731000086],[120.973539709000192,14.660927457000184],[120.973520228000098,14.661196375000088],[120.973513684000068,14.661289068000031],[120.97350051,14.66141110000018],[120.973482457000046,14.661545498000066],[120.973468059000083,14.661650807000171],[120.973453744000039,14.661787815000139],[120.97344261,14.661880586999985],[120.973438767000175,14.661923152000043],[120.973347204000106,14.661924833000114],[120.973278838000169,14.661924812000052],[120.973172445000159,14.66192294800004],[120.973111894000226,14.661952180000185],[120.973054957000045,14.661994784000115],[120.973034018000021,14.662033141],[120.973024024000097,14.662063769000042],[120.973008105000076,14.662096270000177]]]}},{"type":"Feature","properties":{"adm4_name":"Barangay 3","adm4_name1":null,"adm4_name2":null,"adm4_name3":null,"adm4_pcode":"PH1307501003","adm3_name":"Caloocan City","adm3_name1":null,"adm3_name2":null,"adm3_name3":null,"adm3_pcode":"PH1307501","adm2_name":"Metropolitan Manila Third District","adm2_name1":null,"adm2_name2":null,"adm2_name3":null,"adm2_pcode":"PH13075","adm1_name":"National Capital Region (NCR)","adm1_name1":null,"adm1_name2":null,"adm1_name3":null,"adm1_pcode":"PH13","adm0_name":"Philippines","adm0_name1":null,"adm0_name2":null,"adm0_name3":null,"adm0_pcode":"PH","valid_on":"2025-02-13","valid_to":null,"area_sqkm":0.04029517,"version":"v03","lang":"en","lang1":null,"lang2":null,"lang3":null,"adm4_ref_name":"Barangay 3","center_lat":14.65865795,"center_lon":120.97195069},"geometry":{"type":"Polygon","coordinates":[[[120.972714126000028,14.659407230000113],[120.972669818000099,14.659870105000095],[120.972441898000056,14.65987008500008],[120.972165726000071,14.659849457000178],[120.971917793000102,14.659828720000121],[120.971339555000213,14.659781381000073],[120.970732203000011,14.659730051000054],[120.970806339000319,14.659549136000123],[120.970921203000103,14.659283323000068],[120.971052052000118,14.658915846000127],[120.971110722000049,14.658739363000166],[120.971200778000025,14.658453394000048],[120.971341343000176,14.657944323000095],[120.971684944000117,14.657867334000059],[120.972215974000164,14.657724094000116],[120.972696162000148,14.65760481000018],[120.972741046000124,14.657594018000168],[120.972775132000038,14.657589873000063],[120.972753344000012,14.657911723000097],[120.972728193000194,14.658178361000125],[120.972701912000048,14.658476126000153],[120.972785248000037,14.658471070000076],[120.972769854000035,14.658576532000097],[120.972757732000218,14.65878083400014],[120.972728469000231,14.659108543000173],[120.972714126000028,14.659407230000113]]]}},{"type":"Feature","properties":{"adm4_name":"Barangay 4","adm4_name1":null,"adm4_name2":null,"adm4_name3":null,"adm4_pcode":"PH1307501004","adm3_name":"Caloocan City","adm3_name1":null,"adm3_name2":null,"adm3_name3":null,"adm3_pcode":"PH1307501","adm2_name":"Metropolitan Manila Third District","adm2_name1":null,"adm2_name2":null,"adm2_name3":null,"adm2_pcode":"PH13075","adm1_name":"National Capital Region (NCR)","adm1_name1":null,"adm1_name2":null,"adm1_name3":null,"adm1_pcode":"PH13","adm0_name":"Philippines","adm0_name1":null,"adm0_name2":null,"adm0_name3":null,"adm0_pcode":"PH","valid_on":"2025-02-13","valid_to":null,"area_sqkm":0.06579044,"version":"v03","lang":"en","lang1":null,"lang2":null,"lang3":null,"adm4_ref_name":"Barangay 4","center_lat":14.65909958,"center_lon":120.96940642},"geometry":{"type":"Polygon","coordinates":[[[120.970482813000217,14.660402939000164],[120.970404935000147,14.660586521000027],[120.970340564000026,14.660573169000031],[120.970216623000056,14.660525301000121],[120.970095932000049,14.660465456000054],[120.969969363000018,14.660399669000071],[120.969890454000165,14.660363342000153],[120.969847888000118,14.660340728000051],[120.969821511000191,14.660306342000069],[120.969804252000131,14.660246458000074],[120.969790033000095,14.660160944000097],[120.969783936000226,14.660092200000122],[120.969782920000284,14.660053899000047],[120.969768696000187,14.660023430000081],[120.969731132000106,14.660005751000142],[120.9696783400002,14.659992983000166],[120.969568574000164,14.659985127000027],[120.96946795700012,14.659971168000027],[120.969391814000119,14.659955454000169],[120.969330899000283,14.659928934999982],[120.969278107000036,14.659901434000119],[120.969233443,14.659878851000144],[120.969214237000074,14.659850446000178],[120.96920827100007,14.65980935000016],[120.969205362000139,14.659765546000074],[120.969196656000122,14.659713698000019],[120.969180504000178,14.659688274000075],[120.969139032000157,14.659675570000104],[120.968976346000204,14.659712547000026],[120.968931898000051,14.65970706100012],[120.968882707000148,14.659721948000026],[120.96880064000004,14.659721458000149],[120.968741966000152,14.659708807000072],[120.968702532000066,14.659691222000163],[120.968674201000113,14.659667729000034],[120.968629126000224,14.659631265000087],[120.968577619000143,14.659586788000013],[120.968522937000216,14.659552038000186],[120.968442114000027,14.659493902000179],[120.968343697000137,14.659524423000107],[120.968274019000091,14.659557725000184],[120.968223550000062,14.659570449000171],[120.968161979000229,14.659576320000042],[120.968090114,14.659577299000034],[120.96799218600006,14.659575342000153],[120.967819768000027,14.65955478900014],[120.967738964000091,14.659549893000076],[120.967651813000089,14.65954388],[120.967613491000293,14.65953800200009],[120.967557263000117,14.65953040100004],[120.96751415000017,14.659539141000096],[120.967493069000056,14.659575880000034],[120.967455593000068,14.65965534500009],[120.967401418000236,14.659768729000064],[120.967349828000238,14.659806872000104],[120.967309604000093,14.659829148000028],[120.967253949000224,14.659847692000142],[120.967212416000052,14.659855482000069],[120.967178536000119,14.659875161000173],[120.967140733000065,14.659922385000186],[120.967087118000222,14.660015303000023],[120.967081126000039,14.660020154000165],[120.967072708000046,14.659939491000159],[120.96707204900008,14.659887086000026],[120.967102991000161,14.659849706000102],[120.96715851600004,14.65980243600012],[120.967205967000154,14.65978837800003],[120.967259119000119,14.659776723],[120.967290076000268,14.659766412000124],[120.967314236000107,14.659754258000191],[120.967337405000194,14.659737454000037],[120.967356669000196,14.659709481000164],[120.967425968000157,14.659536449000029],[120.967358573000183,14.659438167000076],[120.96746522900014,14.659386524000126],[120.967516203000059,14.659346167000081],[120.967861127000219,14.659298987999989],[120.967771978000201,14.658789897000077],[120.967725490000021,14.658533070000033],[120.967731782000214,14.658532119000085],[120.967791455000111,14.658522500000061],[120.968609750000041,14.658390587999975],[120.969722308000087,14.658199608000189],[120.970516461000102,14.658067263000135],[120.97060816200019,14.658053813000095],[120.971341343000176,14.657944323000095],[120.971200778000025,14.658453394000048],[120.971110722000049,14.658739363000166],[120.971052052000118,14.658915846000127],[120.970921203000103,14.659283323000068],[120.970806339000319,14.659549136000123],[120.970732203000011,14.659730051000054],[120.970651660000044,14.659966110000141],[120.970524331000092,14.660296665000033],[120.970523014000037,14.660297649000142],[120.970482813000217,14.660402939000164]]]}},{"type":"Feature","properties":{"adm4_name":"Barangay 5","adm4_name1":null,"adm4_name2":null,"adm4_name3":null,"adm4_pcode":"PH1307501005","adm3_name":"Caloocan City","adm3_name1":null,"adm3_name2":null,"adm3_name3":null,"adm3_pcode":"PH1307501","adm2_name":"Metropolitan Manila Third District","adm2_name1":null,"adm2_name2":null,"adm2_name3":null,"adm2_pcode":"PH13075","adm1_name":"National Capital Region (NCR)","adm1_name1":null,"adm1_name2":null,"adm1_name3":null,"adm1_pcode":"PH13","adm0_name":"Philippines","adm0_name1":null,"adm0_name2":null,"adm0_name3":null,"adm0_pcode":"PH","valid_on":"2025-02-13","valid_to":null,"area_sqkm":0.06633771,"version":"v03","lang":"en","lang1":null,"lang2":null,"lang3":null,"adm4_ref_name":"Barangay 5","center_lat":14.6565026,"center_lon":120.97280882},"geometry":{"type":"Polygon","coordinates":[[[120.971684944000117,14.657867334000059],[120.971341343000176,14.657944323000095],[120.971365241000058,14.657825997000089],[120.971400665000147,14.657677452000144],[120.971499670000071,14.657201255000075],[120.971539956000015,14.656989875000022],[120.971609234000084,14.656601310000099],[120.971645730000091,14.65640388200012],[120.971690314000057,14.656152681000037],[120.971725230000061,14.655904201000055],[120.971786489000237,14.65554430200001],[120.97182582500011,14.655307165000067],[120.971847947000015,14.655186368000102],[120.972286878000205,14.655233876000125],[120.972515790000102,14.655258495999988],[120.972877852000011,14.655299435000131],[120.974147321000032,14.655455364000147],[120.973840020000239,14.657502985000178],[120.973676322000074,14.657510032000118],[120.973357431000068,14.657532016000175],[120.973225311000078,14.657541843000047],[120.973114996000163,14.657549140000185],[120.972775132000038,14.657589873000063],[120.972741046000124,14.657594018000168],[120.972696162000148,14.65760481000018],[120.972215974000164,14.657724094000116],[120.971684944000117,14.657867334000059]]]}},{"type":"Feature","properties":{"adm4_name":"Barangay 6","adm4_name1":null,"adm4_name2":null,"adm4_name3":null,"adm4_pcode":"PH1307501006","adm3_name":"Caloocan City","adm3_name1":null,"adm3_name2":null,"adm3_name3":null,"adm3_pcode":"PH1307501","adm2_name":"Metropolitan Manila Third District","adm2_name1":null,"adm2_name2":null,"adm2_name3":null,"adm2_pcode":"PH13075","adm1_name":"National Capital Region (NCR)","adm1_name1":null,"adm1_name2":null,"adm1_name3":null,"adm1_pcode":"PH13","adm0_name":"Philippines","adm0_name1":null,"adm0_name2":null,"adm0_name3":null,"adm0_pcode":"PH","valid_on":"2025-02-13","valid_to":null,"area_sqkm":0.02761165,"version":"v03","lang":"en","lang1":null,"lang2":null,"lang3":null,"adm4_ref_name":"Barangay 6","center_lat":14.65733721,"center_lon":120.97051837},"geometry":{"type":"Polygon","coordinates":[[[120.970516461000102,14.658067263000135],[120.969722308000087,14.658199608000189],[120.969681829000024,14.657971135000025],[120.96964614500007,14.657786016000045],[120.969591328000092,14.657473164000123],[120.969531118000077,14.657158236000157],[120.969487737000122,14.656985035000162],[120.969474837000121,14.656914952000136],[120.970805199000097,14.657052248000127],[120.970909846000268,14.656462581000085],[120.971609234000084,14.656601310000099],[120.971539956000015,14.656989875000022],[120.971499670000071,14.657201255000075],[120.971400665000147,14.657677452000144],[120.971365241000058,14.657825997000089],[120.971341343000176,14.657944323000095],[120.97060816200019,14.658053813000095],[120.970516461000102,14.658067263000135]]]}},{"type":"Feature","properties":{"adm4_name":"Barangay 7","adm4_name1":null,"adm4_name2":null,"adm4_name3":null,"adm4_pcode":"PH1307501007","adm3_name":"Caloocan City","adm3_name1":null,"adm3_name2":null,"adm3_name3":null,"adm3_pcode":"PH1307501","adm2_name":"Metropolitan Manila Third District","adm2_name1":null,"adm2_name2":null,"adm2_name3":null,"adm2_pcode":"PH13075","adm1_name":"National Capital Region (NCR)","adm1_name1":null,"adm1_name2":null,"adm1_name3":null,"adm1_pcode":"PH13","adm0_name":"Philippines","adm0_name1":null,"adm0_name2":null,"adm0_name3":null,"adm0_pcode":"PH","valid_on":"2025-02-13","valid_to":null,"area_sqkm":0.04975331,"version":"v03","lang":"en","lang1":null,"lang2":null,"lang3":null,"adm4_ref_name":"Barangay 7","center_lat":14.65594173,"center_lon":120.97050478},"geometry":{"type":"Polygon","coordinates":[[[120.970909846000268,14.656462581000085],[120.970805199000097,14.657052248000127],[120.969474837000121,14.656914952000136],[120.969430445000171,14.656721225000183],[120.96941761800008,14.656647664000047],[120.969399334000173,14.656547561000025],[120.969364922000182,14.656359068000143],[120.969352851000167,14.656285556000057],[120.969333822000067,14.656167815],[120.969313530000022,14.656062204000079],[120.969312432000265,14.656056621000062],[120.969292203000123,14.655961082000033],[120.96928699700004,14.655922381000153],[120.969287043,14.655881194000187],[120.969289033000223,14.655857936000075],[120.969305927000164,14.655722404000016],[120.969321600000171,14.655576143000076],[120.969345607000037,14.655417163000095],[120.96934683500001,14.655385857000169],[120.96935207200022,14.655300094000097],[120.969356136000329,14.655244439000171],[120.969371030000161,14.655183662000013],[120.969405515000062,14.655090108000138],[120.969431365000105,14.655023133000157],[120.96943916500004,14.655000835000124],[120.969465662000175,14.654925424000169],[120.970560655000099,14.655099933000145],[120.970713615000136,14.654847342000096],[120.971124440000267,14.655061217000139],[120.971209602000044,14.655106481000132],[120.971412654000119,14.65521138400004],[120.97145217800005,14.655278441000178],[120.97182582500011,14.655307165000067],[120.971786489000237,14.65554430200001],[120.971725230000061,14.655904201000055],[120.971690314000057,14.656152681000037],[120.971645730000091,14.65640388200012],[120.971609234000084,14.656601310000099],[120.970909846000268,14.656462581000085]]]}},{"type":"Feature","properties":{"adm4_name":"Barangay 8","adm4_name1":null,"adm4_name2":null,"adm4_name3":null,"adm4_pcode":"PH1307501008","adm3_name":"Caloocan City","adm3_name1":null,"adm3_name2":null,"adm3_name3":null,"adm3_pcode":"PH1307501","adm2_name":"Metropolitan Manila Third District","adm2_name1":null,"adm2_name2":null,"adm2_name3":null,"adm2_pcode":"PH13075","adm1_name":"National Capital Region (NCR)","adm1_name1":null,"adm1_name2":null,"adm1_name3":null,"adm1_pcode":"PH13","adm0_name":"Philippines","adm0_name1":null,"adm0_name2":null,"adm0_name3":null,"adm0_pcode":"PH","valid_on":"2025-02-13","valid_to":null,"area_sqkm":0.3082449,"version":"v03","lang":"en","lang1":null,"lang2":null,"lang3":null,"adm4_ref_name":"Barangay 8","center_lat":14.65707164,"center_lon":120.96568883},"geometry":{"type":"Polygon","coordinates":[[[120.962126319000163,14.659407835000025],[120.961828691000051,14.659452434000116],[120.96176799400007,14.659152957000117],[120.961721596000189,14.658924812000123],[120.961684171000115,14.658758439000167],[120.961672010000143,14.658653982000089],[120.961654344000067,14.658502237000107],[120.961639543000047,14.658198939000044],[120.961662120000028,14.657877221000035],[120.961702327000012,14.65758969500007],[120.961810036000202,14.657210374000044],[120.961918024000056,14.656952908000051],[120.96196801900021,14.656801496000128],[120.962046388000203,14.656607866000115],[120.962183649000053,14.656361261000029],[120.962319490000027,14.656138071000044],[120.962409303000072,14.65602922700009],[120.962720466000178,14.655652128999975],[120.962740102000225,14.655629626000177],[120.962929376000034,14.655412715000068],[120.963132226000198,14.655202089000056],[120.963171112000168,14.655161712000165],[120.963575478000052,14.654711323000129],[120.963921709000033,14.654940695999983],[120.964080030000105,14.655089501000134],[120.964113675000135,14.655122308000102],[120.964204637000194,14.655198577000135],[120.964253794000228,14.655243795000104],[120.964289630000167,14.655269675000113],[120.964321396000173,14.655287878000138],[120.964382064,14.655318804000046],[120.964582270000051,14.655385650000028],[120.964807657000165,14.655442221000044],[120.964870483000027,14.655452722000121],[120.965201984000032,14.655514074],[120.965520962000255,14.655578675000129],[120.965888645000064,14.655641195000157],[120.966193629000031,14.655707724000081],[120.966367917000071,14.655745688000025],[120.966534596000088,14.655777652000154],[120.966629291000231,14.655795207000097],[120.96679916700009,14.655825796000045],[120.967016195000042,14.655864369000142],[120.967312046000302,14.655915290000166],[120.967353880000019,14.655683356000168],[120.967389412000102,14.655487941000104],[120.967420668000045,14.655298246000086],[120.967465947000164,14.655063279000103],[120.967523688000028,14.654769119000093],[120.967544831000168,14.654638451000153],[120.967651728000192,14.654649665000022],[120.967644326000141,14.654683047000105],[120.967741240000123,14.654698968000105],[120.967668991000096,14.654955079000047],[120.967708419000019,14.654969409000159],[120.967675132000181,14.655109614000139],[120.967717759000038,14.655122627000026],[120.967765496000197,14.655138280000187],[120.967813085000103,14.655152644000111],[120.967870813000104,14.6551705870001],[120.967941117,14.655203510000092],[120.968019981000225,14.655235984000115],[120.968085620000011,14.655266895000068],[120.968141005000234,14.65529834400013],[120.968200264000075,14.655331006000154],[120.968265999000096,14.65537526900016],[120.968312797000067,14.655406409000079],[120.968362206000165,14.655434456000023],[120.968433843000184,14.655463960000134],[120.968484860000217,14.655480743],[120.968538671000147,14.655485767000073],[120.968595325000024,14.655482935],[120.968655034000221,14.655485329000044],[120.968710338000051,14.65549037],[120.968842022000103,14.655511112000113],[120.969321600000171,14.655576143000076],[120.969305927000164,14.655722404000016],[120.969289033000223,14.655857936000075],[120.969287043,14.655881194000187],[120.96928699700004,14.655922381000153],[120.969292203000123,14.655961082000033],[120.969312432000265,14.656056621000062],[120.969313530000022,14.656062204000079],[120.969333822000067,14.656167815],[120.969352851000167,14.656285556000057],[120.969364922000182,14.656359068000143],[120.969399334000173,14.656547561000025],[120.96941761800008,14.656647664000047],[120.969430445000171,14.656721225000183],[120.969474837000121,14.656914952000136],[120.969487737000122,14.656985035000162],[120.969531118000077,14.657158236000157],[120.969591328000092,14.657473164000123],[120.96964614500007,14.657786016000045],[120.969681829000024,14.657971135000025],[120.969722308000087,14.658199608000189],[120.968609750000041,14.658390587999975],[120.967791455000111,14.658522500000061],[120.967731782000214,14.658532119000085],[120.967725490000021,14.658533070000033],[120.966855021000242,14.658680827000126],[120.966233594000073,14.658763367],[120.965927882000187,14.658827681],[120.964651696000146,14.659019905000093],[120.963754872000322,14.659156740000128],[120.963622357000077,14.659177083000145],[120.962182608000262,14.659399767000082],[120.962126319000163,14.659407835000025]]]}},{"type":"Feature","properties":{"adm4_name":"Barangay 9","adm4_name1":null,"adm4_name2":null,"adm4_name3":null,"adm4_pcode":"PH1307501009","adm3_name":"Caloocan City","adm3_name1":null,"adm3_name2":null,"adm3_name3":null,"adm3_pcode":"PH1307501","adm2_name":"Metropolitan Manila Third District","adm2_name1":null,"adm2_name2":null,"adm2_name3":null,"adm2_pcode":"PH13075","adm1_name":"National Capital Region (NCR)","adm1_name1":null,"adm1_name2":null,"adm1_name3":null,"adm1_pcode":"PH13","adm0_name":"Philippines","adm0_name1":null,"adm0_name2":null,"adm0_name3":null,"adm0_pcode":"PH","valid_on":"2025-02-13","valid_to":null,"area_sqkm":0.09378538,"version":"v03","lang":"en","lang1":null,"lang2":null,"lang3":null,"adm4_ref_name":"Barangay 9","center_lat":14.65324059,"center_lon":120.97385294},"geometry":{"type":"Polygon","coordinates":[[[120.974329642000043,14.654530412000156],[120.974147321000032,14.655455364000147],[120.972877852000011,14.655299435000131],[120.972515790000102,14.655258495999988],[120.972286878000205,14.655233876000125],[120.971847947000015,14.655186368000102],[120.971875966000084,14.654973318000032],[120.971947754000212,14.654297900000131],[120.971966626000153,14.654134570999986],[120.972009956000193,14.653755631000081],[120.972024767000107,14.653545620000045],[120.972039184000096,14.653308334000144],[120.972455360000254,14.653301020000072],[120.972637549000183,14.65328492600014],[120.972807187000171,14.65326690500018],[120.973017679,14.653247363000162],[120.973221796000075,14.653233810000188],[120.973255948000087,14.65301892400015],[120.973298187000069,14.652793869000106],[120.973381051000047,14.652399654000078],[120.973607718000039,14.651013816000159],[120.973891384000012,14.651078127000062],[120.974132412000131,14.651130415000125],[120.974377461000017,14.651188077000086],[120.974739873000203,14.651270368999974],[120.974958400000105,14.651329031000046],[120.974624178000113,14.653049331000091],[120.974329642000043,14.654530412000156]]]}},{"type":"Feature","properties":{"adm4_name":"Barangay 10","adm4_name1":null,"adm4_name2":null,"adm4_name3":null,"adm4_pcode":"PH1307501010","adm3_name":"Caloocan City","adm3_name1":null,"adm3_name2":null,"adm3_name3":null,"adm3_pcode":"PH1307501","adm2_name":"Metropolitan Manila Third District","adm2_name1":null,"adm2_name2":null,"adm2_name3":null,"adm2_pcode":"PH13075","adm1_name":"National Capital Region (NCR)","adm1_name1":null,"adm1_name2":null,"adm1_name3":null,"adm1_pcode":"PH13","adm0_name":"Philippines","adm0_name1":null,"adm0_name2":null,"adm0_name3":null,"adm0_pcode":"PH","valid_on":"2025-02-13","valid_to":null,"area_sqkm":0.02163054,"version":"v03","lang":"en","lang1":null,"lang2":null,"lang3":null,"adm4_ref_name":"Barangay 10","center_lat":14.65438947,"center_lon":120.97136837},"geometry":{"type":"Polygon","coordinates":[[[120.971847947000015,14.655186368000102],[120.97182582500011,14.655307165000067],[120.97145217800005,14.655278441000178],[120.971412654000119,14.65521138400004],[120.971209602000044,14.655106481000132],[120.971124440000267,14.655061217000139],[120.970713615000136,14.654847342000096],[120.970567047000031,14.654761618000123],[120.970743673000129,14.654481046000171],[120.970909984000286,14.654204413000116],[120.97095637800021,14.654119757000046],[120.971072776000256,14.65391003700006],[120.971204407000073,14.653684273000067],[120.971261815000048,14.653627783],[120.971531359000096,14.653392100000133],[120.971652426000105,14.653290493000156],[120.972039184000096,14.653308334000144],[120.972024767000107,14.653545620000045],[120.972009956000193,14.653755631000081],[120.971966626000153,14.654134570999986],[120.971947754000212,14.654297900000131],[120.971875966000084,14.654973318000032],[120.971847947000015,14.655186368000102]]]}},{"type":"Feature","properties":{"adm4_name":"Barangay 11","adm4_name1":null,"adm4_name2":null,"adm4_name3":null,"adm4_pcode":"PH1307501011","adm3_name":"Caloocan City","adm3_name1":null,"adm3_name2":null,"adm3_name3":null,"adm3_pcode":"PH1307501","adm2_name":"Metropolitan Manila Third District","adm2_name1":null,"adm2_name2":null,"adm2_name3":null,"adm2_pcode":"PH13075","adm1_name":"National Capital Region (NCR)","adm1_name1":null,"adm1_name2":null,"adm1_name3":null,"adm1_pcode":"PH13","adm0_name":"Philippines","adm0_name1":null,"adm0_name2":null,"adm0_name3":null,"adm0_pcode":"PH","valid_on":"2025-02-13","valid_to":null,"area_sqkm":0.03258719,"version":"v03","lang":"en","lang1":null,"lang2":null,"lang3":null,"adm4_ref_name":"Barangay 11","center_lat":14.65373932,"center_lon":120.97066576},"geometry":{"type":"Polygon","coordinates":[[[120.970713615000136,14.654847342000096],[120.970560655000099,14.655099933000145],[120.969465662000175,14.654925424000169],[120.969471962000171,14.654907678000143],[120.969532789000141,14.654759435000187],[120.96957900200016,14.654659434],[120.969623384000101,14.654565392000052],[120.96965623500023,14.654498514000181],[120.969686442000125,14.654451143000074],[120.969729463000021,14.654379687000016],[120.96978754700001,14.654298404000144],[120.96996454400005,14.65405005700012],[120.970127982000236,14.653794376],[120.970302268000069,14.653487096000163],[120.970330000000104,14.65344],[120.97039559600023,14.653056148000019],[120.970637501000056,14.652413247000027],[120.971230157000036,14.652624835000154],[120.97133461500016,14.652660083000058],[120.971419400000173,14.652688605000094],[120.97149206600011,14.652710361000118],[120.971555056000057,14.65272751700013],[120.971647040000335,14.652750049000019],[120.971719787000097,14.652763986000025],[120.971675839000113,14.653093280000121],[120.971652426000105,14.653290493000156],[120.971531359000096,14.653392100000133],[120.971261815000048,14.653627783],[120.971204407000073,14.653684273000067],[120.971072776000256,14.65391003700006],[120.97095637800021,14.654119757000046],[120.970909984000286,14.654204413000116],[120.970743673000129,14.654481046000171],[120.970567047000031,14.654761618000123],[120.970713615000136,14.654847342000096]]]}},{"type":"Feature","properties":{"adm4_name":"Barangay 12","adm4_name1":null,"adm4_name2":null,"adm4_name3":null,"adm4_pcode":"PH1307501012","adm3_name":"Caloocan City","adm3_name1":null,"adm3_name2":null,"adm3_name3":null,"adm3_pcode":"PH1307501","adm2_name":"Metropolitan Manila Third District","adm2_name1":null,"adm2_name2":null,"adm2_name3":null,"adm2_pcode":"PH13075","adm1_name":"National Capital Region (NCR)","adm1_name1":null,"adm1_name2":null,"adm1_name3":null,"adm1_pcode":"PH13","adm0_name":"Philippines","adm0_name1":null,"adm0_name2":null,"adm0_name3":null,"adm0_pcode":"PH","valid_on":"2025-02-13","valid_to":null,"area_sqkm":0.29944278,"version":"v03","lang":"en","lang1":null,"lang2":null,"lang3":null,"adm4_ref_name":"Barangay 12","center_lat":14.65331683,"center_lon":120.96634981},"geometry":{"type":"Polygon","coordinates":[[[120.967353880000019,14.655683356000168],[120.967312046000302,14.655915290000166],[120.967016195000042,14.655864369000142],[120.96679916700009,14.655825796000045],[120.966629291000231,14.655795207000097],[120.966534596000088,14.655777652000154],[120.966367917000071,14.655745688000025],[120.966193629000031,14.655707724000081],[120.965888645000064,14.655641195000157],[120.965520962000255,14.655578675000129],[120.965201984000032,14.655514074],[120.964870483000027,14.655452722000121],[120.964807657000165,14.655442221000044],[120.964582270000051,14.655385650000028],[120.964382064,14.655318804000046],[120.964321396000173,14.655287878000138],[120.964289630000167,14.655269675000113],[120.964253794000228,14.655243795000104],[120.964204637000194,14.655198577000135],[120.964113675000135,14.655122308000102],[120.964080030000105,14.655089501000134],[120.963921709000033,14.654940695999983],[120.963575478000052,14.654711323000129],[120.96302051000032,14.654212514000164],[120.962827104000098,14.654044410000097],[120.962187080000149,14.653488226000093],[120.962464639000245,14.653193658000077],[120.962596722000058,14.653053482000189],[120.962723107000102,14.652929148],[120.963052083000207,14.652570217000061],[120.963238250000018,14.652372642000159],[120.963948057000039,14.651619337999989],[120.964399997000328,14.651139705],[120.964862754000023,14.650648591000049],[120.965482974000111,14.651206454000146],[120.965831441000091,14.651505302000146],[120.966236962000039,14.651860074000012],[120.966555623000204,14.652130371999988],[120.966742072000216,14.652295020000111],[120.966932085000053,14.652468057000135],[120.967132751000122,14.652652354000054],[120.967321070000025,14.652815379000117],[120.967466386000069,14.652943635000042],[120.96749182900021,14.652964043000168],[120.967516518000025,14.65297810900006],[120.967552793000095,14.652987950000067],[120.967589054000314,14.652990761000069],[120.967593555000235,14.652992613000038],[120.967812631000243,14.652747838000096],[120.96819561600023,14.652321973000141],[120.968367552000245,14.652132795000114],[120.968632548000187,14.651792256000078],[120.968922850000013,14.651875822000079],[120.969462355000019,14.652005936000023],[120.969595470000058,14.652010677000135],[120.969633166000335,14.651916267000161],[120.969840382000029,14.651962987000104],[120.970219939000117,14.652046110000128],[120.97072920200003,14.652168161000191],[120.970637501000056,14.652413247000027],[120.97039559600023,14.653056148000019],[120.970330000000104,14.65344],[120.970302268000069,14.653487096000163],[120.970127982000236,14.653794376],[120.96996454400005,14.65405005700012],[120.96978754700001,14.654298404000144],[120.969729463000021,14.654379687000016],[120.969686442000125,14.654451143000074],[120.96965623500023,14.654498514000181],[120.969623384000101,14.654565392000052],[120.96957900200016,14.654659434],[120.969532789000141,14.654759435000187],[120.969471962000171,14.654907678000143],[120.969465662000175,14.654925424000169],[120.96943916500004,14.655000835000124],[120.969431365000105,14.655023133000157],[120.969405515000062,14.655090108000138],[120.969371030000161,14.655183662000013],[120.969356136000329,14.655244439000171],[120.96935207200022,14.655300094000097],[120.96934683500001,14.655385857000169],[120.969345607000037,14.655417163000095],[120.969321600000171,14.655576143000076],[120.968842022000103,14.655511112000113],[120.968710338000051,14.65549037],[120.968655034000221,14.655485329000044],[120.968595325000024,14.655482935],[120.968538671000147,14.655485767000073],[120.968484860000217,14.655480743],[120.968433843000184,14.655463960000134],[120.968362206000165,14.655434456000023],[120.968312797000067,14.655406409000079],[120.968265999000096,14.65537526900016],[120.968200264000075,14.655331006000154],[120.968141005000234,14.65529834400013],[120.968085620000011,14.655266895000068],[120.968019981000225,14.655235984000115],[120.967941117,14.655203510000092],[120.967870813000104,14.6551705870001],[120.967813085000103,14.655152644000111],[120.967765496000197,14.655138280000187],[120.967717759000038,14.655122627000026],[120.967675132000181,14.655109614000139],[120.967708419000019,14.654969409000159],[120.967668991000096,14.654955079000047],[120.967741240000123,14.654698968000105],[120.967644326000141,14.654683047000105],[120.967651728000192,14.654649665000022],[120.967544831000168,14.654638451000153],[120.967523688000028,14.654769119000093],[120.967465947000164,14.655063279000103],[120.967420668000045,14.655298246000086],[120.967389412000102,14.655487941000104],[120.967353880000019,14.655683356000168]]]}},{"type":"Feature","properties":{"adm4_name":"Barangay 13","adm4_name1":null,"adm4_name2":null,"adm4_name3":null,"adm4_pcode":"PH1307501013","adm3_name":"Caloocan City","adm3_name1":null,"adm3_name2":null,"adm3_name3":null,"adm3_pcode":"PH1307501","adm2_name":"Metropolitan Manila Third District","adm2_name1":null,"adm2_name2":null,"adm2_name3":null,"adm2_pcode":"PH13075","adm1_name":"National Capital Region (NCR)","adm1_name1":null,"adm1_name2":null,"adm1_name3":null,"adm1_pcode":"PH13","adm0_name":"Philippines","adm0_name1":null,"adm0_name2":null,"adm0_name3":null,"adm0_pcode":"PH","valid_on":"2025-02-13","valid_to":null,"area_sqkm":0.0502522,"version":"v03","lang":"en","lang1":null,"lang2":null,"lang3":null,"adm4_ref_name":"Barangay 13","center_lat":14.65195514,"center_lon":120.97234643},"geometry":{"type":"Polygon","coordinates":[[[120.972455360000254,14.653301020000072],[120.972039184000096,14.653308334000144],[120.971652426000105,14.653290493000156],[120.971675839000113,14.653093280000121],[120.971719787000097,14.652763986000025],[120.971647040000335,14.652750049000019],[120.971555056000057,14.65272751700013],[120.97149206600011,14.652710361000118],[120.971419400000173,14.652688605000094],[120.97133461500016,14.652660083000058],[120.971230157000036,14.652624835000154],[120.970637501000056,14.652413247000027],[120.97072920200003,14.652168161000191],[120.97074800900009,14.652111821000176],[120.971129770000175,14.652243487000021],[120.971181773000126,14.652113604000021],[120.971295773000179,14.651798458000087],[120.97141043900001,14.651485423],[120.971491908000075,14.651547456000117],[120.971531399000128,14.651568982000072],[120.971566038000219,14.651578441000083],[120.971613136000201,14.651583351000113],[120.971896952000066,14.651612954000029],[120.971961313000179,14.651651185000048],[120.972031747000074,14.651679546000025],[120.972360796000089,14.651773020000121],[120.972385669000118,14.651677652000046],[120.972503515000085,14.651172381000038],[120.972575204,14.650836900000115],[120.9729110640003,14.650853028000029],[120.973205357000097,14.650922633000164],[120.973607718000039,14.651013816000159],[120.973381051000047,14.652399654000078],[120.973298187000069,14.652793869000106],[120.973255948000087,14.65301892400015],[120.973221796000075,14.653233810000188],[120.973017679,14.653247363000162],[120.972807187000171,14.65326690500018],[120.972637549000183,14.65328492600014],[120.972455360000254,14.653301020000072]]]}},{"type":"Feature","properties":{"adm4_name":"Barangay 14","adm4_name1":null,"adm4_name2":null,"adm4_name3":null,"adm4_pcode":"PH1307501014","adm3_name":"Caloocan City","adm3_name1":null,"adm3_name2":null,"adm3_name3":null,"adm3_pcode":"PH1307501","adm2_name":"Metropolitan Manila Third District","adm2_name1":null,"adm2_name2":null,"adm2_name3":null,"adm2_pcode":"PH13075","adm1_name":"National Capital Region (NCR)","adm1_name1":null,"adm1_name2":null,"adm1_name3":null,"adm1_pcode":"PH13","adm0_name":"Philippines","adm0_name1":null,"adm0_name2":null,"adm0_name3":null,"adm0_pcode":"PH","valid_on":"2025-02-13","valid_to":null,"area_sqkm":0.41680267,"version":"v03","lang":"en","lang1":null,"lang2":null,"lang3":null,"adm4_ref_name":"Barangay 14","center_lat":14.64887768,"center_lon":120.96546845},"geometry":{"type":"Polygon","coordinates":[[[120.967812631000243,14.652747838000096],[120.967593555000235,14.652992613000038],[120.967589054000314,14.652990761000069],[120.967552793000095,14.652987950000067],[120.967516518000025,14.65297810900006],[120.96749182900021,14.652964043000168],[120.967466386000069,14.652943635000042],[120.967321070000025,14.652815379000117],[120.967132751000122,14.652652354000054],[120.966932085000053,14.652468057000135],[120.966742072000216,14.652295020000111],[120.966555623000204,14.652130371999988],[120.966236962000039,14.651860074000012],[120.965831441000091,14.651505302000146],[120.965482974000111,14.651206454000146],[120.964862754000023,14.650648591000049],[120.964727297000081,14.650530573000083],[120.964631978000057,14.65044752600005],[120.964429835000146,14.650265313000148],[120.96422117800023,14.650084519000131],[120.964014268000142,14.649902244000032],[120.963832588000059,14.649742197000023],[120.963569167000173,14.649517943000149],[120.963343928000086,14.649315968],[120.963312487000053,14.649290251000139],[120.963105053000163,14.649120585000105],[120.963021034,14.649040504000141],[120.962901078000073,14.648934343000178],[120.962658072000181,14.64871872100008],[120.962479562000112,14.648558448000074],[120.962282135000237,14.648385599000051],[120.9620587940002,14.648187777000032],[120.962240725000015,14.647993795000161],[120.962509898,14.647700807000035],[120.962960426000109,14.647215517000063],[120.963142460000086,14.647026373000017],[120.963154679000013,14.647012592000067],[120.963535184000079,14.646597991000135],[120.963763946000199,14.646345454000084],[120.963443741000106,14.646076590000064],[120.962916384000096,14.645597267000085],[120.962259626000105,14.645016088000034],[120.962415653000107,14.644711050000012],[120.962435216000017,14.644721483000126],[120.962497527000096,14.644750937000026],[120.9626580380002,14.644816998000124],[120.962803700000109,14.644871763000083],[120.962927921000073,14.644918921999988],[120.96320392500013,14.645015526000179],[120.963350090000063,14.645055569000021],[120.963528075000113,14.645101658000044],[120.963747639000189,14.645147124000061],[120.963851355000088,14.645168745000149],[120.964107672000068,14.645189303999985],[120.964336980000212,14.645200288000183],[120.964737692000085,14.64519274200012],[120.965426140000091,14.645173342000078],[120.966492566000056,14.645129831000133],[120.967447553000056,14.645091955],[120.967824803000212,14.645072691000053],[120.967945140000097,14.646273909000115],[120.967951352000114,14.646334261000163],[120.968019734000109,14.646930788000191],[120.968065130000127,14.647328622000089],[120.968114454000101,14.647716665000132],[120.968137785000181,14.647895802000107],[120.968143027000224,14.648004002],[120.968150388000026,14.648164367000049],[120.968147291000037,14.648465004000116],[120.968143995000105,14.648506274000169],[120.968129950000161,14.648659866000116],[120.968109871000024,14.648821021],[120.96807134800008,14.649035341000172],[120.968053301000054,14.649105389999988],[120.968010167000102,14.649287937000111],[120.967968344000042,14.649418438000168],[120.967921084000068,14.649563421000153],[120.967864093000117,14.649710418000154],[120.967825412000025,14.649811044000103],[120.967765778000057,14.64994338200006],[120.967712095000138,14.650061088000029],[120.968094109000049,14.650262363000081],[120.968289307000077,14.65036913400013],[120.968372596000108,14.65041054600016],[120.968571136000037,14.650499992000107],[120.968654742000012,14.650531155000124],[120.968877198000314,14.650620088000096],[120.968969484000127,14.650644827000121],[120.969368344000145,14.650736881000057],[120.969524164000063,14.65077096300007],[120.969799360000025,14.650833023000018],[120.970049335000226,14.650937995000049],[120.970079023000039,14.650949863000108],[120.9701203730001,14.650963130000036],[120.970427331000224,14.651025361000166],[120.970709641000099,14.651080559000093],[120.970978151000168,14.651149814000064],[120.9710539780001,14.651191216000086],[120.971147145000145,14.651237732000027],[120.971184610000137,14.651266510000141],[120.971302669000011,14.651378171000033],[120.97141043900001,14.651485423],[120.971295773000179,14.651798458000087],[120.971181773000126,14.652113604000021],[120.971129770000175,14.652243487000021],[120.97074800900009,14.652111821000176],[120.97072920200003,14.652168161000191],[120.970219939000117,14.652046110000128],[120.969840382000029,14.651962987000104],[120.969633166000335,14.651916267000161],[120.969595470000058,14.652010677000135],[120.969462355000019,14.652005936000023],[120.968922850000013,14.651875822000079],[120.968632548000187,14.651792256000078],[120.968367552000245,14.652132795000114],[120.96819561600023,14.652321973000141],[120.967812631000243,14.652747838000096]]]}},{"type":"Feature","properties":{"adm4_name":"Barangay 15","adm4_name1":null,"adm4_name2":null,"adm4_name3":null,"adm4_pcode":"PH1307501015","adm3_name":"Caloocan City","adm3_name1":null,"adm3_name2":null,"adm3_name3":null,"adm3_pcode":"PH1307501","adm2_name":"Metropolitan Manila Third District","adm2_name1":null,"adm2_name2":null,"adm2_name3":null,"adm2_pcode":"PH13075","adm1_name":"National Capital Region (NCR)","adm1_name1":null,"adm1_name2":null,"adm1_name3":null,"adm1_pcode":"PH13","adm0_name":"Philippines","adm0_name1":null,"adm0_name2":null,"adm0_name3":null,"adm0_pcode":"PH","valid_on":"2025-02-13","valid_to":null,"area_sqkm":0.0570329,"version":"v03","lang":"en","lang1":null,"lang2":null,"lang3":null,"adm4_ref_name":"Barangay 15","center_lat":14.64937461,"center_lon":120.97329888},"geometry":{"type":"Polygon","coordinates":[[[120.9749584220001,14.651328932000126],[120.974958400000105,14.651329031000046],[120.974739873000203,14.651270368999974],[120.974377461000017,14.651188077000086],[120.974132412000131,14.651130415000125],[120.973891384000012,14.651078127000062],[120.973607718000039,14.651013816000159],[120.973205357000097,14.650922633000164],[120.9729110640003,14.650853028000029],[120.972575204,14.650836900000115],[120.972319025000047,14.650828046000072],[120.972041947000093,14.650807765000081],[120.972076343000026,14.650682125000174],[120.972105869000075,14.650539037000044],[120.972169921000045,14.650307643000076],[120.972238058000016,14.650049920000185],[120.972272144000044,14.649910556000179],[120.972349405000273,14.649650008000151],[120.972358998000118,14.649625502000049],[120.972366928000042,14.649612628000057],[120.972382748000086,14.649605432000158],[120.972400761000131,14.649604421000163],[120.972428662000198,14.649612371000103],[120.972872204000282,14.649739500000067],[120.972974792000059,14.649343447999968],[120.973022443000218,14.649152190000166],[120.973049394000213,14.649053705000085],[120.973178788000041,14.648595423000188],[120.973372648000122,14.647953469000186],[120.97354143300015,14.647466609000048],[120.97374454200019,14.647560600000077],[120.973884438000027,14.647638417000053],[120.974086201000091,14.647752870000033],[120.974044411000023,14.647925499000166],[120.973976318000155,14.648149685000078],[120.973967569000024,14.648178572000063],[120.973822982000115,14.6487134300001],[120.973747658000093,14.648951963],[120.973622447000139,14.649405781000098],[120.973563329000172,14.64963198300012],[120.97350825,14.649858987000073],[120.974182742000039,14.649958973000025],[120.974519271000077,14.650025008000057],[120.974776514000155,14.650072071000125],[120.974858752000159,14.650087433000181],[120.974830419000227,14.650218001000155],[120.975172122000117,14.650271069999974],[120.9749584220001,14.651328932000126]]]}},{"type":"Feature","properties":{"adm4_name":"Barangay 16","adm4_name1":null,"adm4_name2":null,"adm4_name3":null,"adm4_pcode":"PH1307501016","adm3_name":"Caloocan City","adm3_name1":null,"adm3_name2":null,"adm3_name3":null,"adm3_pcode":"PH1307501","adm2_name":"Metropolitan Manila Third District","adm2_name1":null,"adm2_name2":null,"adm2_name3":null,"adm2_pcode":"PH13075","adm1_name":"National Capital Region (NCR)","adm1_name1":null,"adm1_name2":null,"adm1_name3":null,"adm1_pcode":"PH13","adm0_name":"Philippines","adm0_name1":null,"adm0_name2":null,"adm0_name3":null,"adm0_pcode":"PH","valid_on":"2025-02-13","valid_to":null,"area_sqkm":0.06552196,"version":"v03","lang":"en","lang1":null,"lang2":null,"lang3":null,"adm4_ref_name":"Barangay 16","center_lat":14.650398,"center_lon":120.96987888},"geometry":{"type":"Polygon","coordinates":[[[120.972385669000118,14.651677652000046],[120.972360796000089,14.651773020000121],[120.972031747000074,14.651679546000025],[120.971961313000179,14.651651185000048],[120.971896952000066,14.651612954000029],[120.971613136000201,14.651583351000113],[120.971566038000219,14.651578441000083],[120.971531399000128,14.651568982000072],[120.971491908000075,14.651547456000117],[120.97141043900001,14.651485423],[120.971302669000011,14.651378171000033],[120.971184610000137,14.651266510000141],[120.971147145000145,14.651237732000027],[120.9710539780001,14.651191216000086],[120.970978151000168,14.651149814000064],[120.970709641000099,14.651080559000093],[120.970427331000224,14.651025361000166],[120.9701203730001,14.650963130000036],[120.970079023000039,14.650949863000108],[120.970049335000226,14.650937995000049],[120.969799360000025,14.650833023000018],[120.969524164000063,14.65077096300007],[120.969368344000145,14.650736881000057],[120.968969484000127,14.650644827000121],[120.968877198000314,14.650620088000096],[120.968654742000012,14.650531155000124],[120.968571136000037,14.650499992000107],[120.968372596000108,14.65041054600016],[120.968289307000077,14.65036913400013],[120.968094109000049,14.650262363000081],[120.967712095000138,14.650061088000029],[120.967765778000057,14.64994338200006],[120.967825412000025,14.649811044000103],[120.967864093000117,14.649710418000154],[120.967921084000068,14.649563421000153],[120.967968344000042,14.649418438000168],[120.968010167000102,14.649287937000111],[120.968053301000054,14.649105389999988],[120.96807134800008,14.649035341000172],[120.968523969000103,14.649111098000105],[120.969123531000037,14.649223962000065],[120.969386211000028,14.649271614999975],[120.969764448000205,14.649336062000089],[120.97003488900009,14.64938274800005],[120.970012356000097,14.649544568000124],[120.970048073000157,14.649549277000062],[120.970079578000195,14.649554027000079],[120.970241158000022,14.649575318000188],[120.97021453900004,14.64981312600014],[120.970199345000196,14.649997226000096],[120.970184227000232,14.650127604000033],[120.97032195700001,14.650142071000062],[120.970527872000162,14.65015988100015],[120.970564236000087,14.649852553000073],[120.97071766800002,14.649863437000135],[120.970708159000196,14.650169248999987],[120.970880873000056,14.650214571000049],[120.971013826000217,14.650267485000143],[120.971166371000095,14.650330130999976],[120.971264918000202,14.650356964000025],[120.971294343000068,14.650365143000045],[120.971359787000097,14.650385460000052],[120.971680265000032,14.650464882000051],[120.971813645000225,14.65049610300008],[120.972105869000075,14.650539037000044],[120.972076343000026,14.650682125000174],[120.972041947000093,14.650807765000081],[120.972319025000047,14.650828046000072],[120.972575204,14.650836900000115],[120.972503515000085,14.651172381000038],[120.972385669000118,14.651677652000046]]]}},{"type":"Feature","properties":{"adm4_name":"Barangay 17","adm4_name1":null,"adm4_name2":null,"adm4_name3":null,"adm4_pcode":"PH1307501017","adm3_name":"Caloocan City","adm3_name1":null,"adm3_name2":null,"adm3_name3":null,"adm3_pcode":"PH1307501","adm2_name":"Metropolitan Manila Third District","adm2_name1":null,"adm2_name2":null,"adm2_name3":null,"adm2_pcode":"PH13075","adm1_name":"National Capital Region (NCR)","adm1_name1":null,"adm1_name2":null,"adm1_name3":null,"adm1_pcode":"PH13","adm0_name":"Philippines","adm0_name1":null,"adm0_name2":null,"adm0_name3":null,"adm0_pcode":"PH","valid_on":"2025-02-13","valid_to":null,"area_sqkm":0.04719474,"version":"v03","lang":"en","lang1":null,"lang2":null,"lang3":null,"adm4_ref_name":"Barangay 17","center_lat":14.64890855,"center_lon":120.97461116},"geometry":{"type":"Polygon","coordinates":[[[120.975219376000155,14.650089325000124],[120.975172122000117,14.650271069999974],[120.974830419000227,14.650218001000155],[120.974858752000159,14.650087433000181],[120.974776514000155,14.650072071000125],[120.974519271000077,14.650025008000057],[120.974182742000039,14.649958973000025],[120.97350825,14.649858987000073],[120.973563329000172,14.64963198300012],[120.973622447000139,14.649405781000098],[120.973747658000093,14.648951963],[120.973822982000115,14.6487134300001],[120.973967569000024,14.648178572000063],[120.973976318000155,14.648149685000078],[120.974044411000023,14.647925499000166],[120.974086201000091,14.647752870000033],[120.974157552000065,14.64763388900019],[120.97437101200012,14.647742689000154],[120.974435115,14.647770378000018],[120.974494409000158,14.647790618000101],[120.974541130000034,14.64780201700006],[120.974573693000139,14.647801602000129],[120.97462002400016,14.647795047000045],[120.974653509000177,14.64778680600017],[120.974691323000116,14.647773592000135],[120.974734083000044,14.647757618000071],[120.974865177000083,14.647679347000064],[120.974883587000022,14.647664465000048],[120.974896219000016,14.647652362000031],[120.974908934000041,14.647643454],[120.974920785000222,14.647638693999966],[120.974957526000026,14.647632222000141],[120.975070574000142,14.647613836000062],[120.975355226000033,14.647581415000104],[120.975346837000302,14.647627920000161],[120.97556642200027,14.647665781000171],[120.975712638000118,14.647684281000124],[120.975595932000033,14.648251842000093],[120.975469824000129,14.648865127000136],[120.975219376000155,14.650089325000124]]]}},{"type":"Feature","properties":{"adm4_name":"Barangay 18","adm4_name1":null,"adm4_name2":null,"adm4_name3":null,"adm4_pcode":"PH1307501018","adm3_name":"Caloocan City","adm3_name1":null,"adm3_name2":null,"adm3_name3":null,"adm3_pcode":"PH1307501","adm2_name":"Metropolitan Manila Third District","adm2_name1":null,"adm2_name2":null,"adm2_name3":null,"adm2_pcode":"PH13075","adm1_name":"National Capital Region (NCR)","adm1_name1":null,"adm1_name2":null,"adm1_name3":null,"adm1_pcode":"PH13","adm0_name":"Philippines","adm0_name1":null,"adm0_name2":null,"adm0_name3":null,"adm0_pcode":"PH","valid_on":"2025-02-13","valid_to":null,"area_sqkm":0.10382531,"version":"v03","lang":"en","lang1":null,"lang2":null,"lang3":null,"adm4_ref_name":"Barangay 18","center_lat":14.64918808,"center_lon":120.9709732},"geometry":{"type":"Polygon","coordinates":[[[120.972169921000045,14.650307643000076],[120.972105869000075,14.650539037000044],[120.971813645000225,14.65049610300008],[120.971680265000032,14.650464882000051],[120.971359787000097,14.650385460000052],[120.971294343000068,14.650365143000045],[120.971264918000202,14.650356964000025],[120.971166371000095,14.650330130999976],[120.971013826000217,14.650267485000143],[120.970880873000056,14.650214571000049],[120.970708159000196,14.650169248999987],[120.97071766800002,14.649863437000135],[120.970564236000087,14.649852553000073],[120.970527872000162,14.65015988100015],[120.97032195700001,14.650142071000062],[120.970184227000232,14.650127604000033],[120.970199345000196,14.649997226000096],[120.97021453900004,14.64981312600014],[120.970241158000022,14.649575318000188],[120.970079578000195,14.649554027000079],[120.970048073000157,14.649549277000062],[120.970012356000097,14.649544568000124],[120.97003488900009,14.64938274800005],[120.969764448000205,14.649336062000089],[120.969386211000028,14.649271614999975],[120.969123531000037,14.649223962000065],[120.968523969000103,14.649111098000105],[120.96807134800008,14.649035341000172],[120.968109871000024,14.648821021],[120.968129950000161,14.648659866000116],[120.968143995000105,14.648506274000169],[120.968147291000037,14.648465004000116],[120.968150388000026,14.648164367000049],[120.968143027000224,14.648004002],[120.968137785000181,14.647895802000107],[120.968215397000222,14.647847095000088],[120.968235462000166,14.647837051000124],[120.968251109000107,14.647832501000096],[120.968602525000051,14.647826017000114],[120.968689971000231,14.647822576000067],[120.968952712000032,14.647815796000089],[120.969179777000022,14.647811812999976],[120.969279273000097,14.647807414000056],[120.969846972000255,14.647800241000084],[120.970176361000085,14.64778549100015],[120.970558130000086,14.647819941000137],[120.970752192000191,14.647843363000106],[120.971095788000071,14.647877139000059],[120.971674478000295,14.647931597000138],[120.971653407000076,14.64796559500013],[120.971649385000092,14.647977229],[120.971643520000043,14.64799436100003],[120.971610702000021,14.648090383000124],[120.971603980000168,14.648110053000153],[120.971767583000087,14.648164650000126],[120.972034430000235,14.648254726000118],[120.972136824000017,14.648286146000089],[120.972296405000179,14.648336130000132],[120.972383087000026,14.648364631000106],[120.972414332000085,14.648326478000058],[120.973178788000041,14.648595423000188],[120.973049394000213,14.649053705000085],[120.973022443000218,14.649152190000166],[120.972974792000059,14.649343447999968],[120.972872204000282,14.649739500000067],[120.972428662000198,14.649612371000103],[120.972400761000131,14.649604421000163],[120.972382748000086,14.649605432000158],[120.972366928000042,14.649612628000057],[120.972358998000118,14.649625502000049],[120.972349405000273,14.649650008000151],[120.972272144000044,14.649910556000179],[120.972238058000016,14.650049920000185],[120.972169921000045,14.650307643000076]]]}},{"type":"Feature","properties":{"adm4_name":"Barangay 19","adm4_name1":null,"adm4_name2":null,"adm4_name3":null,"adm4_pcode":"PH1307501019","adm3_name":"Caloocan City","adm3_name1":null,"adm3_name2":null,"adm3_name3":null,"adm3_pcode":"PH1307501","adm2_name":"Metropolitan Manila Third District","adm2_name1":null,"adm2_name2":null,"adm2_name3":null,"adm2_pcode":"PH13075","adm1_name":"National Capital Region (NCR)","adm1_name1":null,"adm1_name2":null,"adm1_name3":null,"adm1_pcode":"PH13","adm0_name":"Philippines","adm0_name1":null,"adm0_name2":null,"adm0_name3":null,"adm0_pcode":"PH","valid_on":"2025-02-13","valid_to":null,"area_sqkm":0.04526418,"version":"v03","lang":"en","lang1":null,"lang2":null,"lang3":null,"adm4_ref_name":"Barangay 19","center_lat":14.6465959,"center_lon":120.97489041},"geometry":{"type":"Polygon","coordinates":[[[120.974573693000139,14.647801602000129],[120.974541130000034,14.64780201700006],[120.974494409000158,14.647790618000101],[120.974435115,14.647770378000018],[120.97437101200012,14.647742689000154],[120.974157552000065,14.64763388900019],[120.974086201000091,14.647752870000033],[120.973884438000027,14.647638417000053],[120.97374454200019,14.647560600000077],[120.97354143300015,14.647466609000048],[120.973624342000335,14.647260236000079],[120.973831972000085,14.646695077000174],[120.973901812,14.646500524000146],[120.973999260000141,14.646257314000081],[120.974063394000041,14.646089963000179],[120.974192630000289,14.645766024000125],[120.974219528000049,14.645706056000108],[120.974941406000084,14.645910053000023],[120.975046676000034,14.645937484000058],[120.975386652000111,14.645998568000152],[120.975415090000183,14.645867449000036],[120.975748484000064,14.645922513000187],[120.975796587000218,14.645703179000122],[120.975799276000203,14.645647425000163],[120.975945744000228,14.645589787000176],[120.975994117000027,14.645579947999977],[120.976115840000034,14.645591419000141],[120.976095353000119,14.645695621000073],[120.976032125000188,14.646011536000174],[120.975965959000064,14.646334576000072],[120.97589401800019,14.646691277],[120.97582034900006,14.647079266000048],[120.975758959000132,14.647428775000094],[120.975745726000014,14.647504271000116],[120.975721189000069,14.647638468000139],[120.975712638000118,14.647684281000124],[120.97556642200027,14.647665781000171],[120.975346837000302,14.647627920000161],[120.975355226000033,14.647581415000104],[120.975070574000142,14.647613836000062],[120.974957526000026,14.647632222000141],[120.974920785000222,14.647638693999966],[120.974908934000041,14.647643454],[120.974896219000016,14.647652362000031],[120.974883587000022,14.647664465000048],[120.974865177000083,14.647679347000064],[120.974734083000044,14.647757618000071],[120.974691323000116,14.647773592000135],[120.974653509000177,14.64778680600017],[120.97462002400016,14.647795047000045],[120.974573693000139,14.647801602000129]]]}},{"type":"Feature","properties":{"adm4_name":"Barangay 20","adm4_name1":null,"adm4_name2":null,"adm4_name3":null,"adm4_pcode":"PH1307501020","adm3_name":"Caloocan City","adm3_name1":null,"adm3_name2":null,"adm3_name3":null,"adm3_pcode":"PH1307501","adm2_name":"Metropolitan Manila Third District","adm2_name1":null,"adm2_name2":null,"adm2_name3":null,"adm2_pcode":"PH13075","adm1_name":"National Capital Region (NCR)","adm1_name1":null,"adm1_name2":null,"adm1_name3":null,"adm1_pcode":"PH13","adm0_name":"Philippines","adm0_name1":null,"adm0_name2":null,"adm0_name3":null,"adm0_pcode":"PH","valid_on":"2025-02-13","valid_to":null,"area_sqkm":0.11203019,"version":"v03","lang":"en","lang1":null,"lang2":null,"lang3":null,"adm4_ref_name":"Barangay 20","center_lat":14.64739762,"center_lon":120.97082153},"geometry":{"type":"Polygon","coordinates":[[[120.973372648000122,14.647953469000186],[120.973178788000041,14.648595423000188],[120.972414332000085,14.648326478000058],[120.972383087000026,14.648364631000106],[120.972296405000179,14.648336130000132],[120.972136824000017,14.648286146000089],[120.972034430000235,14.648254726000118],[120.971767583000087,14.648164650000126],[120.971603980000168,14.648110053000153],[120.971610702000021,14.648090383000124],[120.971643520000043,14.64799436100003],[120.971649385000092,14.647977229],[120.971653407000076,14.64796559500013],[120.971674478000295,14.647931597000138],[120.971095788000071,14.647877139000059],[120.970752192000191,14.647843363000106],[120.970558130000086,14.647819941000137],[120.970176361000085,14.64778549100015],[120.969846972000255,14.647800241000084],[120.969279273000097,14.647807414000056],[120.969179777000022,14.647811812999976],[120.968952712000032,14.647815796000089],[120.968689971000231,14.647822576000067],[120.968602525000051,14.647826017000114],[120.968251109000107,14.647832501000096],[120.968235462000166,14.647837051000124],[120.968215397000222,14.647847095000088],[120.968137785000181,14.647895802000107],[120.968114454000101,14.647716665000132],[120.968065130000127,14.647328622000089],[120.968019734000109,14.646930788000191],[120.968575034000196,14.646870471999989],[120.968489467000154,14.646253656000113],[120.968837111000084,14.646232750000024],[120.969280607000201,14.646218570000087],[120.969795755000064,14.646203962000129],[120.970042534000072,14.646193524000125],[120.97049813000001,14.646182545000045],[120.971035323000137,14.646164206000037],[120.971555647000173,14.646143973000051],[120.971752124000204,14.646136733000162],[120.972005855000134,14.646131227000012],[120.972132581000096,14.646174689000077],[120.972194391000244,14.646199922000108],[120.972241559000054,14.646218848999979],[120.972275429000206,14.646231344000057],[120.972312498000178,14.646243833000142],[120.972347927000328,14.646256310000183],[120.972401017000152,14.646271897000133],[120.972418700000048,14.646277348000126],[120.972644414000115,14.646323966000068],[120.972901164000064,14.646385108000175],[120.972914418000073,14.64638848300018],[120.973118793000026,14.646442836000176],[120.973371452000038,14.646531927000126],[120.973663719000115,14.646635713000023],[120.973831972000085,14.646695077000174],[120.973624342000335,14.647260236000079],[120.97354143300015,14.647466609000048],[120.973372648000122,14.647953469000186]]]}},{"type":"Feature","properties":{"adm4_name":"Barangay 21","adm4_name1":null,"adm4_name2":null,"adm4_name3":null,"adm4_pcode":"PH1307501021","adm3_name":"Caloocan City","adm3_name1":null,"adm3_name2":null,"adm3_name3":null,"adm3_pcode":"PH1307501","adm2_name":"Metropolitan Manila Third District","adm2_name1":null,"adm2_name2":null,"adm2_name3":null,"adm2_pcode":"PH13075","adm1_name":"National Capital Region (NCR)","adm1_name1":null,"adm1_name2":null,"adm1_name3":null,"adm1_pcode":"PH13","adm0_name":"Philippines","adm0_name1":null,"adm0_name2":null,"adm0_name3":null,"adm0_pcode":"PH","valid_on":"2025-02-13","valid_to":null,"area_sqkm":0.05030155,"version":"v03","lang":"en","lang1":null,"lang2":null,"lang3":null,"adm4_ref_name":"Barangay 21","center_lat":14.64446289,"center_lon":120.97552887000001},"geometry":{"type":"Polygon","coordinates":[[[120.975415090000183,14.645867449000036],[120.975386652000111,14.645998568000152],[120.975046676000034,14.645937484000058],[120.974941406000084,14.645910053000023],[120.974219528000049,14.645706056000108],[120.97433331600007,14.645436153000105],[120.974433370000156,14.645185554000022],[120.974495480000087,14.645026881000149],[120.974552063000147,14.644869771000117],[120.974629622000066,14.644667197000047],[120.974850003000029,14.644135495000114],[120.974855739000191,14.644121538000093],[120.975103267,14.643524196000044],[120.975178891000269,14.643351585000062],[120.975251517000061,14.643174780000095],[120.975290857000118,14.643071372000065],[120.97546535500021,14.643127387],[120.975609065000185,14.643175382000152],[120.97577369000021,14.64323871900018],[120.975904433000096,14.643284534000145],[120.975962802000026,14.643299239000044],[120.976008345000196,14.64331614200006],[120.976180177000174,14.643342060000123],[120.976180385000021,14.643342068000095],[120.976242502000105,14.643344523000053],[120.97628832700002,14.643350214000066],[120.976404480000156,14.643350949000023],[120.976580804000037,14.643341860000078],[120.976501024000186,14.643721520000042],[120.976386865000222,14.644258580000098],[120.976277017000029,14.644775353000114],[120.976115840000034,14.645591419000141],[120.975994117000027,14.645579947999977],[120.975945744000228,14.645589787000176],[120.975799276000203,14.645647425000163],[120.975796587000218,14.645703179000122],[120.975748484000064,14.645922513000187],[120.975415090000183,14.645867449000036]]]}},{"type":"Feature","properties":{"adm4_name":"Barangay 22","adm4_name1":null,"adm4_name2":null,"adm4_name3":null,"adm4_pcode":"PH1307501022","adm3_name":"Caloocan City","adm3_name1":null,"adm3_name2":null,"adm3_name3":null,"adm3_pcode":"PH1307501","adm2_name":"Metropolitan Manila Third District","adm2_name1":null,"adm2_name2":null,"adm2_name3":null,"adm2_pcode":"PH13075","adm1_name":"National Capital Region (NCR)","adm1_name1":null,"adm1_name2":null,"adm1_name3":null,"adm1_pcode":"PH13","adm0_name":"Philippines","adm0_name1":null,"adm0_name2":null,"adm0_name3":null,"adm0_pcode":"PH","valid_on":"2025-02-13","valid_to":null,"area_sqkm":0.1180753,"version":"v03","lang":"en","lang1":null,"lang2":null,"lang3":null,"adm4_ref_name":"Barangay 22","center_lat":14.6455711,"center_lon":120.97107558},"geometry":{"type":"Polygon","coordinates":[[[120.968575034000196,14.646870471999989],[120.968019734000109,14.646930788000191],[120.967951352000114,14.646334261000163],[120.967945140000097,14.646273909000115],[120.967824803000212,14.645072691000053],[120.96993246500017,14.645000538000033],[120.970891858000073,14.644979799000168],[120.972017116000075,14.644955321000111],[120.972046758000033,14.64495464700002],[120.971994721000101,14.644451784000069],[120.972304167000061,14.644382523000104],[120.972291636000023,14.644172372000071],[120.97258551400023,14.644168020000052],[120.972956421000049,14.64417670000006],[120.972956430000181,14.644410835000144],[120.97319690300003,14.644408059999989],[120.973217809000062,14.644409048000114],[120.973406400000044,14.644417842000109],[120.973422246000155,14.644418905000123],[120.97353118400008,14.644427936000056],[120.973588452000058,14.644435382000154],[120.973660672000165,14.64444490700015],[120.9737127960002,14.644452383000043],[120.973743312000238,14.644455169000082],[120.973834630000169,14.6444734640001],[120.973863879000191,14.644481457000154],[120.974494693000111,14.644668716000069],[120.974552063000147,14.644869771000117],[120.974495480000087,14.645026881000149],[120.974433370000156,14.645185554000022],[120.97433331600007,14.645436153000105],[120.974219528000049,14.645706056000108],[120.974192630000289,14.645766024000125],[120.974063394000041,14.646089963000179],[120.973999260000141,14.646257314000081],[120.973901812,14.646500524000146],[120.973831972000085,14.646695077000174],[120.973663719000115,14.646635713000023],[120.973371452000038,14.646531927000126],[120.973118793000026,14.646442836000176],[120.972914418000073,14.64638848300018],[120.972901164000064,14.646385108000175],[120.972644414000115,14.646323966000068],[120.972418700000048,14.646277348000126],[120.972401017000152,14.646271897000133],[120.972347927000328,14.646256310000183],[120.972312498000178,14.646243833000142],[120.972275429000206,14.646231344000057],[120.972241559000054,14.646218848999979],[120.972194391000244,14.646199922000108],[120.972132581000096,14.646174689000077],[120.972005855000134,14.646131227000012],[120.971752124000204,14.646136733000162],[120.971555647000173,14.646143973000051],[120.971035323000137,14.646164206000037],[120.97049813000001,14.646182545000045],[120.970042534000072,14.646193524000125],[120.969795755000064,14.646203962000129],[120.969280607000201,14.646218570000087],[120.968837111000084,14.646232750000024],[120.968489467000154,14.646253656000113],[120.968575034000196,14.646870471999989]]]}},{"type":"Feature","properties":{"adm4_name":"Barangay 23","adm4_name1":null,"adm4_name2":null,"adm4_name3":null,"adm4_pcode":"PH1307501023","adm3_name":"Caloocan City","adm3_name1":null,"adm3_name2":null,"adm3_name3":null,"adm3_pcode":"PH1307501","adm2_name":"Metropolitan Manila Third District","adm2_name1":null,"adm2_name2":null,"adm2_name3":null,"adm2_pcode":"PH13075","adm1_name":"National Capital Region (NCR)","adm1_name1":null,"adm1_name2":null,"adm1_name3":null,"adm1_pcode":"PH13","adm0_name":"Philippines","adm0_name1":null,"adm0_name2":null,"adm0_name3":null,"adm0_pcode":"PH","valid_on":"2025-02-13","valid_to":null,"area_sqkm":0.03429798,"version":"v03","lang":"en","lang1":null,"lang2":null,"lang3":null,"adm4_ref_name":"Barangay 23","center_lat":14.64351532,"center_lon":120.9744358},"geometry":{"type":"Polygon","coordinates":[[[120.974629622000066,14.644667197000047],[120.974552063000147,14.644869771000117],[120.974494693000111,14.644668716000069],[120.973863879000191,14.644481457000154],[120.973834630000169,14.6444734640001],[120.973743312000238,14.644455169000082],[120.9737127960002,14.644452383000043],[120.973731976000181,14.64434436900018],[120.973748301000228,14.644258986000125],[120.973757121000062,14.644157214000018],[120.973755948000075,14.64411836700009],[120.973755508000181,14.6441075890001],[120.973745342000029,14.643956507000041],[120.973730332000059,14.643842613000061],[120.973729460000186,14.643816420000064],[120.973727044000157,14.643744867000123],[120.973737579000044,14.643659081000123],[120.973766109000053,14.643506437000099],[120.973803716000134,14.64337519999998],[120.973858240000027,14.643139649000148],[120.973946283000032,14.643145856000046],[120.973960164000232,14.643012987000134],[120.973916527000142,14.642779607000023],[120.973902347000035,14.642473708000182],[120.974289830000203,14.642473094000138],[120.97477763400002,14.642467007000107],[120.97487776000014,14.642173262000028],[120.975006084000142,14.642176042000074],[120.975099917000307,14.642183387000046],[120.975202763000084,14.642199798000092],[120.975499065000122,14.642251983000051],[120.975462739000136,14.642405635000159],[120.975389311000072,14.642679665000117],[120.975350737000099,14.642843216000017],[120.975290857000118,14.643071372000065],[120.975251517000061,14.643174780000095],[120.975178891000269,14.643351585000062],[120.975103267,14.643524196000044],[120.974855739000191,14.644121538000093],[120.974850003000029,14.644135495000114],[120.974629622000066,14.644667197000047]]]}},{"type":"Feature","properties":{"adm4_name":"Barangay 24","adm4_name1":null,"adm4_name2":null,"adm4_name3":null,"adm4_pcode":"PH1307501024","adm3_name":"Caloocan City","adm3_name1":null,"adm3_name2":null,"adm3_name3":null,"adm3_pcode":"PH1307501","adm2_name":"Metropolitan Manila Third District","adm2_name1":null,"adm2_name2":null,"adm2_name3":null,"adm2_pcode":"PH13075","adm1_name":"National Capital Region (NCR)","adm1_name1":null,"adm1_name2":null,"adm1_name3":null,"adm1_pcode":"PH13","adm0_name":"Philippines","adm0_name1":null,"adm0_name2":null,"adm0_name3":null,"adm0_pcode":"PH","valid_on":"2025-02-13","valid_to":null,"area_sqkm":0.03493384,"version":"v03","lang":"en","lang1":null,"lang2":null,"lang3":null,"adm4_ref_name":"Barangay 24","center_lat":14.64343605,"center_lon":120.9729935},"geometry":{"type":"Polygon","coordinates":[[[120.973731976000181,14.64434436900018],[120.9737127960002,14.644452383000043],[120.973660672000165,14.64444490700015],[120.973588452000058,14.644435382000154],[120.97353118400008,14.644427936000056],[120.973422246000155,14.644418905000123],[120.973406400000044,14.644417842000109],[120.973217809000062,14.644409048000114],[120.97319690300003,14.644408059999989],[120.972956430000181,14.644410835000144],[120.972956421000049,14.64417670000006],[120.97258551400023,14.644168020000052],[120.972291636000023,14.644172372000071],[120.972256007000055,14.643844963000049],[120.972235071000227,14.643679648000159],[120.972210868000275,14.643496903000027],[120.972188194000182,14.643360862000065],[120.972172435000061,14.643250099000056],[120.972162046000108,14.643183259000182],[120.972140627000044,14.643048412000155],[120.972124134000069,14.642933985000184],[120.972118791000071,14.642873230000021],[120.972113952000086,14.642794235000167],[120.972092181000107,14.642576454000164],[120.972653103000198,14.642548919000092],[120.972670842000184,14.642541818000154],[120.972686741000302,14.642530702000101],[120.972698431000026,14.64251675100013],[120.972708929000191,14.642502815],[120.972725465000167,14.642493990000105],[120.972737320000306,14.642490656000177],[120.972743637,14.642488831000094],[120.972751779000191,14.642488480000168],[120.972988944,14.642486529999985],[120.973089514000321,14.642477775000089],[120.973854464000055,14.642474758000105],[120.973902347000035,14.642473708000182],[120.973916527000142,14.642779607000023],[120.973960164000232,14.643012987000134],[120.973946283000032,14.643145856000046],[120.973858240000027,14.643139649000148],[120.973803716000134,14.64337519999998],[120.973766109000053,14.643506437000099],[120.973737579000044,14.643659081000123],[120.973727044000157,14.643744867000123],[120.973729460000186,14.643816420000064],[120.973730332000059,14.643842613000061],[120.973745342000029,14.643956507000041],[120.973755508000181,14.6441075890001],[120.973755948000075,14.64411836700009],[120.973757121000062,14.644157214000018],[120.973748301000228,14.644258986000125],[120.973731976000181,14.64434436900018]]]}},{"type":"Feature","properties":{"adm4_name":"Barangay 25","adm4_name1":null,"adm4_name2":null,"adm4_name3":null,"adm4_pcode":"PH1307501025","adm3_name":"Caloocan City","adm3_name1":null,"adm3_name2":null,"adm3_name3":null,"adm3_pcode":"PH1307501","adm2_name":"Metropolitan Manila Third District","adm2_name1":null,"adm2_name2":null,"adm2_name3":null,"adm2_pcode":"PH13075","adm1_name":"National Capital Region (NCR)","adm1_name1":null,"adm1_name2":null,"adm1_name3":null,"adm1_pcode":"PH13","adm0_name":"Philippines","adm0_name1":null,"adm0_name2":null,"adm0_name3":null,"adm0_pcode":"PH","valid_on":"2025-02-13","valid_to":null,"area_sqkm":0.035958,"version":"v03","lang":"en","lang1":null,"lang2":null,"lang3":null,"adm4_ref_name":"Barangay 25","center_lat":14.64197449,"center_lon":120.97620186},"geometry":{"type":"Polygon","coordinates":[[[120.976580804000037,14.643341860000078],[120.976404480000156,14.643350949000023],[120.97628832700002,14.643350214000066],[120.976242502000105,14.643344523000053],[120.976180385000021,14.643342068000095],[120.976180177000174,14.643342060000123],[120.976008345000196,14.64331614200006],[120.975962802000026,14.643299239000044],[120.975904433000096,14.643284534000145],[120.97577369000021,14.64323871900018],[120.975609065000185,14.643175382000152],[120.97546535500021,14.643127387],[120.975290857000118,14.643071372000065],[120.975350737000099,14.642843216000017],[120.975389311000072,14.642679665000117],[120.975462739000136,14.642405635000159],[120.975499065000122,14.642251983000051],[120.975534045000018,14.64209467500018],[120.97557791600002,14.641854304000105],[120.975589124000066,14.641792530000146],[120.975611031000312,14.641667850000147],[120.975621469000089,14.641573000000108],[120.975635910000165,14.641452924000134],[120.975656743000059,14.64118040000011],[120.975667946000158,14.640873657000043],[120.976120456000103,14.640899280000156],[120.976134358000195,14.6408910990001],[120.976140277000013,14.640876373000083],[120.976141968000093,14.640857557000118],[120.976144489000035,14.640842826000096],[120.976151180000329,14.640825613000175],[120.976164647000132,14.640814937000187],[120.976183562000188,14.64081080699998],[120.976316867000151,14.640813887999968],[120.976347780000083,14.640814663000128],[120.976364667000325,14.640814638000052],[120.976382392000119,14.640811320000125],[120.976395056000115,14.640808008000022],[120.976417853000157,14.640798913000083],[120.97644338900011,14.640789238000082],[120.976533069000084,14.641014350000034],[120.976558130000058,14.641068843000028],[120.976587105000249,14.641097811000122],[120.976617982000107,14.641112757000144],[120.976659488000109,14.641128642000126],[120.976894788000095,14.641193393000037],[120.976991113000281,14.641215300000169],[120.976986821000082,14.641239596000048],[120.976944279,14.641474650000134],[120.9767833840001,14.642307708000146],[120.976681317000043,14.642828673000167],[120.976646336000272,14.643006481000157],[120.976580804000037,14.643341860000078]]]}},{"type":"Feature","properties":{"adm4_name":"Barangay 26","adm4_name1":null,"adm4_name2":null,"adm4_name3":null,"adm4_pcode":"PH1307501026","adm3_name":"Caloocan City","adm3_name1":null,"adm3_name2":null,"adm3_name3":null,"adm3_pcode":"PH1307501","adm2_name":"Metropolitan Manila Third District","adm2_name1":null,"adm2_name2":null,"adm2_name3":null,"adm2_pcode":"PH13075","adm1_name":"National Capital Region (NCR)","adm1_name1":null,"adm1_name2":null,"adm1_name3":null,"adm1_pcode":"PH13","adm0_name":"Philippines","adm0_name1":null,"adm0_name2":null,"adm0_name3":null,"adm0_pcode":"PH","valid_on":"2025-02-13","valid_to":null,"area_sqkm":0.0450413,"version":"v03","lang":"en","lang1":null,"lang2":null,"lang3":null,"adm4_ref_name":"Barangay 26","center_lat":14.64137261,"center_lon":120.97475019},"geometry":{"type":"Polygon","coordinates":[[[120.973902347000035,14.642473708000182],[120.973854464000055,14.642474758000105],[120.973851603000071,14.642181738000033],[120.973844465000184,14.641898620000063],[120.973847327000044,14.64160360600016],[120.973862156000109,14.641292303000057],[120.973870151000028,14.64103286600016],[120.973876071000291,14.640948648000119],[120.973885416000144,14.640895592],[120.973908749000202,14.640834656000095],[120.973938636000071,14.640749026000151],[120.973940103000132,14.640715393000107],[120.973945099000161,14.6403979050001],[120.973963597000079,14.640186369000048],[120.973961143000224,14.64015343900013],[120.97412381200013,14.64015474100006],[120.974217284000019,14.64015376499998],[120.974512931000049,14.64015321200003],[120.974736525000253,14.64015321200003],[120.974949472000048,14.640151083000148],[120.975052642000037,14.6401518240001],[120.975165212000093,14.640159183000094],[120.975260375000062,14.640176637000138],[120.975293556000111,14.640194936000114],[120.975336634000087,14.640230690000067],[120.975425744000177,14.640302100000099],[120.975525337000022,14.64035101900015],[120.97561139000004,14.640366863000054],[120.975682160000247,14.640374245000146],[120.975679135000064,14.640435718000163],[120.975667946000158,14.640873657000043],[120.975656743000059,14.64118040000011],[120.975635910000165,14.641452924000134],[120.975621469000089,14.641573000000108],[120.975611031000312,14.641667850000147],[120.975589124000066,14.641792530000146],[120.97557791600002,14.641854304000105],[120.975534045000018,14.64209467500018],[120.975499065000122,14.642251983000051],[120.975202763000084,14.642199798000092],[120.975099917000307,14.642183387000046],[120.975006084000142,14.642176042000074],[120.97487776000014,14.642173262000028],[120.97477763400002,14.642467007000107],[120.974289830000203,14.642473094000138],[120.973902347000035,14.642473708000182]]]}},{"type":"Feature","properties":{"adm4_name":"Barangay 27","adm4_name1":null,"adm4_name2":null,"adm4_name3":null,"adm4_pcode":"PH1307501027","adm3_name":"Caloocan City","adm3_name1":null,"adm3_name2":null,"adm3_name3":null,"adm3_pcode":"PH1307501","adm2_name":"Metropolitan Manila Third District","adm2_name1":null,"adm2_name2":null,"adm2_name3":null,"adm2_pcode":"PH13075","adm1_name":"National Capital Region (NCR)","adm1_name1":null,"adm1_name2":null,"adm1_name3":null,"adm1_pcode":"PH13","adm0_name":"Philippines","adm0_name1":null,"adm0_name2":null,"adm0_name3":null,"adm0_pcode":"PH","valid_on":"2025-02-13","valid_to":null,"area_sqkm":0.0472045,"version":"v03","lang":"en","lang1":null,"lang2":null,"lang3":null,"adm4_ref_name":"Barangay 27","center_lat":14.64137283,"center_lon":120.97302267000001},"geometry":{"type":"Polygon","coordinates":[[[120.972092181000107,14.642576454000164],[120.971874690000163,14.642578413000081],[120.971846468000194,14.642375184000059],[120.971809996000161,14.642237069999965],[120.971668175000218,14.641593600000022],[120.971807294000087,14.641577516000098],[120.972206400000118,14.641566330999979],[120.972205379000115,14.641472907999969],[120.972195959000032,14.641453360000128],[120.972175480000033,14.641268934000152],[120.972155239000017,14.641186512000104],[120.972131298000136,14.6410447720001],[120.972133335000194,14.640986372000043],[120.972124610000037,14.64085986200007],[120.972130071000038,14.640830127000186],[120.972145168000338,14.640799844000071],[120.972218178000162,14.640693701000089],[120.972522934000153,14.640670565000107],[120.972753030000035,14.64065010500002],[120.972802141000102,14.640635973000087],[120.972850287000028,14.640623915000162],[120.973042112000144,14.640624623000065],[120.97309929000005,14.640628081000159],[120.973102274000098,14.640404338000053],[120.973099794000063,14.640327134000017],[120.973092668000049,14.640150697000081],[120.97350367100023,14.640152454000145],[120.973961143000224,14.64015343900013],[120.973963597000079,14.640186369000048],[120.973945099000161,14.6403979050001],[120.973940103000132,14.640715393000107],[120.973938636000071,14.640749026000151],[120.973908749000202,14.640834656000095],[120.973885416000144,14.640895592],[120.973876071000291,14.640948648000119],[120.973870151000028,14.64103286600016],[120.973862156000109,14.641292303000057],[120.973847327000044,14.64160360600016],[120.973844465000184,14.641898620000063],[120.973851603000071,14.642181738000033],[120.973854464000055,14.642474758000105],[120.973089514000321,14.642477775000089],[120.972988944,14.642486529999985],[120.972751779000191,14.642488480000168],[120.972743637,14.642488831000094],[120.972737320000306,14.642490656000177],[120.972725465000167,14.642493990000105],[120.972708929000191,14.642502815],[120.972698431000026,14.64251675100013],[120.972686741000302,14.642530702000101],[120.972670842000184,14.642541818000154],[120.972653103000198,14.642548919000092],[120.972092181000107,14.642576454000164]]]}},{"type":"Feature","properties":{"adm4_name":"Barangay 28","adm4_name1":null,"adm4_name2":null,"adm4_name3":null,"adm4_pcode":"PH1307501028","adm3_name":"Caloocan City","adm3_name1":null,"adm3_name2":null,"adm3_name3":null,"adm3_pcode":"PH1307501","adm2_name":"Metropolitan Manila Third District","adm2_name1":null,"adm2_name2":null,"adm2_name3":null,"adm2_pcode":"PH13075","adm1_name":"National Capital Region (NCR)","adm1_name1":null,"adm1_name2":null,"adm1_name3":null,"adm1_pcode":"PH13","adm0_name":"Philippines","adm0_name1":null,"adm0_name2":null,"adm0_name3":null,"adm0_pcode":"PH","valid_on":"2025-02-13","valid_to":null,"area_sqkm":0.46359854,"version":"v03","lang":"en","lang1":null,"lang2":null,"lang3":null,"adm4_ref_name":"Barangay 28","center_lat":14.64249507,"center_lon":120.9680782},"geometry":{"type":"Polygon","coordinates":[[[120.964737692000085,14.64519274200012],[120.964336980000212,14.645200288000183],[120.964107672000068,14.645189303999985],[120.963851355000088,14.645168745000149],[120.963747639000189,14.645147124000061],[120.963528075000113,14.645101658000044],[120.963350090000063,14.645055569000021],[120.96320392500013,14.645015526000179],[120.962927921000073,14.644918921999988],[120.962803700000109,14.644871763000083],[120.9626580380002,14.644816998000124],[120.962497527000096,14.644750937000026],[120.962435216000017,14.644721483000126],[120.962415653000107,14.644711050000012],[120.962328710000065,14.644667912000045],[120.962276272000054,14.644636790000106],[120.962189335000062,14.644578217000173],[120.961995623,14.644441373],[120.96179273700011,14.644292800000073],[120.961545067000202,14.644083466000154],[120.961493878000169,14.644040203000031],[120.961063821000153,14.643661703000191],[120.960995771000057,14.643602325000074],[120.960919388000207,14.643535020000058],[120.960800720000179,14.643427680000059],[120.960643551000203,14.643295895000108],[120.961030174000143,14.642825503000097],[120.961265761000163,14.642565801999979],[120.961420880000105,14.642386349000162],[120.961469135000129,14.642330338000079],[120.961596451000219,14.642183852000187],[120.961675145000072,14.642099271],[120.962275137,14.641487525000059],[120.961999124000045,14.641971137000098],[120.9619250410002,14.642118384000128],[120.961892668000132,14.642194657000118],[120.961871677000204,14.642261479000126],[120.961853280000014,14.642322328000091],[120.961836179000102,14.642381786000044],[120.961819153000306,14.642466206000108],[120.961808922000046,14.642552511000076],[120.961802477000219,14.642687871000078],[120.961811521000072,14.642798540000058],[120.961817028000041,14.642893236000077],[120.961826038000254,14.642967017000046],[120.961859521000065,14.643047139000146],[120.96190884300006,14.643129113000157],[120.961979028000087,14.643209899999988],[120.962064123000118,14.643293021000034],[120.962140498000167,14.643357610000123],[120.962223363000021,14.643421496000087],[120.962302704000081,14.643481200000053],[120.962381056000027,14.643531345000042],[120.962455992000173,14.643574112000124],[120.962550379000049,14.643624004000173],[120.962651866000215,14.643664199],[120.962737632000199,14.643709423000018],[120.9627915760002,14.643718369000055],[120.962916150000069,14.643748564000134],[120.963032208000072,14.643760227000143],[120.963150322000047,14.64375495600018],[120.963270404000014,14.643736496000031],[120.963360048000027,14.643722257000036],[120.963448886000037,14.643698118999964],[120.963539369000046,14.643669749000139],[120.963629571000183,14.643626018000134],[120.963735751000058,14.64355768900009],[120.96380242400005,14.64350030300011],[120.963871920000088,14.643427531000157],[120.96392559800006,14.643371035000087],[120.963966668000126,14.643306271000085],[120.964020507000214,14.643184339000129],[120.9641920910002,14.642752759000075],[120.964289106000138,14.642640119000191],[120.96428120600001,14.64252392800006],[120.964372142000116,14.642306506000011],[120.964467011000011,14.64209546800015],[120.964539653000202,14.641925387000015],[120.964619746000153,14.64175248100014],[120.964695850000226,14.641589807000173],[120.964776287000063,14.64134271000006],[120.96482915200022,14.641277834],[120.965004018000172,14.640342976000113],[120.96512408500007,14.640357391000123],[120.965278977000025,14.640384016000155],[120.965420508000079,14.640409876000149],[120.965435721000063,14.640441639000187],[120.965538227000025,14.640447794000067],[120.965763837000054,14.640451945000166],[120.965994691000105,14.640453802000025],[120.966229154000075,14.640453497000124],[120.966229052000017,14.64041356000007],[120.966358585000194,14.640419103999989],[120.966477350000218,14.640425009000069],[120.966584007000051,14.64042785800001],[120.966700001000049,14.640432235000105],[120.966807241000197,14.64043661200003],[120.966914480000128,14.640442084000142],[120.967031569000142,14.640448649000064],[120.967144690000168,14.640456857],[120.967224162000321,14.640459592000184],[120.967272310000226,14.640460686999972],[120.967351099000098,14.640465064000068],[120.967520066000134,14.640475505000154],[120.96752855800014,14.640386269000032],[120.967534717000035,14.64034052500017],[120.967551141000285,14.640264556000034],[120.967568001000132,14.640198041000133],[120.967607310000062,14.640070314000127],[120.967655914000034,14.639930294000067],[120.968001633000085,14.640044397],[120.968222788000162,14.6401182030001],[120.96837523000022,14.640171806000183],[120.968463794000058,14.640190523],[120.968476012000338,14.640159702000062],[120.968540030000099,14.640018936000104],[120.968598324000027,14.63991581200014],[120.968633396000087,14.639867007000078],[120.968738316000213,14.639755573000116],[120.968933096000114,14.639936878000071],[120.969116274000044,14.640102041000148],[120.969295726000155,14.640260129000069],[120.969404481000197,14.640369757000087],[120.969452666000166,14.640441096000075],[120.969483055000069,14.640499600000112],[120.969500348000224,14.640547626000171],[120.969513550000215,14.640601372000162],[120.969531405000225,14.640764244000138],[120.969538,14.64085065900008],[120.969614316000047,14.640839787000118],[120.96962054200003,14.640877786000146],[120.969621727000231,14.640889826000034],[120.969624098000168,14.640903585000046],[120.969698908000055,14.640976641000066],[120.969722456000113,14.640996484000027],[120.969744485000092,14.641008978000173],[120.969768032000161,14.641014858000119],[120.969795341,14.641019242000084],[120.969821907000096,14.641020684000068],[120.969858380000119,14.64102064500014],[120.969954271,14.641023942000118],[120.970126331000188,14.641013714],[120.970255054000063,14.641000269000074],[120.970492539000134,14.640962101000071],[120.970792304000156,14.640915993000021],[120.970819378000101,14.640913664000095],[120.970842842000025,14.640917156],[120.970860892000132,14.640926470000068],[120.970877716000132,14.640939435000178],[120.970893790000218,14.640954111000156],[120.970901243000185,14.640960642000039],[120.970908800000188,14.640968165000061],[120.970922841000061,14.640984560999982],[120.97093537700016,14.641000300000144],[120.970945768000092,14.641017784000155],[120.970951378000336,14.641036043000156],[120.970956220000062,14.641063844000087],[120.970958157000268,14.641088291000074],[120.970959125000036,14.641119695000157],[120.970951418000027,14.641337218000103],[120.971021553000014,14.641338385000154],[120.971285706000117,14.641339112000082],[120.971284790000027,14.641382220000139],[120.971285020000096,14.641505435000113],[120.971294892000174,14.641573795000056],[120.971316843000068,14.641671153000118],[120.971547341000019,14.641619339000101],[120.971668175000218,14.641593600000022],[120.971809996000161,14.642237069999965],[120.971846468000194,14.642375184000059],[120.971874690000163,14.642578413000081],[120.972092181000107,14.642576454000164],[120.972113952000086,14.642794235000167],[120.972118791000071,14.642873230000021],[120.972124134000069,14.642933985000184],[120.972140627000044,14.643048412000155],[120.972162046000108,14.643183259000182],[120.972172435000061,14.643250099000056],[120.972188194000182,14.643360862000065],[120.972210868000275,14.643496903000027],[120.972235071000227,14.643679648000159],[120.972256007000055,14.643844963000049],[120.972291636000023,14.644172372000071],[120.972304167000061,14.644382523000104],[120.971994721000101,14.644451784000069],[120.972046758000033,14.64495464700002],[120.972017116000075,14.644955321000111],[120.970891858000073,14.644979799000168],[120.96993246500017,14.645000538000033],[120.967824803000212,14.645072691000053],[120.967447553000056,14.645091955],[120.966492566000056,14.645129831000133],[120.965426140000091,14.645173342000078],[120.964737692000085,14.64519274200012]]]}},{"type":"Feature","properties":{"adm4_name":"Barangay 29","adm4_name1":null,"adm4_name2":null,"adm4_name3":null,"adm4_pcode":"PH1307501029","adm3_name":"Caloocan City","adm3_name1":null,"adm3_name2":null,"adm3_name3":null,"adm3_pcode":"PH1307501","adm2_name":"Metropolitan Manila Third District","adm2_name1":null,"adm2_name2":null,"adm2_name3":null,"adm2_pcode":"PH13075","adm1_name":"National Capital Region (NCR)","adm1_name1":null,"adm1_name2":null,"adm1_name3":null,"adm1_pcode":"PH13","adm0_name":"Philippines","adm0_name1":null,"adm0_name2":null,"adm0_name3":null,"adm0_pcode":"PH","valid_on":"2025-02-13","valid_to":null,"area_sqkm":0.0207547,"version":"v03","lang":"en","lang1":null,"lang2":null,"lang3":null,"adm4_ref_name":"Barangay 29","center_lat":14.64051387,"center_lon":120.97639199},"geometry":{"type":"Polygon","coordinates":[[[120.977044924000211,14.640910013000052],[120.976991113000281,14.641215300000169],[120.976894788000095,14.641193393000037],[120.976659488000109,14.641128642000126],[120.976617982000107,14.641112757000144],[120.976587105000249,14.641097811000122],[120.976558130000058,14.641068843000028],[120.976533069000084,14.641014350000034],[120.97644338900011,14.640789238000082],[120.976417853000157,14.640798913000083],[120.976395056000115,14.640808008000022],[120.976382392000119,14.640811320000125],[120.976364667000325,14.640814638000052],[120.976347780000083,14.640814663000128],[120.976316867000151,14.640813887999968],[120.976183562000188,14.64081080699998],[120.976164647000132,14.640814937000187],[120.976151180000329,14.640825613000175],[120.976144489000035,14.640842826000096],[120.976141968000093,14.640857557000118],[120.976140277000013,14.640876373000083],[120.976134358000195,14.6408910990001],[120.976120456000103,14.640899280000156],[120.975667946000158,14.640873657000043],[120.975679135000064,14.640435718000163],[120.975682160000247,14.640374245000146],[120.97568185800003,14.640151308000043],[120.975683412000194,14.63977482700011],[120.976674058000071,14.639742068000146],[120.976858210000046,14.639758897000036],[120.977168418000133,14.639750620000143],[120.977155921000076,14.639982317000033],[120.977137590000098,14.64032571600012],[120.977094057000272,14.640592019],[120.977044924000211,14.640910013000052]]]}},{"type":"Feature","properties":{"adm4_name":"Barangay 30","adm4_name1":null,"adm4_name2":null,"adm4_name3":null,"adm4_pcode":"PH1307501030","adm3_name":"Caloocan City","adm3_name1":null,"adm3_name2":null,"adm3_name3":null,"adm3_pcode":"PH1307501","adm2_name":"Metropolitan Manila Third District","adm2_name1":null,"adm2_name2":null,"adm2_name3":null,"adm2_pcode":"PH13075","adm1_name":"National Capital Region (NCR)","adm1_name1":null,"adm1_name2":null,"adm1_name3":null,"adm1_pcode":"PH13","adm0_name":"Philippines","adm0_name1":null,"adm0_name2":null,"adm0_name3":null,"adm0_pcode":"PH","valid_on":"2025-02-13","valid_to":null,"area_sqkm":0.06467501,"version":"v03","lang":"en","lang1":null,"lang2":null,"lang3":null,"adm4_ref_name":"Barangay 30","center_lat":14.63904012,"center_lon":120.97439258},"geometry":{"type":"Polygon","coordinates":[[[120.97568185800003,14.640151308000043],[120.975682160000247,14.640374245000146],[120.97561139000004,14.640366863000054],[120.975525337000022,14.64035101900015],[120.975425744000177,14.640302100000099],[120.975336634000087,14.640230690000067],[120.975293556000111,14.640194936000114],[120.975260375000062,14.640176637000138],[120.975165212000093,14.640159183000094],[120.975052642000037,14.6401518240001],[120.974949472000048,14.640151083000148],[120.974736525000253,14.64015321200003],[120.974512931000049,14.64015321200003],[120.974217284000019,14.64015376499998],[120.97412381200013,14.64015474100006],[120.973961143000224,14.64015343900013],[120.97350367100023,14.640152454000145],[120.973092668000049,14.640150697000081],[120.973081985000135,14.639897343000086],[120.973073729000021,14.639715609000177],[120.973229230000015,14.639705926000147],[120.973123098000087,14.639119357000027],[120.973106312000141,14.638907667000126],[120.973430723000092,14.638853392000158],[120.97338409300005,14.638562138],[120.97333577500001,14.638287110000022],[120.973290134000081,14.638025918000039],[120.97363281600019,14.638003371000082],[120.973962203000156,14.637985923000031],[120.974301534000233,14.637963649000142],[120.974629092000214,14.637934773999973],[120.974773457000083,14.63792216600018],[120.974973280000086,14.637906588000135],[120.975147745000186,14.637893966000149],[120.975312704000089,14.637884615000189],[120.975582538000026,14.637863898000148],[120.975613683,14.638146751000022],[120.97563798300007,14.638411024000106],[120.975657441000067,14.638689423000187],[120.975666822000221,14.638960873000087],[120.975671208000108,14.639188655000055],[120.97567478000019,14.639345673000093],[120.975679883000112,14.639685709000162],[120.975683412000194,14.63977482700011],[120.97568185800003,14.640151308000043]]]}},{"type":"Feature","properties":{"adm4_name":"Barangay 31","adm4_name1":null,"adm4_name2":null,"adm4_name3":null,"adm4_pcode":"PH1307501031","adm3_name":"Caloocan City","adm3_name1":null,"adm3_name2":null,"adm3_name3":null,"adm3_pcode":"PH1307501","adm2_name":"Metropolitan Manila Third District","adm2_name1":null,"adm2_name2":null,"adm2_name3":null,"adm2_pcode":"PH13075","adm1_name":"National Capital Region (NCR)","adm1_name1":null,"adm1_name2":null,"adm1_name3":null,"adm1_pcode":"PH13","adm0_name":"Philippines","adm0_name1":null,"adm0_name2":null,"adm0_name3":null,"adm0_pcode":"PH","valid_on":"2025-02-13","valid_to":null,"area_sqkm":0.06266863,"version":"v03","lang":"en","lang1":null,"lang2":null,"lang3":null,"adm4_ref_name":"Barangay 31","center_lat":14.6405745,"center_lon":120.97130348},"geometry":{"type":"Polygon","coordinates":[[[120.971547341000019,14.641619339000101],[120.971316843000068,14.641671153000118],[120.971294892000174,14.641573795000056],[120.971285020000096,14.641505435000113],[120.971284790000027,14.641382220000139],[120.971285706000117,14.641339112000082],[120.971021553000014,14.641338385000154],[120.970951418000027,14.641337218000103],[120.970959125000036,14.641119695000157],[120.970958157000268,14.641088291000074],[120.970956220000062,14.641063844000087],[120.970951378000336,14.641036043000156],[120.970945768000092,14.641017784000155],[120.97093537700016,14.641000300000144],[120.970922841000061,14.640984560999982],[120.970908800000188,14.640968165000061],[120.970901243000185,14.640960642000039],[120.970893790000218,14.640954111000156],[120.970877716000132,14.640939435000178],[120.970860892000132,14.640926470000068],[120.970842842000025,14.640917156],[120.970819378000101,14.640913664000095],[120.970792304000156,14.640915993000021],[120.970492539000134,14.640962101000071],[120.970255054000063,14.641000269000074],[120.970126331000188,14.641013714],[120.969954271,14.641023942000118],[120.969858380000119,14.64102064500014],[120.969821907000096,14.641020684000068],[120.969795341,14.641019242000084],[120.969768032000161,14.641014858000119],[120.969744485000092,14.641008978000173],[120.969722456000113,14.640996484000027],[120.969698908000055,14.640976641000066],[120.969624098000168,14.640903585000046],[120.969621727000231,14.640889826000034],[120.96962054200003,14.640877786000146],[120.969614316000047,14.640839787000118],[120.969538,14.64085065900008],[120.969531405000225,14.640764244000138],[120.969513550000215,14.640601372000162],[120.969500348000224,14.640547626000171],[120.969483055000069,14.640499600000112],[120.969452666000166,14.640441096000075],[120.969404481000197,14.640369757000087],[120.969295726000155,14.640260129000069],[120.969116274000044,14.640102041000148],[120.968933096000114,14.639936878000071],[120.969024771000022,14.639843703999986],[120.96909185700008,14.639785355000072],[120.969168115000116,14.639731909000091],[120.969246337000072,14.6396914930001],[120.969298705000142,14.639664874000118],[120.969366345000026,14.639638324999964],[120.969495063000181,14.63959888200003],[120.969571136000013,14.63957973600003],[120.969673780000107,14.639560063999966],[120.969918429000018,14.639534093000066],[120.970497204000026,14.639474415000109],[120.970799925000165,14.639448085000026],[120.970840025000143,14.639863836000075],[120.971161184000152,14.639844295000159],[120.971186934000116,14.639845015000049],[120.971410275000039,14.639826027000083],[120.97160435,14.639811347000091],[120.972168802000169,14.63976588800017],[120.972415572000159,14.639750943000081],[120.972580344000107,14.639741320000041],[120.972899509000172,14.639722839000058],[120.973073729000021,14.639715609000177],[120.973081985000135,14.639897343000086],[120.973092668000049,14.640150697000081],[120.973099794000063,14.640327134000017],[120.973102274000098,14.640404338000053],[120.97309929000005,14.640628081000159],[120.973042112000144,14.640624623000065],[120.972850287000028,14.640623915000162],[120.972802141000102,14.640635973000087],[120.972753030000035,14.64065010500002],[120.972522934000153,14.640670565000107],[120.972218178000162,14.640693701000089],[120.972145168000338,14.640799844000071],[120.972130071000038,14.640830127000186],[120.972124610000037,14.64085986200007],[120.972133335000194,14.640986372000043],[120.972131298000136,14.6410447720001],[120.972155239000017,14.641186512000104],[120.972175480000033,14.641268934000152],[120.972195959000032,14.641453360000128],[120.972205379000115,14.641472907999969],[120.972206400000118,14.641566330999979],[120.971807294000087,14.641577516000098],[120.971668175000218,14.641593600000022],[120.971547341000019,14.641619339000101]]]}},{"type":"Feature","properties":{"adm4_name":"Barangay 32","adm4_name1":null,"adm4_name2":null,"adm4_name3":null,"adm4_pcode":"PH1307501032","adm3_name":"Caloocan City","adm3_name1":null,"adm3_name2":null,"adm3_name3":null,"adm3_pcode":"PH1307501","adm2_name":"Metropolitan Manila Third District","adm2_name1":null,"adm2_name2":null,"adm2_name3":null,"adm2_pcode":"PH13075","adm1_name":"National Capital Region (NCR)","adm1_name1":null,"adm1_name2":null,"adm1_name3":null,"adm1_pcode":"PH13","adm0_name":"Philippines","adm0_name1":null,"adm0_name2":null,"adm0_name3":null,"adm0_pcode":"PH","valid_on":"2025-02-13","valid_to":null,"area_sqkm":0.03998947,"version":"v03","lang":"en","lang1":null,"lang2":null,"lang3":null,"adm4_ref_name":"Barangay 32","center_lat":14.63855022,"center_lon":120.9763892},"geometry":{"type":"Polygon","coordinates":[[[120.976674058000071,14.639742068000146],[120.975683412000194,14.63977482700011],[120.975679883000112,14.639685709000162],[120.97567478000019,14.639345673000093],[120.975671208000108,14.639188655000055],[120.975666822000221,14.638960873000087],[120.975657441000067,14.638689423000187],[120.97563798300007,14.638411024000106],[120.975613683,14.638146751000022],[120.975582538000026,14.637863898000148],[120.975571382000112,14.637733429000093],[120.975545169000043,14.637412224000116],[120.975531494000052,14.637283475000174],[120.975521537000191,14.637183070000162],[120.975506755000083,14.637059019999981],[120.97565057700001,14.637093223000079],[120.975773644000014,14.637123772000052],[120.976093167000045,14.637205668000036],[120.976149511000131,14.63723144800008],[120.976146527000083,14.637549686000114],[120.976177771000152,14.637575323000021],[120.976179810000076,14.63771499000012],[120.976178183000343,14.637744306000059],[120.976652831000024,14.637767441000108],[120.976675356000214,14.637769037000055],[120.976722646000212,14.637772192000057],[120.976831639000238,14.6377722470001],[120.976863893000086,14.637767571000097],[120.976891612000145,14.637749982000173],[120.976915022000298,14.637729614000079],[120.976927926000144,14.637702256000125],[120.977037160000123,14.637676955000074],[120.977156573000116,14.638791852],[120.977174527000216,14.639637870000058],[120.977168418000133,14.639750620000143],[120.976858210000046,14.639758897000036],[120.976674058000071,14.639742068000146]]]}},{"type":"Feature","properties":{"adm4_name":"Barangay 33","adm4_name1":null,"adm4_name2":null,"adm4_name3":null,"adm4_pcode":"PH1307501033","adm3_name":"Caloocan City","adm3_name1":null,"adm3_name2":null,"adm3_name3":null,"adm3_pcode":"PH1307501","adm2_name":"Metropolitan Manila Third District","adm2_name1":null,"adm2_name2":null,"adm2_name3":null,"adm2_pcode":"PH13075","adm1_name":"National Capital Region (NCR)","adm1_name1":null,"adm1_name2":null,"adm1_name3":null,"adm1_pcode":"PH13","adm0_name":"Philippines","adm0_name1":null,"adm0_name2":null,"adm0_name3":null,"adm0_pcode":"PH","valid_on":"2025-02-13","valid_to":null,"area_sqkm":0.07238133,"version":"v03","lang":"en","lang1":null,"lang2":null,"lang3":null,"adm4_ref_name":"Barangay 33","center_lat":14.63652718,"center_lon":120.97556363},"geometry":{"type":"Polygon","coordinates":[[[120.974973280000086,14.637906588000135],[120.974773457000083,14.63792216600018],[120.974496438000074,14.63743738200003],[120.974502277000056,14.637209149000057],[120.974482239000054,14.637192521000145],[120.974459563000096,14.637165965000065],[120.974443826000083,14.637136911000141],[120.974410903000148,14.637078770000016],[120.974382256000013,14.6370289030001],[120.974336386000118,14.636945729000104],[120.97428392900008,14.636859260000165],[120.974259569000083,14.636813503000042],[120.97423950100017,14.636767725000141],[120.974222293000025,14.636720528000069],[120.974215127000093,14.636660780000113],[120.974213702000043,14.63660094100004],[120.974233936000019,14.636453417000098],[120.974235068000098,14.636445168000023],[120.97427339,14.636326209],[120.97429747800004,14.636251439000034],[120.974335776000089,14.636105219000058],[120.974347380000154,14.636047665000092],[120.974348834000239,14.636001357000168],[120.974348839000186,14.635945228000026],[120.974344494000093,14.635903127],[120.97432999900002,14.635855365000168],[120.974314045000142,14.635814650000043],[120.974308556000096,14.63580058600013],[120.974289406000139,14.635751513000059],[120.974257576000014,14.635647843000015],[120.974248763000219,14.635608275000152],[120.974237376000133,14.635558361000108],[120.974229629000092,14.635483923000152],[120.974256022000077,14.635506445000033],[120.9742903,14.635518899000033],[120.974321961000101,14.635526356000184],[120.974352144000022,14.635527544000126],[120.974390047000043,14.635523413000044],[120.974437058000262,14.635515985000154],[120.974486502000104,14.635497740000119],[120.97470200500004,14.635410069000102],[120.974752641,14.635389888000077],[120.974948831000233,14.635309497000094],[120.975095261000092,14.635249990999966],[120.975148985000146,14.635233815000049],[120.97522309600015,14.635216004000085],[120.975225684000179,14.63521540500011],[120.975305432000027,14.635202488000061],[120.975383583000166,14.635199970000031],[120.975466316000166,14.635202299000127],[120.975577090000115,14.635208664],[120.976267882000229,14.63518738300013],[120.976568120000024,14.63517519100003],[120.976706161000152,14.635176695000155],[120.976716433000092,14.635175997999966],[120.976719239000204,14.635176239000089],[120.976785403,14.635514447],[120.976768841000194,14.635516086000052],[120.976785042000074,14.635629045000087],[120.976844191000055,14.636022787000172],[120.976916256000095,14.636636273000079],[120.976966960000027,14.6370573210001],[120.977001460000338,14.637343188000045],[120.977002022000079,14.637348312000142],[120.977037160000123,14.637676955000074],[120.976927926000144,14.637702256000125],[120.976915022000298,14.637729614000079],[120.976891612000145,14.637749982000173],[120.976863893000086,14.637767571000097],[120.976831639000238,14.6377722470001],[120.976722646000212,14.637772192000057],[120.976675356000214,14.637769037000055],[120.976652831000024,14.637767441000108],[120.976178183000343,14.637744306000059],[120.976179810000076,14.63771499000012],[120.976177771000152,14.637575323000021],[120.976146527000083,14.637549686000114],[120.976149511000131,14.63723144800008],[120.976093167000045,14.637205668000036],[120.975773644000014,14.637123772000052],[120.97565057700001,14.637093223000079],[120.975506755000083,14.637059019999981],[120.975521537000191,14.637183070000162],[120.975531494000052,14.637283475000174],[120.975545169000043,14.637412224000116],[120.975571382000112,14.637733429000093],[120.975582538000026,14.637863898000148],[120.975312704000089,14.637884615000189],[120.975147745000186,14.637893966000149],[120.974973280000086,14.637906588000135]]]}},{"type":"Feature","properties":{"adm4_name":"Barangay 34","adm4_name1":null,"adm4_name2":null,"adm4_name3":null,"adm4_pcode":"PH1307501034","adm3_name":"Caloocan City","adm3_name1":null,"adm3_name2":null,"adm3_name3":null,"adm3_pcode":"PH1307501","adm2_name":"Metropolitan Manila Third District","adm2_name1":null,"adm2_name2":null,"adm2_name3":null,"adm2_pcode":"PH13075","adm1_name":"National Capital Region (NCR)","adm1_name1":null,"adm1_name2":null,"adm1_name3":null,"adm1_pcode":"PH13","adm0_name":"Philippines","adm0_name1":null,"adm0_name2":null,"adm0_name3":null,"adm0_pcode":"PH","valid_on":"2025-02-13","valid_to":null,"area_sqkm":0.05589556,"version":"v03","lang":"en","lang1":null,"lang2":null,"lang3":null,"adm4_ref_name":"Barangay 34","center_lat":14.63690249,"center_lon":120.9731799},"geometry":{"type":"Polygon","coordinates":[[[120.97363281600019,14.638003371000082],[120.973290134000081,14.638025918000039],[120.973258612000109,14.637505007000016],[120.973255798000082,14.637461313000131],[120.972897801000045,14.637496456000122],[120.972818206000056,14.637155361000055],[120.972447131000195,14.637211746000048],[120.972380208000118,14.637161641000034],[120.972078969000108,14.637192642000059],[120.972002352000118,14.636434677000125],[120.971980386000041,14.636215665000122],[120.971526021000045,14.636267170000053],[120.971495478000065,14.635760656000059],[120.971491268000023,14.635697699000048],[120.97195269000008,14.635714965000091],[120.972110588000191,14.635720874000128],[120.973282140000265,14.635764713000128],[120.973423875000208,14.63577038000011],[120.974001325000017,14.635792115000072],[120.974290322000229,14.635803139000075],[120.974308556000096,14.63580058600013],[120.974314045000142,14.635814650000043],[120.97432999900002,14.635855365000168],[120.974344494000093,14.635903127],[120.974348839000186,14.635945228000026],[120.974348834000239,14.636001357000168],[120.974347380000154,14.636047665000092],[120.974335776000089,14.636105219000058],[120.97429747800004,14.636251439000034],[120.97427339,14.636326209],[120.974235068000098,14.636445168000023],[120.974233936000019,14.636453417000098],[120.974213702000043,14.63660094100004],[120.974215127000093,14.636660780000113],[120.974222293000025,14.636720528000069],[120.97423950100017,14.636767725000141],[120.974259569000083,14.636813503000042],[120.97428392900008,14.636859260000165],[120.974336386000118,14.636945729000104],[120.974382256000013,14.6370289030001],[120.974410903000148,14.637078770000016],[120.974443826000083,14.637136911000141],[120.974459563000096,14.637165965000065],[120.974482239000054,14.637192521000145],[120.974502277000056,14.637209149000057],[120.974496438000074,14.63743738200003],[120.974773457000083,14.63792216600018],[120.974629092000214,14.637934773999973],[120.974301534000233,14.637963649000142],[120.973962203000156,14.637985923000031],[120.97363281600019,14.638003371000082]]]}},{"type":"Feature","properties":{"adm4_name":"Barangay 35","adm4_name1":null,"adm4_name2":null,"adm4_name3":null,"adm4_pcode":"PH1307501035","adm3_name":"Caloocan City","adm3_name1":null,"adm3_name2":null,"adm3_name3":null,"adm3_pcode":"PH1307501","adm2_name":"Metropolitan Manila Third District","adm2_name1":null,"adm2_name2":null,"adm2_name3":null,"adm2_pcode":"PH13075","adm1_name":"National Capital Region (NCR)","adm1_name1":null,"adm1_name2":null,"adm1_name3":null,"adm1_pcode":"PH13","adm0_name":"Philippines","adm0_name1":null,"adm0_name2":null,"adm0_name3":null,"adm0_pcode":"PH","valid_on":"2025-02-13","valid_to":null,"area_sqkm":0.24154848,"version":"v03","lang":"en","lang1":null,"lang2":null,"lang3":null,"adm4_ref_name":"Barangay 35","center_lat":14.63813139,"center_lon":120.97113107},"geometry":{"type":"Polygon","coordinates":[[[120.96752855800014,14.640386269000032],[120.967520066000134,14.640475505000154],[120.967351099000098,14.640465064000068],[120.967272310000226,14.640460686999972],[120.967224162000321,14.640459592000184],[120.967144690000168,14.640456857],[120.967031569000142,14.640448649000064],[120.966914480000128,14.640442084000142],[120.966807241000197,14.64043661200003],[120.966700001000049,14.640432235000105],[120.966584007000051,14.64042785800001],[120.966477350000218,14.640425009000069],[120.966358585000194,14.640419103999989],[120.966229052000017,14.64041356000007],[120.966229154000075,14.640453497000124],[120.965994691000105,14.640453802000025],[120.965763837000054,14.640451945000166],[120.965538227000025,14.640447794000067],[120.965435721000063,14.640441639000187],[120.965420508000079,14.640409876000149],[120.965278977000025,14.640384016000155],[120.96512408500007,14.640357391000123],[120.965004018000172,14.640342976000113],[120.965028980000056,14.640204723000124],[120.965048182000032,14.640103913000132],[120.96512883000014,14.639680511000108],[120.965153734000069,14.639546890000133],[120.965180470000178,14.639475316000073],[120.965210709000075,14.63941520100019],[120.965254093000112,14.639360048000128],[120.965298537000081,14.639320321000127],[120.96534529500002,14.639291582000169],[120.965431872000181,14.639248442000167],[120.965502616000208,14.639218313000072],[120.965534833000106,14.639205496000159],[120.965660641000227,14.639171802000021],[120.965753349000011,14.639150765000124],[120.96585605000007,14.639134308000109],[120.966004920000159,14.639121716000147],[120.966247864000024,14.639109499000085],[120.966352646000018,14.639106650000144],[120.966545114000269,14.639101418000052],[120.96733658800008,14.639073112],[120.967391331000044,14.63906693500013],[120.967438641000058,14.639058736999971],[120.967502675000219,14.639042391000032],[120.96770592200005,14.638979275000167],[120.968161368000096,14.638768337000101],[120.96820308600013,14.638748863000103],[120.968301752000116,14.638698587000022],[120.968528760000254,14.638563014000113],[120.968711068000061,14.638432321000039],[120.968797333000225,14.6383665030001],[120.968859312000063,14.638304701000152],[120.968905164000148,14.638236853000024],[120.969032860000084,14.63795869900008],[120.969048899000086,14.637910090000048],[120.969073565000144,14.637794658000132],[120.969084312000064,14.637724265000088],[120.969083697000087,14.637649193000073],[120.969044692000011,14.637283355000022],[120.969019044000106,14.637136980000037],[120.968850166000038,14.636548324000046],[120.96877268500009,14.636298335000049],[120.968753871000104,14.636235674000091],[120.968693548000033,14.636026899000115],[120.968658396000023,14.635834489000047],[120.968637203000071,14.635697484000161],[120.968624587000136,14.63559090800004],[120.968669300000215,14.635592101000043],[120.971491268000023,14.635697699000048],[120.971495478000065,14.635760656000059],[120.971526021000045,14.636267170000053],[120.971980386000041,14.636215665000122],[120.972002352000118,14.636434677000125],[120.972078969000108,14.637192642000059],[120.972380208000118,14.637161641000034],[120.972447131000195,14.637211746000048],[120.972818206000056,14.637155361000055],[120.972897801000045,14.637496456000122],[120.973255798000082,14.637461313000131],[120.973258612000109,14.637505007000016],[120.973290134000081,14.638025918000039],[120.97333577500001,14.638287110000022],[120.97338409300005,14.638562138],[120.973430723000092,14.638853392000158],[120.973106312000141,14.638907667000126],[120.973123098000087,14.639119357000027],[120.973229230000015,14.639705926000147],[120.973073729000021,14.639715609000177],[120.972899509000172,14.639722839000058],[120.972580344000107,14.639741320000041],[120.972415572000159,14.639750943000081],[120.972168802000169,14.63976588800017],[120.97160435,14.639811347000091],[120.971410275000039,14.639826027000083],[120.971186934000116,14.639845015000049],[120.971161184000152,14.639844295000159],[120.970840025000143,14.639863836000075],[120.970799925000165,14.639448085000026],[120.970497204000026,14.639474415000109],[120.969918429000018,14.639534093000066],[120.969673780000107,14.639560063999966],[120.969571136000013,14.63957973600003],[120.969495063000181,14.63959888200003],[120.969366345000026,14.639638324999964],[120.969298705000142,14.639664874000118],[120.969246337000072,14.6396914930001],[120.969168115000116,14.639731909000091],[120.96909185700008,14.639785355000072],[120.969024771000022,14.639843703999986],[120.968933096000114,14.639936878000071],[120.968738316000213,14.639755573000116],[120.968633396000087,14.639867007000078],[120.968598324000027,14.63991581200014],[120.968540030000099,14.640018936000104],[120.968476012000338,14.640159702000062],[120.968463794000058,14.640190523],[120.96837523000022,14.640171806000183],[120.968222788000162,14.6401182030001],[120.968001633000085,14.640044397],[120.967655914000034,14.639930294000067],[120.967607310000062,14.640070314000127],[120.967568001000132,14.640198041000133],[120.967551141000285,14.640264556000034],[120.967534717000035,14.64034052500017],[120.96752855800014,14.640386269000032]]]}},{"type":"Feature","properties":{"adm4_name":"Barangay 36","adm4_name1":null,"adm4_name2":null,"adm4_name3":null,"adm4_pcode":"PH1307501036","adm3_name":"Caloocan City","adm3_name1":null,"adm3_name2":null,"adm3_name3":null,"adm3_pcode":"PH1307501","adm2_name":"Metropolitan Manila Third District","adm2_name1":null,"adm2_name2":null,"adm2_name3":null,"adm2_pcode":"PH13075","adm1_name":"National Capital Region (NCR)","adm1_name1":null,"adm1_name2":null,"adm1_name3":null,"adm1_pcode":"PH13","adm0_name":"Philippines","adm0_name1":null,"adm0_name2":null,"adm0_name3":null,"adm0_pcode":"PH","valid_on":"2025-02-13","valid_to":null,"area_sqkm":0.05736307,"version":"v03","lang":"en","lang1":null,"lang2":null,"lang3":null,"adm4_ref_name":"Barangay 36","center_lat":14.63618417,"center_lon":120.97830085},"geometry":{"type":"Polygon","coordinates":[[[120.977135095000108,14.637323063999986],[120.977001460000338,14.637343188000045],[120.976966960000027,14.6370573210001],[120.976916256000095,14.636636273000079],[120.976844191000055,14.636022787000172],[120.976785042000074,14.635629045000087],[120.976768841000194,14.635516086000052],[120.976785403,14.635514447],[120.976719239000204,14.635176239000089],[120.976761427000156,14.635180032000164],[120.976812252000173,14.635190517000012],[120.976857298000141,14.63520664400005],[120.976887293000232,14.635219545000098],[120.976914788000272,14.635237284000084],[120.976939439000148,14.635260175000099],[120.976965335000159,14.635287271000038],[120.976995329000147,14.635312265000152],[120.977137631000119,14.635418795000078],[120.977138352000111,14.635419335000108],[120.977139426,14.635420039],[120.97716564100017,14.635437223],[120.977197898000099,14.635457052000163],[120.977225874000055,14.635472045000029],[120.977261076000332,14.635486428000092],[120.977292076000026,14.635497648000126],[120.977322585000024,14.63550294800001],[120.977354705000039,14.635500505000095],[120.977383614000018,14.635491278000131],[120.977421774000163,14.63546771700004],[120.977536607000161,14.635381825000024],[120.977572148000149,14.635349164000104],[120.977703266000162,14.635222843000065],[120.977749402000086,14.635179612000115],[120.977766299000109,14.635162092000087],[120.977864615000044,14.635356036000132],[120.977955471000314,14.635529965000046],[120.977955487000145,14.63552999500007],[120.979167063000205,14.635591702000113],[120.979252924000093,14.635508653000045],[120.979543196,14.635521163000021],[120.979709067000158,14.635522102000039],[120.979860656000142,14.635528679000117],[120.979902819000017,14.635530507999988],[120.979905455000221,14.635530622000033],[120.979822668000224,14.635828778000189],[120.979762979000157,14.636062086000095],[120.979714142000262,14.636306246000061],[120.979384892000212,14.637092906000134],[120.979303239000274,14.637281601000041],[120.979168476000041,14.637206969999966],[120.979088542000227,14.637177025000085],[120.979014118000123,14.637157936],[120.978853343000196,14.637135094000087],[120.97872174400004,14.637120257],[120.978658025000186,14.637126750999983],[120.978612453000324,14.63713014800004],[120.978439693000041,14.637149547000092],[120.978434874000072,14.637125012000126],[120.978333942000063,14.637133405000043],[120.97832281400008,14.637073008000073],[120.978274139000064,14.637093741000115],[120.978250440000124,14.63705317300014],[120.978219781,14.63706748900006],[120.978081437000128,14.637133047000191],[120.977948202000334,14.637194168000178],[120.977885406000155,14.637213691999989],[120.977829265000196,14.637218049000126],[120.977773435000017,14.637222315000088],[120.977550235000194,14.637257871000031],[120.977317454000058,14.637297982000064],[120.977273093,14.637305583000057],[120.977135095000108,14.637323063999986]]]}},{"type":"Feature","properties":{"adm4_name":"Barangay 37","adm4_name1":null,"adm4_name2":null,"adm4_name3":null,"adm4_pcode":"PH1307501037","adm3_name":"Caloocan City","adm3_name1":null,"adm3_name2":null,"adm3_name3":null,"adm3_pcode":"PH1307501","adm2_name":"Metropolitan Manila Third District","adm2_name1":null,"adm2_name2":null,"adm2_name3":null,"adm2_pcode":"PH13075","adm1_name":"National Capital Region (NCR)","adm1_name1":null,"adm1_name2":null,"adm1_name3":null,"adm1_pcode":"PH13","adm0_name":"Philippines","adm0_name1":null,"adm0_name2":null,"adm0_name3":null,"adm0_pcode":"PH","valid_on":"2025-02-13","valid_to":null,"area_sqkm":0.04922598,"version":"v03","lang":"en","lang1":null,"lang2":null,"lang3":null,"adm4_ref_name":"Barangay 37","center_lat":14.63860392,"center_lon":120.97789551},"geometry":{"type":"Polygon","coordinates":[[[120.977919779000217,14.639838175000023],[120.977826478000225,14.639987632000043],[120.977774915000168,14.639936905000184],[120.977571215000012,14.639823461000049],[120.977168418000133,14.639750620000143],[120.977174527000216,14.639637870000058],[120.977156573000116,14.638791852],[120.977037160000123,14.637676955000074],[120.977002022000079,14.637348312000142],[120.977001460000338,14.637343188000045],[120.977135095000108,14.637323063999986],[120.977273093,14.637305583000057],[120.977317454000058,14.637297982000064],[120.977550235000194,14.637257871000031],[120.977773435000017,14.637222315000088],[120.977829265000196,14.637218049000126],[120.977885406000155,14.637213691999989],[120.977948202000334,14.637194168000178],[120.978081437000128,14.637133047000191],[120.978219781,14.63706748900006],[120.978250440000124,14.63705317300014],[120.978274139000064,14.637093741000115],[120.97832281400008,14.637073008000073],[120.978333942000063,14.637133405000043],[120.978434874000072,14.637125012000126],[120.978439693000041,14.637149547000092],[120.978612453000324,14.63713014800004],[120.978658025000186,14.637126750999983],[120.97872174400004,14.637120257],[120.978853343000196,14.637135094000087],[120.979014118000123,14.637157936],[120.979088542000227,14.637177025000085],[120.979168476000041,14.637206969999966],[120.979303239000274,14.637281601000041],[120.9790386640002,14.637893011000187],[120.978922774000011,14.638110406000123],[120.978890093000018,14.63817008400008],[120.97880831000009,14.638329817000056],[120.978725831000133,14.638480968000067],[120.978583334000177,14.638726872000177],[120.978520955000022,14.638817313000061],[120.978420166000092,14.638980675000084],[120.978388746000064,14.639033854000161],[120.97823967100021,14.63928227800011],[120.978060453000126,14.639592647000086],[120.977919779000217,14.639838175000023]]]}},{"type":"Feature","properties":{"adm4_name":"Barangay 38","adm4_name1":null,"adm4_name2":null,"adm4_name3":null,"adm4_pcode":"PH1307501038","adm3_name":"Caloocan City","adm3_name1":null,"adm3_name2":null,"adm3_name3":null,"adm3_pcode":"PH1307501","adm2_name":"Metropolitan Manila Third District","adm2_name1":null,"adm2_name2":null,"adm2_name3":null,"adm2_pcode":"PH13075","adm1_name":"National Capital Region (NCR)","adm1_name1":null,"adm1_name2":null,"adm1_name3":null,"adm1_pcode":"PH13","adm0_name":"Philippines","adm0_name1":null,"adm0_name2":null,"adm0_name3":null,"adm0_pcode":"PH","valid_on":"2025-02-13","valid_to":null,"area_sqkm":0.03276949,"version":"v03","lang":"en","lang1":null,"lang2":null,"lang3":null,"adm4_ref_name":"Barangay 38","center_lat":14.63942523,"center_lon":120.97891725},"geometry":{"type":"Polygon","coordinates":[[[120.979076773000202,14.640493579000065],[120.978981710000085,14.640495642000133],[120.978814912000075,14.64049221300013],[120.978723141000046,14.640488713000025],[120.97861202200022,14.640487532000179],[120.978476355000112,14.640486884000097],[120.978388318000157,14.640483645000131],[120.978338711000106,14.640480105000165],[120.978300647000083,14.640470461000064],[120.978270573000145,14.640453135000087],[120.978239935000033,14.640430710000089],[120.978157122000084,14.640339635000089],[120.978071954000143,14.640251539000076],[120.977987728000016,14.640160662000142],[120.977969608000194,14.640142544000071],[120.977950704000023,14.640121009000154],[120.977931063000256,14.640098121],[120.977902758000141,14.640067885000178],[120.977826478000225,14.639987632000043],[120.977919779000217,14.639838175000023],[120.978060453000126,14.639592647000086],[120.97823967100021,14.63928227800011],[120.978388746000064,14.639033854000161],[120.978420166000092,14.638980675000084],[120.978520955000022,14.638817313000061],[120.978583334000177,14.638726872000177],[120.978725831000133,14.638480968000067],[120.97880831000009,14.638329817000056],[120.978890093000018,14.63817008400008],[120.978922774000011,14.638110406000123],[120.979003226000032,14.638140871000076],[120.979003559000034,14.638142056999982],[120.979009920000067,14.638210600000093],[120.979021161000219,14.638322951000021],[120.979020691000187,14.63841238200007],[120.979020423000179,14.638536568000063],[120.979051783000045,14.638634863999982],[120.979088234000187,14.638697137000065],[120.979325923000033,14.638993747000143],[120.979527573000041,14.639241899000069],[120.979794166000147,14.639568177000058],[120.979791973000033,14.63961568700006],[120.97978724200027,14.639699207000035],[120.979794630000015,14.640054098000178],[120.979808573000014,14.64045889700003],[120.979428956000106,14.640476471000056],[120.979076773000202,14.640493579000065]]]}},{"type":"Feature","properties":{"adm4_name":"Barangay 39","adm4_name1":null,"adm4_name2":null,"adm4_name3":null,"adm4_pcode":"PH1307501039","adm3_name":"Caloocan City","adm3_name1":null,"adm3_name2":null,"adm3_name3":null,"adm3_pcode":"PH1307501","adm2_name":"Metropolitan Manila Third District","adm2_name1":null,"adm2_name2":null,"adm2_name3":null,"adm2_pcode":"PH13075","adm1_name":"National Capital Region (NCR)","adm1_name1":null,"adm1_name2":null,"adm1_name3":null,"adm1_pcode":"PH13","adm0_name":"Philippines","adm0_name1":null,"adm0_name2":null,"adm0_name3":null,"adm0_pcode":"PH","valid_on":"2025-02-13","valid_to":null,"area_sqkm":0.01602464,"version":"v03","lang":"en","lang1":null,"lang2":null,"lang3":null,"adm4_ref_name":"Barangay 39","center_lat":14.6373137,"center_lon":120.98250334},"geometry":{"type":"Polygon","coordinates":[[[120.981985777000205,14.638133299000174],[120.981885890000058,14.638138671000092],[120.981960256000093,14.637810297999977],[120.982130503000121,14.637058554000134],[120.982135308000011,14.637036460000104],[120.982219103000148,14.636651189000077],[120.982222955000111,14.636648552000167],[120.982263604000195,14.636620723000078],[120.982332293000127,14.6366343790001],[120.982570590000023,14.636542622000093],[120.982812812000134,14.637053382999966],[120.982890279000117,14.637223365000182],[120.982977658000095,14.637404041000025],[120.98300946300003,14.637469682000074],[120.983152392000193,14.637801626000169],[120.983239924000145,14.638041145000159],[120.983256273000165,14.638094958000067],[120.982586548000086,14.638117058000148],[120.981985777000205,14.638133299000174]]]}},{"type":"Feature","properties":{"adm4_name":"Barangay 40","adm4_name1":null,"adm4_name2":null,"adm4_name3":null,"adm4_pcode":"PH1307501040","adm3_name":"Caloocan City","adm3_name1":null,"adm3_name2":null,"adm3_name3":null,"adm3_pcode":"PH1307501","adm2_name":"Metropolitan Manila Third District","adm2_name1":null,"adm2_name2":null,"adm2_name3":null,"adm2_pcode":"PH13075","adm1_name":"National Capital Region (NCR)","adm1_name1":null,"adm1_name2":null,"adm1_name3":null,"adm1_pcode":"PH13","adm0_name":"Philippines","adm0_name1":null,"adm0_name2":null,"adm0_name3":null,"adm0_pcode":"PH","valid_on":"2025-02-13","valid_to":null,"area_sqkm":0.02204522,"version":"v03","lang":"en","lang1":null,"lang2":null,"lang3":null,"adm4_ref_name":"Barangay 40","center_lat":14.63854665,"center_lon":120.98244534},"geometry":{"type":"Polygon","coordinates":[[[120.980680881000012,14.639026246000071],[120.980614268000181,14.639027938000027],[120.980611084000088,14.63861263900003],[120.980909282000198,14.638605425000151],[120.981217090000087,14.638599771000031],[120.981352570000126,14.638586246000045],[120.98140612900022,14.638583004000168],[120.981453734000183,14.638581219000116],[120.981498935000104,14.63858036900001],[120.981500693000044,14.638577732000044],[120.981885425000087,14.638186494000024],[120.981885890000058,14.638138671000092],[120.981985777000205,14.638133299000174],[120.982586548000086,14.638117058000148],[120.983256273000165,14.638094958000067],[120.983311643000093,14.638311691000183],[120.983354640000016,14.638515573000177],[120.983376541000325,14.638657903000023],[120.983399077000058,14.63894132300004],[120.982612627000208,14.638967358000173],[120.981902116000128,14.638994460999982],[120.981553901000211,14.63900137000013],[120.981215555000063,14.639008265000086],[120.980837566000105,14.639021387000071],[120.980680881000012,14.639026246000071]]]}},{"type":"Feature","properties":{"adm4_name":"Barangay 41","adm4_name1":null,"adm4_name2":null,"adm4_name3":null,"adm4_pcode":"PH1307501041","adm3_name":"Caloocan City","adm3_name1":null,"adm3_name2":null,"adm3_name3":null,"adm3_pcode":"PH1307501","adm2_name":"Metropolitan Manila Third District","adm2_name1":null,"adm2_name2":null,"adm2_name3":null,"adm2_pcode":"PH13075","adm1_name":"National Capital Region (NCR)","adm1_name1":null,"adm1_name2":null,"adm1_name3":null,"adm1_pcode":"PH13","adm0_name":"Philippines","adm0_name1":null,"adm0_name2":null,"adm0_name3":null,"adm0_pcode":"PH","valid_on":"2025-02-13","valid_to":null,"area_sqkm":0.0366,"version":"v03","lang":"en","lang1":null,"lang2":null,"lang3":null,"adm4_ref_name":"Barangay 41","center_lat":14.63976357,"center_lon":120.98231965},"geometry":{"type":"Polygon","coordinates":[[[120.981587454000191,14.640390248000131],[120.981231043000093,14.640405712000131],[120.981220286000053,14.640005052000049],[120.981211202000168,14.639522085000124],[120.981215555000063,14.639008265000086],[120.981553901000211,14.63900137000013],[120.981902116000128,14.638994460999982],[120.982612627000208,14.638967358000173],[120.983399077000058,14.63894132300004],[120.983408337000128,14.639301884000133],[120.983442624000077,14.640341589000059],[120.98265488800007,14.640361450000057],[120.981959300000085,14.640382130000148],[120.981587454000191,14.640390248000131]]]}},{"type":"Feature","properties":{"adm4_name":"Barangay 42","adm4_name1":null,"adm4_name2":null,"adm4_name3":null,"adm4_pcode":"PH1307501042","adm3_name":"Caloocan City","adm3_name1":null,"adm3_name2":null,"adm3_name3":null,"adm3_pcode":"PH1307501","adm2_name":"Metropolitan Manila Third District","adm2_name1":null,"adm2_name2":null,"adm2_name3":null,"adm2_pcode":"PH13075","adm1_name":"National Capital Region (NCR)","adm1_name1":null,"adm1_name2":null,"adm1_name3":null,"adm1_pcode":"PH13","adm0_name":"Philippines","adm0_name1":null,"adm0_name2":null,"adm0_name3":null,"adm0_pcode":"PH","valid_on":"2025-02-13","valid_to":null,"area_sqkm":0.02383183,"version":"v03","lang":"en","lang1":null,"lang2":null,"lang3":null,"adm4_ref_name":"Barangay 42","center_lat":14.63985213,"center_lon":120.98050392},"geometry":{"type":"Polygon","coordinates":[[[120.980140782000035,14.640446222000151],[120.979808573000014,14.64045889700003],[120.979794630000015,14.640054098000178],[120.97978724200027,14.639699207000035],[120.979791973000033,14.63961568700006],[120.979794166000147,14.639568177000058],[120.979822520000198,14.639023716],[120.980487881000045,14.639026249000153],[120.980614268000181,14.639027938000027],[120.980680881000012,14.639026246000071],[120.980837566000105,14.639021387000071],[120.981215555000063,14.639008265000086],[120.981211202000168,14.639522085000124],[120.981220286000053,14.640005052000049],[120.981231043000093,14.640405712000131],[120.98089823600003,14.640418437000051],[120.980512855000029,14.640434393000135],[120.980140782000035,14.640446222000151]]]}},{"type":"Feature","properties":{"adm4_name":"Barangay 43","adm4_name1":null,"adm4_name2":null,"adm4_name3":null,"adm4_pcode":"PH1307501043","adm3_name":"Caloocan City","adm3_name1":null,"adm3_name2":null,"adm3_name3":null,"adm3_pcode":"PH1307501","adm2_name":"Metropolitan Manila Third District","adm2_name1":null,"adm2_name2":null,"adm2_name3":null,"adm2_pcode":"PH13075","adm1_name":"National Capital Region (NCR)","adm1_name1":null,"adm1_name2":null,"adm1_name3":null,"adm1_pcode":"PH13","adm0_name":"Philippines","adm0_name1":null,"adm0_name2":null,"adm0_name3":null,"adm0_pcode":"PH","valid_on":"2025-02-13","valid_to":null,"area_sqkm":0.03910677,"version":"v03","lang":"en","lang1":null,"lang2":null,"lang3":null,"adm4_ref_name":"Barangay 43","center_lat":14.64071839,"center_lon":120.97807741},"geometry":{"type":"Polygon","coordinates":[[[120.978759223000225,14.641877960000102],[120.978467044000126,14.641879936000066],[120.978324064000049,14.64187114200007],[120.978003895000029,14.641860278000081],[120.977890695000156,14.641839773000072],[120.977301864000196,14.641684858000133],[120.976944279,14.641474650000134],[120.976986821000082,14.641239596000048],[120.976991113000281,14.641215300000169],[120.977044924000211,14.640910013000052],[120.977094057000272,14.640592019],[120.977137590000098,14.64032571600012],[120.977155921000076,14.639982317000033],[120.977168418000133,14.639750620000143],[120.977571215000012,14.639823461000049],[120.977774915000168,14.639936905000184],[120.977826478000225,14.639987632000043],[120.977902758000141,14.640067885000178],[120.977931063000256,14.640098121],[120.977950704000023,14.640121009000154],[120.977969608000194,14.640142544000071],[120.977987728000016,14.640160662000142],[120.978071954000143,14.640251539000076],[120.978157122000084,14.640339635000089],[120.978239935000033,14.640430710000089],[120.978270573000145,14.640453135000087],[120.978300647000083,14.640470461000064],[120.978338711000106,14.640480105000165],[120.978388318000157,14.640483645000131],[120.978476355000112,14.640486884000097],[120.97861202200022,14.640487532000179],[120.978723141000046,14.640488713000025],[120.978814912000075,14.64049221300013],[120.978981710000085,14.640495642000133],[120.979076773000202,14.640493579000065],[120.979082249000157,14.64084475500016],[120.979087631000198,14.641177166000034],[120.979098668,14.641508268000052],[120.979111157000034,14.641864923000185],[120.978759223000225,14.641877960000102]]]}},{"type":"Feature","properties":{"adm4_name":"Barangay 44","adm4_name1":null,"adm4_name2":null,"adm4_name3":null,"adm4_pcode":"PH1307501044","adm3_name":"Caloocan City","adm3_name1":null,"adm3_name2":null,"adm3_name3":null,"adm3_pcode":"PH1307501","adm2_name":"Metropolitan Manila Third District","adm2_name1":null,"adm2_name2":null,"adm2_name3":null,"adm2_pcode":"PH13075","adm1_name":"National Capital Region (NCR)","adm1_name1":null,"adm1_name2":null,"adm1_name3":null,"adm1_pcode":"PH13","adm0_name":"Philippines","adm0_name1":null,"adm0_name2":null,"adm0_name3":null,"adm0_pcode":"PH","valid_on":"2025-02-13","valid_to":null,"area_sqkm":0.03567887,"version":"v03","lang":"en","lang1":null,"lang2":null,"lang3":null,"adm4_ref_name":"Barangay 44","center_lat":14.64101096,"center_lon":120.98016607},"geometry":{"type":"Polygon","coordinates":[[[120.979856983000104,14.641848795000101],[120.979111157000034,14.641864923000185],[120.979098668,14.641508268000052],[120.979087631000198,14.641177166000034],[120.979082249000157,14.64084475500016],[120.979076773000202,14.640493579000065],[120.979428956000106,14.640476471000056],[120.979808573000014,14.64045889700003],[120.980140782000035,14.640446222000151],[120.980512855000029,14.640434393000135],[120.98089823600003,14.640418437000051],[120.981231043000093,14.640405712000131],[120.981268140000225,14.641794991000097],[120.980567245000088,14.641817839],[120.979856983000104,14.641848795000101]]]}},{"type":"Feature","properties":{"adm4_name":"Barangay 45","adm4_name1":null,"adm4_name2":null,"adm4_name3":null,"adm4_pcode":"PH1307501045","adm3_name":"Caloocan City","adm3_name1":null,"adm3_name2":null,"adm3_name3":null,"adm3_pcode":"PH1307501","adm2_name":"Metropolitan Manila Third District","adm2_name1":null,"adm2_name2":null,"adm2_name3":null,"adm2_pcode":"PH13075","adm1_name":"National Capital Region (NCR)","adm1_name1":null,"adm1_name2":null,"adm1_name3":null,"adm1_pcode":"PH13","adm0_name":"Philippines","adm0_name1":null,"adm0_name2":null,"adm0_name3":null,"adm0_pcode":"PH","valid_on":"2025-02-13","valid_to":null,"area_sqkm":0.03678392,"version":"v03","lang":"en","lang1":null,"lang2":null,"lang3":null,"adm4_ref_name":"Barangay 45","center_lat":14.64106848,"center_lon":120.98235806},"geometry":{"type":"Polygon","coordinates":[[[120.981998340000246,14.64177068500004],[120.981268140000225,14.641794991000097],[120.981231043000093,14.640405712000131],[120.981587454000191,14.640390248000131],[120.981959300000085,14.640382130000148],[120.98265488800007,14.640361450000057],[120.983442624000077,14.640341589000059],[120.983489961000146,14.641731257000117],[120.982713894000085,14.641753921000031],[120.981998340000246,14.64177068500004]]]}},{"type":"Feature","properties":{"adm4_name":"Barangay 46","adm4_name1":null,"adm4_name2":null,"adm4_name3":null,"adm4_pcode":"PH1307501046","adm3_name":"Caloocan City","adm3_name1":null,"adm3_name2":null,"adm3_name3":null,"adm3_pcode":"PH1307501","adm2_name":"Metropolitan Manila Third District","adm2_name1":null,"adm2_name2":null,"adm2_name3":null,"adm2_pcode":"PH13075","adm1_name":"National Capital Region (NCR)","adm1_name1":null,"adm1_name2":null,"adm1_name3":null,"adm1_pcode":"PH13","adm0_name":"Philippines","adm0_name1":null,"adm0_name2":null,"adm0_name3":null,"adm0_pcode":"PH","valid_on":"2025-02-13","valid_to":null,"area_sqkm":0.04302328,"version":"v03","lang":"en","lang1":null,"lang2":null,"lang3":null,"adm4_ref_name":"Barangay 46","center_lat":14.64256819,"center_lon":120.97793747},"geometry":{"type":"Polygon","coordinates":[[[120.97668868400001,14.643335500000092],[120.976580804000037,14.643341860000078],[120.976646336000272,14.643006481000157],[120.976681317000043,14.642828673000167],[120.9767833840001,14.642307708000146],[120.976944279,14.641474650000134],[120.977301864000196,14.641684858000133],[120.977890695000156,14.641839773000072],[120.978003895000029,14.641860278000081],[120.978324064000049,14.64187114200007],[120.978467044000126,14.641879936000066],[120.978759223000225,14.641877960000102],[120.979111157000034,14.641864923000185],[120.979173073000197,14.643249857],[120.978431145000059,14.643272745000161],[120.978166971000064,14.643277812000122],[120.977823414000113,14.643289506000031],[120.977691070000219,14.643294800000092],[120.977323675000093,14.643307865],[120.977194778000012,14.643309358000067],[120.976816273000054,14.643327886000179],[120.97668868400001,14.643335500000092]]]}},{"type":"Feature","properties":{"adm4_name":"Barangay 47","adm4_name1":null,"adm4_name2":null,"adm4_name3":null,"adm4_pcode":"PH1307501047","adm3_name":"Caloocan City","adm3_name1":null,"adm3_name2":null,"adm3_name3":null,"adm3_pcode":"PH1307501","adm2_name":"Metropolitan Manila Third District","adm2_name1":null,"adm2_name2":null,"adm2_name3":null,"adm2_pcode":"PH13075","adm1_name":"National Capital Region (NCR)","adm1_name1":null,"adm1_name2":null,"adm1_name3":null,"adm1_pcode":"PH13","adm0_name":"Philippines","adm0_name1":null,"adm0_name2":null,"adm0_name3":null,"adm0_pcode":"PH","valid_on":"2025-02-13","valid_to":null,"area_sqkm":0.03562985,"version":"v03","lang":"en","lang1":null,"lang2":null,"lang3":null,"adm4_ref_name":"Barangay 47","center_lat":14.64252498,"center_lon":120.98022095},"geometry":{"type":"Polygon","coordinates":[[[120.979896014000019,14.643226361000018],[120.979173073000197,14.643249857],[120.979111157000034,14.641864923000185],[120.979856983000104,14.641848795000101],[120.980567245000088,14.641817839],[120.981268140000225,14.641794991000097],[120.981331144000137,14.643185034000055],[120.980606242000022,14.643204973000024],[120.979896014000019,14.643226361000018]]]}},{"type":"Feature","properties":{"adm4_name":"Barangay 48","adm4_name1":null,"adm4_name2":null,"adm4_name3":null,"adm4_pcode":"PH1307501048","adm3_name":"Caloocan City","adm3_name1":null,"adm3_name2":null,"adm3_name3":null,"adm3_pcode":"PH1307501","adm2_name":"Metropolitan Manila Third District","adm2_name1":null,"adm2_name2":null,"adm2_name3":null,"adm2_pcode":"PH13075","adm1_name":"National Capital Region (NCR)","adm1_name1":null,"adm1_name2":null,"adm1_name3":null,"adm1_pcode":"PH13","adm0_name":"Philippines","adm0_name1":null,"adm0_name2":null,"adm0_name3":null,"adm0_pcode":"PH","valid_on":"2025-02-13","valid_to":null,"area_sqkm":0.03660341,"version":"v03","lang":"en","lang1":null,"lang2":null,"lang3":null,"adm4_ref_name":"Barangay 48","center_lat":14.64272219,"center_lon":120.98241399},"geometry":{"type":"Polygon","coordinates":[[[120.982036302000211,14.643164808000165],[120.981331144000137,14.643185034000055],[120.981268140000225,14.641794991000097],[120.981998340000246,14.64177068500004],[120.982713894000085,14.641753921000031],[120.983489961000146,14.641731257000117],[120.983504038000092,14.642326947000015],[120.983531598000127,14.643117441000072],[120.982766059000141,14.643136583000057],[120.982402548000096,14.643153102000099],[120.982036302000211,14.643164808000165]]]}},{"type":"Feature","properties":{"adm4_name":"Barangay 49","adm4_name1":null,"adm4_name2":null,"adm4_name3":null,"adm4_pcode":"PH1307501049","adm3_name":"Caloocan City","adm3_name1":null,"adm3_name2":null,"adm3_name3":null,"adm3_pcode":"PH1307501","adm2_name":"Metropolitan Manila Third District","adm2_name1":null,"adm2_name2":null,"adm2_name3":null,"adm2_pcode":"PH13075","adm1_name":"National Capital Region (NCR)","adm1_name1":null,"adm1_name2":null,"adm1_name3":null,"adm1_pcode":"PH13","adm0_name":"Philippines","adm0_name1":null,"adm0_name2":null,"adm0_name3":null,"adm0_pcode":"PH","valid_on":"2025-02-13","valid_to":null,"area_sqkm":0.04768932,"version":"v03","lang":"en","lang1":null,"lang2":null,"lang3":null,"adm4_ref_name":"Barangay 49","center_lat":14.64447839,"center_lon":120.97711669},"geometry":{"type":"Polygon","coordinates":[[[120.977814521000028,14.646086372000127],[120.97764504700001,14.646087580000085],[120.977525308000168,14.646076679000146],[120.977411063000091,14.64606722700006],[120.977285103000099,14.646052857000143],[120.977167471000143,14.646039923000103],[120.977077766000093,14.646029768000062],[120.977105665000181,14.645745396000166],[120.976515317,14.645673475000024],[120.976115840000034,14.645591419000141],[120.976277017000029,14.644775353000114],[120.976386865000222,14.644258580000098],[120.976501024000186,14.643721520000042],[120.976580804000037,14.643341860000078],[120.97668868400001,14.643335500000092],[120.976816273000054,14.643327886000179],[120.977194778000012,14.643309358000067],[120.977323675000093,14.643307865],[120.977691070000219,14.643294800000092],[120.977823414000113,14.643289506000031],[120.978166971000064,14.643277812000122],[120.977843125000049,14.644698190000042],[120.977759536,14.644705605000013],[120.977771029000337,14.644860210000104],[120.977776498000026,14.645146705000116],[120.977814521000028,14.646086372000127]]]}},{"type":"Feature","properties":{"adm4_name":"Barangay 50","adm4_name1":null,"adm4_name2":null,"adm4_name3":null,"adm4_pcode":"PH1307501050","adm3_name":"Caloocan City","adm3_name1":null,"adm3_name2":null,"adm3_name3":null,"adm3_pcode":"PH1307501","adm2_name":"Metropolitan Manila Third District","adm2_name1":null,"adm2_name2":null,"adm2_name3":null,"adm2_pcode":"PH13075","adm1_name":"National Capital Region (NCR)","adm1_name1":null,"adm1_name2":null,"adm1_name3":null,"adm1_pcode":"PH13","adm0_name":"Philippines","adm0_name1":null,"adm0_name2":null,"adm0_name3":null,"adm0_pcode":"PH","valid_on":"2025-02-13","valid_to":null,"area_sqkm":0.03194975,"version":"v03","lang":"en","lang1":null,"lang2":null,"lang3":null,"adm4_ref_name":"Barangay 50","center_lat":14.64395053,"center_lon":120.97896701000001},"geometry":{"type":"Polygon","coordinates":[[[120.978476774000228,14.644665978000035],[120.977843125000049,14.644698190000042],[120.978166971000064,14.643277812000122],[120.978431145000059,14.643272745000161],[120.979173073000197,14.643249857],[120.979896014000019,14.643226361000018],[120.979943099000138,14.64462325500017],[120.979198110000198,14.644652215000065],[120.978476774000228,14.644665978000035]]]}},{"type":"Feature","properties":{"adm4_name":"Barangay 51","adm4_name1":null,"adm4_name2":null,"adm4_name3":null,"adm4_pcode":"PH1307501051","adm3_name":"Caloocan City","adm3_name1":null,"adm3_name2":null,"adm3_name3":null,"adm3_pcode":"PH1307501","adm2_name":"Metropolitan Manila Third District","adm2_name1":null,"adm2_name2":null,"adm2_name3":null,"adm2_pcode":"PH13075","adm1_name":"National Capital Region (NCR)","adm1_name1":null,"adm1_name2":null,"adm1_name3":null,"adm1_pcode":"PH13","adm0_name":"Philippines","adm0_name1":null,"adm0_name2":null,"adm0_name3":null,"adm0_pcode":"PH","valid_on":"2025-02-13","valid_to":null,"area_sqkm":0.05938314,"version":"v03","lang":"en","lang1":null,"lang2":null,"lang3":null,"adm4_ref_name":"Barangay 51","center_lat":14.64378941,"center_lon":120.98173751},"geometry":{"type":"Polygon","coordinates":[[[120.980654495000181,14.644604767000033],[120.979943099000138,14.64462325500017],[120.979896014000019,14.643226361000018],[120.980606242000022,14.643204973000024],[120.981331144000137,14.643185034000055],[120.982036302000211,14.643164808000165],[120.982402548000096,14.643153102000099],[120.982766059000141,14.643136583000057],[120.983531598000127,14.643117441000072],[120.983583852000038,14.644352463000132],[120.98309200000017,14.644357925000065],[120.983046121000029,14.644361059000119],[120.98300457300013,14.644371825000121],[120.982963629000096,14.644392993999986],[120.982924143000218,14.644420755999988],[120.982805124000038,14.644520480000097],[120.982591946000184,14.644558646000064],[120.982087772000227,14.644562196000152],[120.981370024000171,14.644579761000102],[120.980654495000181,14.644604767000033]]]}},{"type":"Feature","properties":{"adm4_name":"Barangay 52","adm4_name1":null,"adm4_name2":null,"adm4_name3":null,"adm4_pcode":"PH1307501052","adm3_name":"Caloocan City","adm3_name1":null,"adm3_name2":null,"adm3_name3":null,"adm3_pcode":"PH1307501","adm2_name":"Metropolitan Manila Third District","adm2_name1":null,"adm2_name2":null,"adm2_name3":null,"adm2_pcode":"PH13075","adm1_name":"National Capital Region (NCR)","adm1_name1":null,"adm1_name2":null,"adm1_name3":null,"adm1_pcode":"PH13","adm0_name":"Philippines","adm0_name1":null,"adm0_name2":null,"adm0_name3":null,"adm0_pcode":"PH","valid_on":"2025-02-13","valid_to":null,"area_sqkm":0.0381489,"version":"v03","lang":"en","lang1":null,"lang2":null,"lang3":null,"adm4_ref_name":"Barangay 52","center_lat":14.64656746,"center_lon":120.97687194},"geometry":{"type":"Polygon","coordinates":[[[120.977487822000057,14.647500824000133],[120.977212891000022,14.647514050000154],[120.977127463000215,14.647513979000053],[120.977031323000233,14.647513418000074],[120.976880463000043,14.647510031000081],[120.976740158000212,14.647508611000148],[120.976424872000052,14.647502779000035],[120.976322632,14.647502191000115],[120.976212865000207,14.6475008540001],[120.976115790000108,14.647501009000052],[120.975978889000203,14.647495298000024],[120.975958785000103,14.647493033000103],[120.975952954000149,14.647456659999989],[120.975758959000132,14.647428775000094],[120.97582034900006,14.647079266000048],[120.97589401800019,14.646691277],[120.975965959000064,14.646334576000072],[120.976032125000188,14.646011536000174],[120.976095353000119,14.645695621000073],[120.976115840000034,14.645591419000141],[120.976515317,14.645673475000024],[120.977105665000181,14.645745396000166],[120.977077766000093,14.646029768000062],[120.977167471000143,14.646039923000103],[120.977285103000099,14.646052857000143],[120.977411063000091,14.64606722700006],[120.977525308000168,14.646076679000146],[120.97764504700001,14.646087580000085],[120.977814521000028,14.646086372000127],[120.977820193000184,14.646443644000044],[120.977859880000096,14.647491187000128],[120.977487822000057,14.647500824000133]]]}},{"type":"Feature","properties":{"adm4_name":"Barangay 53","adm4_name1":null,"adm4_name2":null,"adm4_name3":null,"adm4_pcode":"PH1307501053","adm3_name":"Caloocan City","adm3_name1":null,"adm3_name2":null,"adm3_name3":null,"adm3_pcode":"PH1307501","adm2_name":"Metropolitan Manila Third District","adm2_name1":null,"adm2_name2":null,"adm2_name3":null,"adm2_pcode":"PH13075","adm1_name":"National Capital Region (NCR)","adm1_name1":null,"adm1_name2":null,"adm1_name3":null,"adm1_pcode":"PH13","adm0_name":"Philippines","adm0_name1":null,"adm0_name2":null,"adm0_name3":null,"adm0_pcode":"PH","valid_on":"2025-02-13","valid_to":null,"area_sqkm":0.04816811,"version":"v03","lang":"en","lang1":null,"lang2":null,"lang3":null,"adm4_ref_name":"Barangay 53","center_lat":14.64606178,"center_lon":120.97853409},"geometry":{"type":"Polygon","coordinates":[[[120.978558637000106,14.647472789],[120.977859880000096,14.647491187000128],[120.977820193000184,14.646443644000044],[120.977814521000028,14.646086372000127],[120.977776498000026,14.645146705000116],[120.977771029000337,14.644860210000104],[120.977759536,14.644705605000013],[120.977843125000049,14.644698190000042],[120.978476774000228,14.644665978000035],[120.979198110000198,14.644652215000065],[120.979226407000169,14.645283205000055],[120.979253784000207,14.646037189000083],[120.979303521000134,14.647446584000079],[120.978558637000106,14.647472789]]]}},{"type":"Feature","properties":{"adm4_name":"Barangay 54","adm4_name1":null,"adm4_name2":null,"adm4_name3":null,"adm4_pcode":"PH1307501054","adm3_name":"Caloocan City","adm3_name1":null,"adm3_name2":null,"adm3_name3":null,"adm3_pcode":"PH1307501","adm2_name":"Metropolitan Manila Third District","adm2_name1":null,"adm2_name2":null,"adm2_name3":null,"adm2_pcode":"PH13075","adm1_name":"National Capital Region (NCR)","adm1_name1":null,"adm1_name2":null,"adm1_name3":null,"adm1_pcode":"PH13","adm0_name":"Philippines","adm0_name1":null,"adm0_name2":null,"adm0_name3":null,"adm0_pcode":"PH","valid_on":"2025-02-13","valid_to":null,"area_sqkm":0.07546696,"version":"v03","lang":"en","lang1":null,"lang2":null,"lang3":null,"adm4_ref_name":"Barangay 54","center_lat":14.64669864,"center_lon":120.98146373},"geometry":{"type":"Polygon","coordinates":[[[120.980031317000112,14.647418466000033],[120.979303521000134,14.647446584000079],[120.979253784000207,14.646037189000083],[120.979982221000114,14.645997415000181],[120.980699081000125,14.645970868000177],[120.981416152000065,14.64595347900007],[120.982131519000177,14.645936672],[120.982841112000187,14.645910921000109],[120.982838381000079,14.645731278000085],[120.983618843000158,14.645720541000173],[120.983631099000036,14.64608277800005],[120.983669556000109,14.647314507999965],[120.982907039000224,14.647331312000119],[120.982169171000123,14.647348027000191],[120.981461616000047,14.647369928000103],[120.980750875000012,14.64738298900005],[120.980031317000112,14.647418466000033]]]}},{"type":"Feature","properties":{"adm4_name":"Barangay 55","adm4_name1":null,"adm4_name2":null,"adm4_name3":null,"adm4_pcode":"PH1307501055","adm3_name":"Caloocan City","adm3_name1":null,"adm3_name2":null,"adm3_name3":null,"adm3_pcode":"PH1307501","adm2_name":"Metropolitan Manila Third District","adm2_name1":null,"adm2_name2":null,"adm2_name3":null,"adm2_pcode":"PH13075","adm1_name":"National Capital Region (NCR)","adm1_name1":null,"adm1_name2":null,"adm1_name3":null,"adm1_pcode":"PH13","adm0_name":"Philippines","adm0_name1":null,"adm0_name2":null,"adm0_name3":null,"adm0_pcode":"PH","valid_on":"2025-02-13","valid_to":null,"area_sqkm":0.07147748,"version":"v03","lang":"en","lang1":null,"lang2":null,"lang3":null,"adm4_ref_name":"Barangay 55","center_lat":14.64496771,"center_lon":120.98140592},"geometry":{"type":"Polygon","coordinates":[[[120.979982221000114,14.645997415000181],[120.979253784000207,14.646037189000083],[120.979226407000169,14.645283205000055],[120.979198110000198,14.644652215000065],[120.979943099000138,14.64462325500017],[120.980654495000181,14.644604767000033],[120.981370024000171,14.644579761000102],[120.982087772000227,14.644562196000152],[120.982591946000184,14.644558646000064],[120.982805124000038,14.644520480000097],[120.982924143000218,14.644420755999988],[120.982963629000096,14.644392993999986],[120.98300457300013,14.644371825000121],[120.983046121000029,14.644361059000119],[120.98309200000017,14.644357925000065],[120.983583852000038,14.644352463000132],[120.983618843000158,14.645720541000173],[120.982838381000079,14.645731278000085],[120.982841112000187,14.645910921000109],[120.982131519000177,14.645936672],[120.981416152000065,14.64595347900007],[120.980699081000125,14.645970868000177],[120.979982221000114,14.645997415000181]]]}},{"type":"Feature","properties":{"adm4_name":"Barangay 56","adm4_name1":null,"adm4_name2":null,"adm4_name3":null,"adm4_pcode":"PH1307501056","adm3_name":"Caloocan City","adm3_name1":null,"adm3_name2":null,"adm3_name3":null,"adm3_pcode":"PH1307501","adm2_name":"Metropolitan Manila Third District","adm2_name1":null,"adm2_name2":null,"adm2_name3":null,"adm2_pcode":"PH13075","adm1_name":"National Capital Region (NCR)","adm1_name1":null,"adm1_name2":null,"adm1_name3":null,"adm1_pcode":"PH13","adm0_name":"Philippines","adm0_name1":null,"adm0_name2":null,"adm0_name3":null,"adm0_pcode":"PH","valid_on":"2025-02-13","valid_to":null,"area_sqkm":0.03815977,"version":"v03","lang":"en","lang1":null,"lang2":null,"lang3":null,"adm4_ref_name":"Barangay 56","center_lat":14.64804511,"center_lon":120.97675557},"geometry":{"type":"Polygon","coordinates":[[[120.977168343000017,14.648926228000107],[120.976695912000082,14.648937114000091],[120.976491533000171,14.648916458000031],[120.976341713000011,14.648909477000075],[120.976092670000071,14.648885131000156],[120.975982806000047,14.648876094000059],[120.975845796000158,14.648863615000153],[120.975700432000167,14.648905211000056],[120.975469824000129,14.648865127000136],[120.975595932000033,14.648251842000093],[120.975712638000118,14.647684281000124],[120.975721189000069,14.647638468000139],[120.975745726000014,14.647504271000116],[120.975758959000132,14.647428775000094],[120.975952954000149,14.647456659999989],[120.975958785000103,14.647493033000103],[120.975978889000203,14.647495298000024],[120.976115790000108,14.647501009000052],[120.976212865000207,14.6475008540001],[120.976322632,14.647502191000115],[120.976424872000052,14.647502779000035],[120.976740158000212,14.647508611000148],[120.976880463000043,14.647510031000081],[120.977031323000233,14.647513418000074],[120.977127463000215,14.647513979000053],[120.977212891000022,14.647514050000154],[120.977487822000057,14.647500824000133],[120.977859880000096,14.647491187000128],[120.977863254000113,14.647877129000051],[120.97788214600007,14.648213081000165],[120.977882313000123,14.648214084000131],[120.977888827000129,14.648546020000083],[120.977907711000057,14.64889037100005],[120.977168343000017,14.648926228000107]]]}},{"type":"Feature","properties":{"adm4_name":"Barangay 57","adm4_name1":null,"adm4_name2":null,"adm4_name3":null,"adm4_pcode":"PH1307501057","adm3_name":"Caloocan City","adm3_name1":null,"adm3_name2":null,"adm3_name3":null,"adm3_pcode":"PH1307501","adm2_name":"Metropolitan Manila Third District","adm2_name1":null,"adm2_name2":null,"adm2_name3":null,"adm2_pcode":"PH13075","adm1_name":"National Capital Region (NCR)","adm1_name1":null,"adm1_name2":null,"adm1_name3":null,"adm1_pcode":"PH13","adm0_name":"Philippines","adm0_name1":null,"adm0_name2":null,"adm0_name3":null,"adm0_pcode":"PH","valid_on":"2025-02-13","valid_to":null,"area_sqkm":0.04868479,"version":"v03","lang":"en","lang1":null,"lang2":null,"lang3":null,"adm4_ref_name":"Barangay 57","center_lat":14.64804511,"center_lon":120.97932496},"geometry":{"type":"Polygon","coordinates":[[[120.978620901000113,14.64888258000002],[120.977907711000057,14.64889037100005],[120.977888827000129,14.648546020000083],[120.977882313000123,14.648214084000131],[120.97788214600007,14.648213081000165],[120.977863254000113,14.647877129000051],[120.977859880000096,14.647491187000128],[120.978558637000106,14.647472789],[120.979303521000134,14.647446584000079],[120.980031317000112,14.647418466000033],[120.980750875000012,14.64738298900005],[120.980807159000051,14.648797026000068],[120.980084754000018,14.648823795000055],[120.979357044000039,14.64885098600007],[120.978620901000113,14.64888258000002]]]}},{"type":"Feature","properties":{"adm4_name":"Barangay 58","adm4_name1":null,"adm4_name2":null,"adm4_name3":null,"adm4_pcode":"PH1307501058","adm3_name":"Caloocan City","adm3_name1":null,"adm3_name2":null,"adm3_name3":null,"adm3_pcode":"PH1307501","adm2_name":"Metropolitan Manila Third District","adm2_name1":null,"adm2_name2":null,"adm2_name3":null,"adm2_pcode":"PH13075","adm1_name":"National Capital Region (NCR)","adm1_name1":null,"adm1_name2":null,"adm1_name3":null,"adm1_pcode":"PH13","adm0_name":"Philippines","adm0_name1":null,"adm0_name2":null,"adm0_name3":null,"adm0_pcode":"PH","valid_on":"2025-02-13","valid_to":null,"area_sqkm":0.04898544,"version":"v03","lang":"en","lang1":null,"lang2":null,"lang3":null,"adm4_ref_name":"Barangay 58","center_lat":14.6480513,"center_lon":120.98223514},"geometry":{"type":"Polygon","coordinates":[[[120.98151404000032,14.648779107000109],[120.980807159000051,14.648797026000068],[120.980750875000012,14.64738298900005],[120.981461616000047,14.647369928000103],[120.982169171000123,14.647348027000191],[120.982907039000224,14.647331312000119],[120.983669556000109,14.647314507999965],[120.983713878000117,14.648719605000167],[120.982947630000126,14.648741184000073],[120.982228855000017,14.648758452999971],[120.98151404000032,14.648779107000109]]]}},{"type":"Feature","properties":{"adm4_name":"Barangay 59","adm4_name1":null,"adm4_name2":null,"adm4_name3":null,"adm4_pcode":"PH1307501059","adm3_name":"Caloocan City","adm3_name1":null,"adm3_name2":null,"adm3_name3":null,"adm3_pcode":"PH1307501","adm2_name":"Metropolitan Manila Third District","adm2_name1":null,"adm2_name2":null,"adm2_name3":null,"adm2_pcode":"PH13075","adm1_name":"National Capital Region (NCR)","adm1_name1":null,"adm1_name2":null,"adm1_name3":null,"adm1_pcode":"PH13","adm0_name":"Philippines","adm0_name1":null,"adm0_name2":null,"adm0_name3":null,"adm0_pcode":"PH","valid_on":"2025-02-13","valid_to":null,"area_sqkm":0.04267934,"version":"v03","lang":"en","lang1":null,"lang2":null,"lang3":null,"adm4_ref_name":"Barangay 59","center_lat":14.64976155,"center_lon":120.97660837},"geometry":{"type":"Polygon","coordinates":[[[120.9765973880003,14.650370792999979],[120.976597111000046,14.650393506000171],[120.976512142000047,14.650383425000143],[120.976443015000086,14.650376224000183],[120.976307640000186,14.650345981000044],[120.976239457000133,14.650324255000044],[120.976163028000087,14.650288257000113],[120.976112893000277,14.650276826000095],[120.976092075000111,14.650276878000113],[120.976013972000032,14.650275943000111],[120.975952692000078,14.650284894000094],[120.975735994000047,14.650217059000056],[120.975219376000155,14.650089325000124],[120.975469824000129,14.648865127000136],[120.975700432000167,14.648905211000056],[120.975845796000158,14.648863615000153],[120.975982806000047,14.648876094000059],[120.976092670000071,14.648885131000156],[120.976341713000011,14.648909477000075],[120.976491533000171,14.648916458000031],[120.976695912000082,14.648937114000091],[120.977168343000017,14.648926228000107],[120.977907711000057,14.64889037100005],[120.977918013000021,14.649264812000069],[120.977925834000075,14.649593151000147],[120.977934793000031,14.64992994500011],[120.977949380000041,14.650291448000075],[120.977233386000194,14.650309641000092],[120.976864478000039,14.65033000699998],[120.976615802000083,14.650339114000133],[120.976603966000312,14.650349258000062],[120.9765973880003,14.650370792999979]]]}},{"type":"Feature","properties":{"adm4_name":"Barangay 60","adm4_name1":null,"adm4_name2":null,"adm4_name3":null,"adm4_pcode":"PH1307501060","adm3_name":"Caloocan City","adm3_name1":null,"adm3_name2":null,"adm3_name3":null,"adm3_pcode":"PH1307501","adm2_name":"Metropolitan Manila Third District","adm2_name1":null,"adm2_name2":null,"adm2_name3":null,"adm2_pcode":"PH13075","adm1_name":"National Capital Region (NCR)","adm1_name1":null,"adm1_name2":null,"adm1_name3":null,"adm1_pcode":"PH13","adm0_name":"Philippines","adm0_name1":null,"adm0_name2":null,"adm0_name3":null,"adm0_pcode":"PH","valid_on":"2025-02-13","valid_to":null,"area_sqkm":0.0486413,"version":"v03","lang":"en","lang1":null,"lang2":null,"lang3":null,"adm4_ref_name":"Barangay 60","center_lat":14.65026758,"center_lon":120.97867668000001},"geometry":{"type":"Polygon","coordinates":[[[120.978343133000067,14.651692817000139],[120.977998863000039,14.651701438000032],[120.977988185000186,14.651327069000047],[120.977973032000136,14.650985711999965],[120.97796268400009,14.650653434],[120.977949380000041,14.650291448000075],[120.977934793000031,14.64992994500011],[120.977925834000075,14.649593151000147],[120.977918013000021,14.649264812000069],[120.977907711000057,14.64889037100005],[120.978620901000113,14.64888258000002],[120.979357044000039,14.64885098600007],[120.979361136000193,14.649220316000083],[120.979384596000045,14.649549780000029],[120.979401057000018,14.649885420999965],[120.979403911000077,14.650243703000115],[120.979419524000036,14.650605670000175],[120.979433729000107,14.650944010000103],[120.979445279000174,14.65128205700006],[120.979457783000271,14.651646963000076],[120.979075014000159,14.651662097000099],[120.978714986000227,14.651675362],[120.978343133000067,14.651692817000139]]]}},{"type":"Feature","properties":{"adm4_name":"Barangay 61","adm4_name1":null,"adm4_name2":null,"adm4_name3":null,"adm4_pcode":"PH1307501061","adm3_name":"Caloocan City","adm3_name1":null,"adm3_name2":null,"adm3_name3":null,"adm3_pcode":"PH1307501","adm2_name":"Metropolitan Manila Third District","adm2_name1":null,"adm2_name2":null,"adm2_name3":null,"adm2_pcode":"PH13075","adm1_name":"National Capital Region (NCR)","adm1_name1":null,"adm1_name2":null,"adm1_name3":null,"adm1_pcode":"PH13","adm0_name":"Philippines","adm0_name1":null,"adm0_name2":null,"adm0_name3":null,"adm0_pcode":"PH","valid_on":"2025-02-13","valid_to":null,"area_sqkm":0.07237316,"version":"v03","lang":"en","lang1":null,"lang2":null,"lang3":null,"adm4_ref_name":"Barangay 61","center_lat":14.64938505,"center_lon":120.98155483},"geometry":{"type":"Polygon","coordinates":[[[120.980121136000207,14.650223783000058],[120.979403911000077,14.650243703000115],[120.979401057000018,14.649885420999965],[120.979384596000045,14.649549780000029],[120.979361136000193,14.649220316000083],[120.979357044000039,14.64885098600007],[120.980084754000018,14.648823795000055],[120.980807159000051,14.648797026000068],[120.98151404000032,14.648779107000109],[120.982228855000017,14.648758452999971],[120.982947630000126,14.648741184000073],[120.983713878000117,14.648719605000167],[120.983761461000199,14.650101668],[120.982992331000332,14.650120190000109],[120.982281532000229,14.65014800900002],[120.981567191000067,14.650175646000093],[120.980841177000343,14.650200514],[120.980121136000207,14.650223783000058]]]}},{"type":"Feature","properties":{"adm4_name":"Barangay 62","adm4_name1":null,"adm4_name2":null,"adm4_name3":null,"adm4_pcode":"PH1307501062","adm3_name":"Caloocan City","adm3_name1":null,"adm3_name2":null,"adm3_name3":null,"adm3_pcode":"PH1307501","adm2_name":"Metropolitan Manila Third District","adm2_name1":null,"adm2_name2":null,"adm2_name3":null,"adm2_pcode":"PH13075","adm1_name":"National Capital Region (NCR)","adm1_name1":null,"adm1_name2":null,"adm1_name3":null,"adm1_pcode":"PH13","adm0_name":"Philippines","adm0_name1":null,"adm0_name2":null,"adm0_name3":null,"adm0_pcode":"PH","valid_on":"2025-02-13","valid_to":null,"area_sqkm":0.07298932,"version":"v03","lang":"en","lang1":null,"lang2":null,"lang3":null,"adm4_ref_name":"Barangay 62","center_lat":14.65077484,"center_lon":120.98160503},"geometry":{"type":"Polygon","coordinates":[[[120.979818146000184,14.65163493600005],[120.979457783000271,14.651646963000076],[120.979445279000174,14.65128205700006],[120.979433729000107,14.650944010000103],[120.979419524000036,14.650605670000175],[120.979403911000077,14.650243703000115],[120.980121136000207,14.650223783000058],[120.980841177000343,14.650200514],[120.981567191000067,14.650175646000093],[120.982281532000229,14.65014800900002],[120.982992331000332,14.650120190000109],[120.983761461000199,14.650101668],[120.983807923000313,14.651525523000146],[120.983044944000198,14.651537222000115],[120.982328954000081,14.65155266700009],[120.981612037000218,14.65157721900016],[120.980896890000054,14.65160031500011],[120.980537029000061,14.651608008000153],[120.980176972000208,14.651618630000144],[120.979818146000184,14.65163493600005]]]}},{"type":"Feature","properties":{"adm4_name":"Barangay 63","adm4_name1":null,"adm4_name2":null,"adm4_name3":null,"adm4_pcode":"PH1307501063","adm3_name":"Caloocan City","adm3_name1":null,"adm3_name2":null,"adm3_name3":null,"adm3_pcode":"PH1307501","adm2_name":"Metropolitan Manila Third District","adm2_name1":null,"adm2_name2":null,"adm2_name3":null,"adm2_pcode":"PH13075","adm1_name":"National Capital Region (NCR)","adm1_name1":null,"adm1_name2":null,"adm1_name3":null,"adm1_pcode":"PH13","adm0_name":"Philippines","adm0_name1":null,"adm0_name2":null,"adm0_name3":null,"adm0_pcode":"PH","valid_on":"2025-02-13","valid_to":null,"area_sqkm":0.04759409,"version":"v03","lang":"en","lang1":null,"lang2":null,"lang3":null,"adm4_ref_name":"Barangay 63","center_lat":14.65081957,"center_lon":120.97651459},"geometry":{"type":"Polygon","coordinates":[[[120.976542146000043,14.651750624000044],[120.976477733000138,14.65175320600008],[120.976391546000173,14.651747539000041],[120.976311686000145,14.651739605000103],[120.976230334000093,14.651725548000059],[120.976181254000153,14.651714980000122],[120.976084582000112,14.651687086000095],[120.975939909000203,14.651638490000153],[120.975687825000136,14.651546682],[120.975393731000281,14.651443826000047],[120.975114194000184,14.651371765000022],[120.974958400000105,14.651329031000046],[120.9749584220001,14.651328932000126],[120.975172122000117,14.650271069999974],[120.975219376000155,14.650089325000124],[120.975735994000047,14.650217059000056],[120.975952692000078,14.650284894000094],[120.976013972000032,14.650275943000111],[120.976092075000111,14.650276878000113],[120.976112893000277,14.650276826000095],[120.976163028000087,14.650288257000113],[120.976239457000133,14.650324255000044],[120.976307640000186,14.650345981000044],[120.976443015000086,14.650376224000183],[120.976512142000047,14.650383425000143],[120.976597111000046,14.650393506000171],[120.9765973880003,14.650370792999979],[120.976603966000312,14.650349258000062],[120.976615802000083,14.650339114000133],[120.976864478000039,14.65033000699998],[120.977233386000194,14.650309641000092],[120.977949380000041,14.650291448000075],[120.97796268400009,14.650653434],[120.977973032000136,14.650985711999965],[120.977988185000186,14.651327069000047],[120.977998863000039,14.651701438000032],[120.977388671000313,14.651721425000176],[120.977271323000195,14.651724301000058],[120.976631933000021,14.651744035000092],[120.976542146000043,14.651750624000044]]]}},{"type":"Feature","properties":{"adm4_name":"Barangay 64","adm4_name1":null,"adm4_name2":null,"adm4_name3":null,"adm4_pcode":"PH1307501064","adm3_name":"Caloocan City","adm3_name1":null,"adm3_name2":null,"adm3_name3":null,"adm3_pcode":"PH1307501","adm2_name":"Metropolitan Manila Third District","adm2_name1":null,"adm2_name2":null,"adm2_name3":null,"adm2_pcode":"PH13075","adm1_name":"National Capital Region (NCR)","adm1_name1":null,"adm1_name2":null,"adm1_name3":null,"adm1_pcode":"PH13","adm0_name":"Philippines","adm0_name1":null,"adm0_name2":null,"adm0_name3":null,"adm0_pcode":"PH","valid_on":"2025-02-13","valid_to":null,"area_sqkm":0.0259898,"version":"v03","lang":"en","lang1":null,"lang2":null,"lang3":null,"adm4_ref_name":"Barangay 64","center_lat":14.6520267,"center_lon":120.97548602000001},"geometry":{"type":"Polygon","coordinates":[[[120.975963044000082,14.652973074000101],[120.975925674000109,14.653294660000086],[120.975065212000231,14.653133694000076],[120.974624178000113,14.653049331000091],[120.974958400000105,14.651329031000046],[120.975114194000184,14.651371765000022],[120.975393731000281,14.651443826000047],[120.975687825000136,14.651546682],[120.975939909000203,14.651638490000153],[120.976084582000112,14.651687086000095],[120.976181254000153,14.651714980000122],[120.976230334000093,14.651725548000059],[120.976068024000028,14.652327851999985],[120.976020217000041,14.652494431000036],[120.975963044000082,14.652973074000101]]]}},{"type":"Feature","properties":{"adm4_name":"Barangay 65","adm4_name1":null,"adm4_name2":null,"adm4_name3":null,"adm4_pcode":"PH1307501065","adm3_name":"Caloocan City","adm3_name1":null,"adm3_name2":null,"adm3_name3":null,"adm3_pcode":"PH1307501","adm2_name":"Metropolitan Manila Third District","adm2_name1":null,"adm2_name2":null,"adm2_name3":null,"adm2_pcode":"PH13075","adm1_name":"National Capital Region (NCR)","adm1_name1":null,"adm1_name2":null,"adm1_name3":null,"adm1_pcode":"PH13","adm0_name":"Philippines","adm0_name1":null,"adm0_name2":null,"adm0_name3":null,"adm0_pcode":"PH","valid_on":"2025-02-13","valid_to":null,"area_sqkm":0.02315167,"version":"v03","lang":"en","lang1":null,"lang2":null,"lang3":null,"adm4_ref_name":"Barangay 65","center_lat":14.65266708,"center_lon":120.97659975000001},"geometry":{"type":"Polygon","coordinates":[[[120.977076773000135,14.653253882000058],[120.977031986000043,14.653477076000058],[120.976700260000143,14.653414668000039],[120.975925674000109,14.653294660000086],[120.975963044000082,14.652973074000101],[120.976020217000041,14.652494431000036],[120.976068024000028,14.652327851999985],[120.976230334000093,14.651725548000059],[120.976311686000145,14.651739605000103],[120.976391546000173,14.651747539000041],[120.976477733000138,14.65175320600008],[120.976542146000043,14.651750624000044],[120.976631933000021,14.651744035000092],[120.977271323000195,14.651724301000058],[120.977388671000313,14.651721425000176],[120.977326184000049,14.652036247000126],[120.977254926000228,14.652393523],[120.977235617000133,14.652487769000174],[120.977165502000048,14.652839730999972],[120.977108450000173,14.653107526000042],[120.977076773000135,14.653253882000058]]]}},{"type":"Feature","properties":{"adm4_name":"Barangay 66","adm4_name1":null,"adm4_name2":null,"adm4_name3":null,"adm4_pcode":"PH1307501066","adm3_name":"Caloocan City","adm3_name1":null,"adm3_name2":null,"adm3_name3":null,"adm3_pcode":"PH1307501","adm2_name":"Metropolitan Manila Third District","adm2_name1":null,"adm2_name2":null,"adm2_name3":null,"adm2_pcode":"PH13075","adm1_name":"National Capital Region (NCR)","adm1_name1":null,"adm1_name2":null,"adm1_name3":null,"adm1_pcode":"PH13","adm0_name":"Philippines","adm0_name1":null,"adm0_name2":null,"adm0_name3":null,"adm0_pcode":"PH","valid_on":"2025-02-13","valid_to":null,"area_sqkm":0.03974843,"version":"v03","lang":"en","lang1":null,"lang2":null,"lang3":null,"adm4_ref_name":"Barangay 66","center_lat":14.65264434,"center_lon":120.97829323000001},"geometry":{"type":"Polygon","coordinates":[[[120.977460785000062,14.653280737000046],[120.977404739,14.653548471000022],[120.977031986000043,14.653477076000058],[120.977076773000135,14.653253882000058],[120.977108450000173,14.653107526000042],[120.977165502000048,14.652839730999972],[120.977235617000133,14.652487769000174],[120.977254926000228,14.652393523],[120.977326184000049,14.652036247000126],[120.977388671000313,14.651721425000176],[120.977998863000039,14.651701438000032],[120.978343133000067,14.651692817000139],[120.978714986000227,14.651675362],[120.979075014000159,14.651662097000099],[120.979457783000271,14.651646963000076],[120.979477124000027,14.652403719000176],[120.979244631000029,14.652992052000059],[120.979192998000144,14.652963603000103],[120.979139131000011,14.652939101000015],[120.979089679000026,14.652921332000062],[120.978857137000318,14.652858908000042],[120.978689243000076,14.652810595000062],[120.978653101000305,14.652800910000053],[120.978587751000077,14.653037961000052],[120.97848079500011,14.653439641999967],[120.978121447000035,14.653357980000123],[120.977716798000074,14.65333074],[120.977460785000062,14.653280737000046]]]}},{"type":"Feature","properties":{"adm4_name":"Barangay 67","adm4_name1":null,"adm4_name2":null,"adm4_name3":null,"adm4_pcode":"PH1307501067","adm3_name":"Caloocan City","adm3_name1":null,"adm3_name2":null,"adm3_name3":null,"adm3_pcode":"PH1307501","adm2_name":"Metropolitan Manila Third District","adm2_name1":null,"adm2_name2":null,"adm2_name3":null,"adm2_pcode":"PH13075","adm1_name":"National Capital Region (NCR)","adm1_name1":null,"adm1_name2":null,"adm1_name3":null,"adm1_pcode":"PH13","adm0_name":"Philippines","adm0_name1":null,"adm0_name2":null,"adm0_name3":null,"adm0_pcode":"PH","valid_on":"2025-02-13","valid_to":null,"area_sqkm":0.04938565,"version":"v03","lang":"en","lang1":null,"lang2":null,"lang3":null,"adm4_ref_name":"Barangay 67","center_lat":14.6526691,"center_lon":120.98051416},"geometry":{"type":"Polygon","coordinates":[[[120.981908170000111,14.65354401400009],[120.981870082000114,14.653681368999969],[120.980776923,14.653404240000043],[120.980584574000204,14.653359100000046],[120.980104826000115,14.653241153000181],[120.979852145000223,14.653346236000061],[120.97983261000013,14.653329976000123],[120.979813064000268,14.653314719000036],[120.979784820000077,14.653299839000056],[120.979748315000165,14.653281327000116],[120.979698761,14.653258737000044],[120.979640189000065,14.653230295000128],[120.97954031300003,14.653181028000063],[120.979244631000029,14.652992052000059],[120.979477124000027,14.652403719000176],[120.979457783000271,14.651646963000076],[120.979818146000184,14.65163493600005],[120.980176972000208,14.651618630000144],[120.980537029000061,14.651608008000153],[120.980896890000054,14.65160031500011],[120.981612037000218,14.65157721900016],[120.981666767000092,14.652934489000188],[120.981667108000011,14.652949174000071],[120.981673389000093,14.652962542000125],[120.981683377000081,14.652971285000035],[120.981694430000175,14.65297499899998],[120.981706363000171,14.652975302000129],[120.981736197000146,14.652975302000129],[120.982017730000052,14.652970042000049],[120.981989335000094,14.653122890000077],[120.981994111000176,14.653236872000093],[120.981908170000111,14.65354401400009]]]}},{"type":"Feature","properties":{"adm4_name":"Barangay 68","adm4_name1":null,"adm4_name2":null,"adm4_name3":null,"adm4_pcode":"PH1307501068","adm3_name":"Caloocan City","adm3_name1":null,"adm3_name2":null,"adm3_name3":null,"adm3_pcode":"PH1307501","adm2_name":"Metropolitan Manila Third District","adm2_name1":null,"adm2_name2":null,"adm2_name3":null,"adm2_pcode":"PH13075","adm1_name":"National Capital Region (NCR)","adm1_name1":null,"adm1_name2":null,"adm1_name3":null,"adm1_pcode":"PH13","adm0_name":"Philippines","adm0_name1":null,"adm0_name2":null,"adm0_name3":null,"adm0_pcode":"PH","valid_on":"2025-02-13","valid_to":null,"area_sqkm":0.05556337,"version":"v03","lang":"en","lang1":null,"lang2":null,"lang3":null,"adm4_ref_name":"Barangay 68","center_lat":14.65250699,"center_lon":120.98274451},"geometry":{"type":"Polygon","coordinates":[[[120.983871591000252,14.6535495010001],[120.983890502,14.654005886000107],[120.982532691000188,14.65369264900005],[120.981908170000111,14.65354401400009],[120.981994111000176,14.653236872000093],[120.981989335000094,14.653122890000077],[120.982017730000052,14.652970042000049],[120.981736197000146,14.652975302000129],[120.981706363000171,14.652975302000129],[120.981694430000175,14.65297499899998],[120.981683377000081,14.652971285000035],[120.981673389000093,14.652962542000125],[120.981667108000011,14.652949174000071],[120.981666767000092,14.652934489000188],[120.981612037000218,14.65157721900016],[120.982328954000081,14.65155266700009],[120.983044944000198,14.651537222000115],[120.983807923000313,14.651525523000146],[120.983827731000019,14.652090413000167],[120.983851265000226,14.652923574000113],[120.983871591000252,14.6535495010001]]]}},{"type":"Feature","properties":{"adm4_name":"Barangay 69","adm4_name1":null,"adm4_name2":null,"adm4_name3":null,"adm4_pcode":"PH1307501069","adm3_name":"Caloocan City","adm3_name1":null,"adm3_name2":null,"adm3_name3":null,"adm3_pcode":"PH1307501","adm2_name":"Metropolitan Manila Third District","adm2_name1":null,"adm2_name2":null,"adm2_name3":null,"adm2_pcode":"PH13075","adm1_name":"National Capital Region (NCR)","adm1_name1":null,"adm1_name2":null,"adm1_name3":null,"adm1_pcode":"PH13","adm0_name":"Philippines","adm0_name1":null,"adm0_name2":null,"adm0_name3":null,"adm0_pcode":"PH","valid_on":"2025-02-13","valid_to":null,"area_sqkm":0.04545095,"version":"v03","lang":"en","lang1":null,"lang2":null,"lang3":null,"adm4_ref_name":"Barangay 69","center_lat":14.65409135,"center_lon":120.9778432},"geometry":{"type":"Polygon","coordinates":[[[120.978487721000306,14.65512252700006],[120.978448097000069,14.655474146000074],[120.978122457000154,14.655409857],[120.97790175800003,14.655367691000095],[120.977517121000119,14.655292170000109],[120.977023715000314,14.655183765000118],[120.976720355000111,14.655122098999982],[120.976732201000232,14.655043679000073],[120.976756739000052,14.654893366000181],[120.976768724000067,14.654839840000022],[120.976813485000207,14.65463365200003],[120.976849050000169,14.654465399],[120.976878684000098,14.654323896000108],[120.976915791000124,14.654149909000012],[120.976998630000139,14.653672223000115],[120.977031986000043,14.653477076000058],[120.977404739,14.653548471000022],[120.977460785000062,14.653280737000046],[120.977716798000074,14.65333074],[120.978121447000035,14.653357980000123],[120.97848079500011,14.653439641999967],[120.978587751000077,14.653037961000052],[120.978653101000305,14.652800910000053],[120.978689243000076,14.652810595000062],[120.978857137000318,14.652858908000042],[120.979089679000026,14.652921332000062],[120.979139131000011,14.652939101000015],[120.979192998000144,14.652963603000103],[120.979244631000029,14.652992052000059],[120.979137500000206,14.653188373000035],[120.979167625000059,14.653208020000022],[120.979104055000107,14.653340863000039],[120.979006873000117,14.65360379700013],[120.978987321000091,14.653601192],[120.978962097000135,14.65360040500002],[120.978938499000151,14.653604340000129],[120.978918160000148,14.653611422000154],[120.978898640000125,14.653620862000025],[120.978885638000065,14.653636588000097],[120.978877527,14.653658591000067],[120.978776294000113,14.654032793000113],[120.978569076000213,14.654798535000054],[120.978487721000306,14.65512252700006]]]}},{"type":"Feature","properties":{"adm4_name":"Barangay 70","adm4_name1":null,"adm4_name2":null,"adm4_name3":null,"adm4_pcode":"PH1307501070","adm3_name":"Caloocan City","adm3_name1":null,"adm3_name2":null,"adm3_name3":null,"adm3_pcode":"PH1307501","adm2_name":"Metropolitan Manila Third District","adm2_name1":null,"adm2_name2":null,"adm2_name3":null,"adm2_pcode":"PH13075","adm1_name":"National Capital Region (NCR)","adm1_name1":null,"adm1_name2":null,"adm1_name3":null,"adm1_pcode":"PH13","adm0_name":"Philippines","adm0_name1":null,"adm0_name2":null,"adm0_name3":null,"adm0_pcode":"PH","valid_on":"2025-02-13","valid_to":null,"area_sqkm":0.04159092,"version":"v03","lang":"en","lang1":null,"lang2":null,"lang3":null,"adm4_ref_name":"Barangay 70","center_lat":14.65437475,"center_lon":120.979491},"geometry":{"type":"Polygon","coordinates":[[[120.980135157000063,14.655540098000017],[120.980078873000025,14.655820807999987],[120.980039446000205,14.655812775000129],[120.979719957000157,14.655746395000165],[120.979390340000123,14.655672369000058],[120.979075440000202,14.655606884000065],[120.97876139500022,14.655538293000177],[120.978448097000069,14.655474146000074],[120.978487721000306,14.65512252700006],[120.978569076000213,14.654798535000054],[120.978776294000113,14.654032793000113],[120.978877527,14.653658591000067],[120.978885638000065,14.653636588000097],[120.978898640000125,14.653620862000025],[120.978918160000148,14.653611422000154],[120.978938499000151,14.653604340000129],[120.978962097000135,14.65360040500002],[120.978987321000091,14.653601192],[120.979006873000117,14.65360379700013],[120.979104055000107,14.653340863000039],[120.979167625000059,14.653208020000022],[120.979137500000206,14.653188373000035],[120.979244631000029,14.652992052000059],[120.97954031300003,14.653181028000063],[120.979640189000065,14.653230295000128],[120.979698761,14.653258737000044],[120.979748315000165,14.653281327000116],[120.979784820000077,14.653299839000056],[120.979813064000268,14.653314719000036],[120.97983261000013,14.653329976000123],[120.979852145000223,14.653346236000061],[120.979874748000043,14.653366543000061],[120.979895222000323,14.653391847000023],[120.979912606000198,14.653415112000062],[120.979928875000041,14.653445391],[120.979944118000276,14.653474657000118],[120.979965508000078,14.653511012000024],[120.979985235000072,14.653547473000117],[120.980244846000119,14.654066825000086],[120.980333740000219,14.654236696],[120.980262737000089,14.654512803000046],[120.980256914000051,14.654543349999983],[120.979938705000109,14.65483361400004],[120.979986233000091,14.654914744000166],[120.980033145000107,14.654980361000185],[120.980077287000199,14.655036920000157],[120.980115273000138,14.65507822100011],[120.980158366000069,14.655117069000141],[120.980205215000296,14.65515663900004],[120.980271635000122,14.65519765200014],[120.980250111000146,14.655252091000079],[120.980220865000206,14.655301789000134],[120.980183834000059,14.655346142000155],[120.980147442000089,14.655381136000017],[120.980120448000093,14.655399731000045],[120.980101319000028,14.655410055],[120.980084111000224,14.655419782000024],[120.980135157000063,14.655540098000017]]]}},{"type":"Feature","properties":{"adm4_name":"Barangay 71","adm4_name1":null,"adm4_name2":null,"adm4_name3":null,"adm4_pcode":"PH1307501071","adm3_name":"Caloocan City","adm3_name1":null,"adm3_name2":null,"adm3_name3":null,"adm3_pcode":"PH1307501","adm2_name":"Metropolitan Manila Third District","adm2_name1":null,"adm2_name2":null,"adm2_name3":null,"adm2_pcode":"PH13075","adm1_name":"National Capital Region (NCR)","adm1_name1":null,"adm1_name2":null,"adm1_name3":null,"adm1_pcode":"PH13","adm0_name":"Philippines","adm0_name1":null,"adm0_name2":null,"adm0_name3":null,"adm0_pcode":"PH","valid_on":"2025-02-13","valid_to":null,"area_sqkm":0.04739809,"version":"v03","lang":"en","lang1":null,"lang2":null,"lang3":null,"adm4_ref_name":"Barangay 71","center_lat":14.65455547,"center_lon":120.98308877},"geometry":{"type":"Polygon","coordinates":[[[120.983938815000101,14.655587526000033],[120.983940773000086,14.65565315300006],[120.982736781000199,14.655110978000039],[120.982454601000086,14.655483639000067],[120.981911405000119,14.655220123000106],[120.982443806000333,14.654234363000114],[120.982370451000065,14.654156802000159],[120.981640388000301,14.654154319000043],[120.981114602000162,14.65415131300017],[120.980856778000089,14.654073740000058],[120.980897071000186,14.653900935000024],[120.980820436000158,14.653856392000023],[120.980673043000138,14.653811489000077],[120.98046497200005,14.65377800400006],[120.98038323500009,14.654062762000024],[120.980333740000219,14.654236696],[120.980244846000119,14.654066825000086],[120.979985235000072,14.653547473000117],[120.979965508000078,14.653511012000024],[120.979944118000276,14.653474657000118],[120.979928875000041,14.653445391],[120.979912606000198,14.653415112000062],[120.979895222000323,14.653391847000023],[120.979874748000043,14.653366543000061],[120.979852145000223,14.653346236000061],[120.980104826000115,14.653241153000181],[120.980584574000204,14.653359100000046],[120.980776923,14.653404240000043],[120.981870082000114,14.653681368999969],[120.981908170000111,14.65354401400009],[120.982532691000188,14.65369264900005],[120.983890502,14.654005886000107],[120.983916824000175,14.654874239000094],[120.983926301000338,14.655160892000083],[120.983938815000101,14.655587526000033]]]}},{"type":"Feature","properties":{"adm4_name":"Barangay 72","adm4_name1":null,"adm4_name2":null,"adm4_name3":null,"adm4_pcode":"PH1307501072","adm3_name":"Caloocan City","adm3_name1":null,"adm3_name2":null,"adm3_name3":null,"adm3_pcode":"PH1307501","adm2_name":"Metropolitan Manila Third District","adm2_name1":null,"adm2_name2":null,"adm2_name3":null,"adm2_pcode":"PH13075","adm1_name":"National Capital Region (NCR)","adm1_name1":null,"adm1_name2":null,"adm1_name3":null,"adm1_pcode":"PH13","adm0_name":"Philippines","adm0_name1":null,"adm0_name2":null,"adm0_name3":null,"adm0_pcode":"PH","valid_on":"2025-02-13","valid_to":null,"area_sqkm":0.05383206,"version":"v03","lang":"en","lang1":null,"lang2":null,"lang3":null,"adm4_ref_name":"Barangay 72","center_lat":14.65554626,"center_lon":120.98237872},"geometry":{"type":"Polygon","coordinates":[[[120.982136724000156,14.657104398000172],[120.981729535000113,14.657112896000172],[120.981460844000026,14.657112356000084],[120.98145455100007,14.656721624999989],[120.981456414000036,14.656569775000037],[120.981456753000089,14.656418633000158],[120.981462586000021,14.656233597000153],[120.981460980000065,14.656219497000052],[120.981455581000205,14.656205444000022],[120.981446382000058,14.656189854000161],[120.981433426000081,14.656169525000166],[120.981251214000054,14.655899096999974],[120.981124123000086,14.655724157000066],[120.981103687000086,14.655695335000189],[120.981090472000119,14.655670482000176],[120.981081427000163,14.655643640999983],[120.98107144100004,14.655608880000045],[120.980993964000277,14.655329986000083],[120.9809348550001,14.655128024000078],[120.980921848000207,14.65508718600006],[120.980906677000121,14.655063067000071],[120.98095,14.65501],[120.981030615,14.654947032000166],[120.980936021000048,14.654869131000055],[120.980785784000091,14.654780102000018],[120.98064667500023,14.654674379000085],[120.980546517000107,14.654596478000144],[120.980446720000145,14.654531544000065],[120.980485309000073,14.654340518000083],[120.980897071000186,14.653900935000024],[120.980856778000089,14.654073740000058],[120.981114602000162,14.65415131300017],[120.981640388000301,14.654154319000043],[120.982370451000065,14.654156802000159],[120.982443806000333,14.654234363000114],[120.981911405000119,14.655220123000106],[120.982454601000086,14.655483639000067],[120.982736781000199,14.655110978000039],[120.983940773000086,14.65565315300006],[120.983945341000322,14.655864007000105],[120.983946674000208,14.655932536000023],[120.983441040000116,14.655867531000069],[120.983350655000322,14.656205434000015],[120.982895535000011,14.656226223000033],[120.982884082000169,14.656038292000062],[120.982269142000064,14.655999999000187],[120.982268358000056,14.657103428000084],[120.982136724000156,14.657104398000172]]]}},{"type":"Feature","properties":{"adm4_name":"Barangay 73","adm4_name1":null,"adm4_name2":null,"adm4_name3":null,"adm4_pcode":"PH1307501073","adm3_name":"Caloocan City","adm3_name1":null,"adm3_name2":null,"adm3_name3":null,"adm3_pcode":"PH1307501","adm2_name":"Metropolitan Manila Third District","adm2_name1":null,"adm2_name2":null,"adm2_name3":null,"adm2_pcode":"PH13075","adm1_name":"National Capital Region (NCR)","adm1_name1":null,"adm1_name2":null,"adm1_name3":null,"adm1_pcode":"PH13","adm0_name":"Philippines","adm0_name1":null,"adm0_name2":null,"adm0_name3":null,"adm0_pcode":"PH","valid_on":"2025-02-13","valid_to":null,"area_sqkm":0.14868203,"version":"v03","lang":"en","lang1":null,"lang2":null,"lang3":null,"adm4_ref_name":"Barangay 73","center_lat":14.65540952,"center_lon":120.97556254},"geometry":{"type":"Polygon","coordinates":[[[120.976217375000033,14.657704917],[120.976164432000019,14.657712564],[120.976091974000042,14.65771182900005],[120.976005745000293,14.657707424000137],[120.975710523000203,14.657667930000059],[120.975485432000141,14.657622984000056],[120.975357721000137,14.657595789000027],[120.975190061000148,14.65756343400011],[120.974978664000105,14.657522109000183],[120.974935548000076,14.657511876000115],[120.974753345000067,14.657478625000124],[120.974616487000276,14.657460484000126],[120.974521595000056,14.657459117000087],[120.974421226000231,14.657459425000127],[120.974290778000068,14.657469375000062],[120.974237045000109,14.657472250000012],[120.974073659000169,14.657488639000064],[120.973840020000239,14.657502985000178],[120.974147321000032,14.655455364000147],[120.974329642000043,14.654530412000156],[120.974624178000113,14.653049331000091],[120.975065212000231,14.653133694000076],[120.975925674000109,14.653294660000086],[120.976700260000143,14.653414668000039],[120.977031986000043,14.653477076000058],[120.976998630000139,14.653672223000115],[120.976915791000124,14.654149909000012],[120.976878684000098,14.654323896000108],[120.976849050000169,14.654465399],[120.976813485000207,14.65463365200003],[120.976768724000067,14.654839840000022],[120.976756739000052,14.654893366000181],[120.976732201000232,14.655043679000073],[120.976720355000111,14.655122098999982],[120.976788779000117,14.655194152000036],[120.976867975000232,14.655286300000171],[120.976939658000219,14.65537444500012],[120.976997789000166,14.655444597000042],[120.977042961000166,14.655502870000134],[120.977098000000183,14.655559097000094],[120.977139055000066,14.655594313000165],[120.977206220000085,14.655641665000189],[120.977321167000241,14.655709837000131],[120.977379989000156,14.655744163000122],[120.977397877000044,14.655753861000051],[120.977461724000023,14.655796158999976],[120.977417543000229,14.655883220000021],[120.977393892000123,14.65593374600013],[120.977364180000336,14.655999263000126],[120.977345248,14.656054929999982],[120.977302187000078,14.656166691000124],[120.977276711000286,14.656262997000056],[120.977250218000108,14.656385832000012],[120.977239060000102,14.656514667000124],[120.977240879000192,14.656633106000072],[120.977244573000121,14.656681791000096],[120.97725041700005,14.656743524000149],[120.977262213000017,14.65689633400018],[120.977278581000064,14.65704405300005],[120.97728393400007,14.657111890000067],[120.977289278000171,14.657187719000035],[120.977299893000122,14.657296062],[120.97732235400008,14.657465065000054],[120.977176436000036,14.657485792999978],[120.976861805000112,14.657535218000078],[120.976764253000169,14.657558906000077],[120.976641377000306,14.657590580000033],[120.976413222000019,14.657652684000027],[120.976217375000033,14.657704917]]]}},{"type":"Feature","properties":{"adm4_name":"Barangay 74","adm4_name1":null,"adm4_name2":null,"adm4_name3":null,"adm4_pcode":"PH1307501074","adm3_name":"Caloocan City","adm3_name1":null,"adm3_name2":null,"adm3_name3":null,"adm3_pcode":"PH1307501","adm2_name":"Metropolitan Manila Third District","adm2_name1":null,"adm2_name2":null,"adm2_name3":null,"adm2_pcode":"PH13075","adm1_name":"National Capital Region (NCR)","adm1_name1":null,"adm1_name2":null,"adm1_name3":null,"adm1_pcode":"PH13","adm0_name":"Philippines","adm0_name1":null,"adm0_name2":null,"adm0_name3":null,"adm0_pcode":"PH","valid_on":"2025-02-13","valid_to":null,"area_sqkm":0.05837767,"version":"v03","lang":"en","lang1":null,"lang2":null,"lang3":null,"adm4_ref_name":"Barangay 74","center_lat":14.65632441,"center_lon":120.97859523},"geometry":{"type":"Polygon","coordinates":[[[120.97782079600006,14.657400641000038],[120.97732235400008,14.657465065000054],[120.977299893000122,14.657296062],[120.977289278000171,14.657187719000035],[120.97728393400007,14.657111890000067],[120.977278581000064,14.65704405300005],[120.977262213000017,14.65689633400018],[120.97725041700005,14.656743524000149],[120.977244573000121,14.656681791000096],[120.977240879000192,14.656633106000072],[120.977239060000102,14.656514667000124],[120.977250218000108,14.656385832000012],[120.977276711000286,14.656262997000056],[120.977302187000078,14.656166691000124],[120.977345248,14.656054929999982],[120.977364180000336,14.655999263000126],[120.977393892000123,14.65593374600013],[120.977417543000229,14.655883220000021],[120.977461724000023,14.655796158999976],[120.977397877000044,14.655753861000051],[120.977379989000156,14.655744163000122],[120.977321167000241,14.655709837000131],[120.977206220000085,14.655641665000189],[120.977139055000066,14.655594313000165],[120.977098000000183,14.655559097000094],[120.977042961000166,14.655502870000134],[120.976997789000166,14.655444597000042],[120.976939658000219,14.65537444500012],[120.976867975000232,14.655286300000171],[120.976788779000117,14.655194152000036],[120.976720355000111,14.655122098999982],[120.977023715000314,14.655183765000118],[120.977517121000119,14.655292170000109],[120.97790175800003,14.655367691000095],[120.978122457000154,14.655409857],[120.978448097000069,14.655474146000074],[120.97876139500022,14.655538293000177],[120.979075440000202,14.655606884000065],[120.979390340000123,14.655672369000058],[120.979719957000157,14.655746395000165],[120.980039446000205,14.655812775000129],[120.979809289000059,14.656859988000178],[120.980124834000094,14.656984759000125],[120.980430272000035,14.657123630000171],[120.979998748000185,14.657139862000065],[120.979529926000168,14.657184191000113],[120.978742720000014,14.657273703000044],[120.978444980000063,14.657314393000036],[120.97782079600006,14.657400641000038]]]}},{"type":"Feature","properties":{"adm4_name":"Barangay 75","adm4_name1":null,"adm4_name2":null,"adm4_name3":null,"adm4_pcode":"PH1307501075","adm3_name":"Caloocan City","adm3_name1":null,"adm3_name2":null,"adm3_name3":null,"adm3_pcode":"PH1307501","adm2_name":"Metropolitan Manila Third District","adm2_name1":null,"adm2_name2":null,"adm2_name3":null,"adm2_pcode":"PH13075","adm1_name":"National Capital Region (NCR)","adm1_name1":null,"adm1_name2":null,"adm1_name3":null,"adm1_pcode":"PH13","adm0_name":"Philippines","adm0_name1":null,"adm0_name2":null,"adm0_name3":null,"adm0_pcode":"PH","valid_on":"2025-02-13","valid_to":null,"area_sqkm":0.03760024,"version":"v03","lang":"en","lang1":null,"lang2":null,"lang3":null,"adm4_ref_name":"Barangay 75","center_lat":14.65547994,"center_lon":120.98057263},"geometry":{"type":"Polygon","coordinates":[[[120.980764054000133,14.657118450000098],[120.980430272000035,14.657123630000171],[120.980124834000094,14.656984759000125],[120.979809289000059,14.656859988000178],[120.980039446000205,14.655812775000129],[120.980078873000025,14.655820807999987],[120.980135157000063,14.655540098000017],[120.980084111000224,14.655419782000024],[120.980101319000028,14.655410055],[120.980120448000093,14.655399731000045],[120.980147442000089,14.655381136000017],[120.980183834000059,14.655346142000155],[120.980220865000206,14.655301789000134],[120.980250111000146,14.655252091000079],[120.980271635000122,14.65519765200014],[120.980205215000296,14.65515663900004],[120.980158366000069,14.655117069000141],[120.980115273000138,14.65507822100011],[120.980077287000199,14.655036920000157],[120.980033145000107,14.654980361000185],[120.979986233000091,14.654914744000166],[120.979938705000109,14.65483361400004],[120.980256914000051,14.654543349999983],[120.980262737000089,14.654512803000046],[120.980333740000219,14.654236696],[120.98038323500009,14.654062762000024],[120.98046497200005,14.65377800400006],[120.980673043000138,14.653811489000077],[120.980820436000158,14.653856392000023],[120.980897071000186,14.653900935000024],[120.980485309000073,14.654340518000083],[120.980446720000145,14.654531544000065],[120.980546517000107,14.654596478000144],[120.98064667500023,14.654674379000085],[120.980785784000091,14.654780102000018],[120.980936021000048,14.654869131000055],[120.981030615,14.654947032000166],[120.98095,14.65501],[120.980906677000121,14.655063067000071],[120.980921848000207,14.65508718600006],[120.9809348550001,14.655128024000078],[120.980993964000277,14.655329986000083],[120.98107144100004,14.655608880000045],[120.981081427000163,14.655643640999983],[120.981090472000119,14.655670482000176],[120.981103687000086,14.655695335000189],[120.981124123000086,14.655724157000066],[120.981251214000054,14.655899096999974],[120.981433426000081,14.656169525000166],[120.981446382000058,14.656189854000161],[120.981455581000205,14.656205444000022],[120.981460980000065,14.656219497000052],[120.981462586000021,14.656233597000153],[120.981456753000089,14.656418633000158],[120.981456414000036,14.656569775000037],[120.98145455100007,14.656721624999989],[120.981460844000026,14.657112356000084],[120.981089738000037,14.657117082000127],[120.980764054000133,14.657118450000098]]]}},{"type":"Feature","properties":{"adm4_name":"Barangay 76","adm4_name1":null,"adm4_name2":null,"adm4_name3":null,"adm4_pcode":"PH1307501076","adm3_name":"Caloocan City","adm3_name1":null,"adm3_name2":null,"adm3_name3":null,"adm3_pcode":"PH1307501","adm2_name":"Metropolitan Manila Third District","adm2_name1":null,"adm2_name2":null,"adm2_name3":null,"adm2_pcode":"PH13075","adm1_name":"National Capital Region (NCR)","adm1_name1":null,"adm1_name2":null,"adm1_name3":null,"adm1_pcode":"PH13","adm0_name":"Philippines","adm0_name1":null,"adm0_name2":null,"adm0_name3":null,"adm0_pcode":"PH","valid_on":"2025-02-13","valid_to":null,"area_sqkm":0.02155196,"version":"v03","lang":"en","lang1":null,"lang2":null,"lang3":null,"adm4_ref_name":"Barangay 76","center_lat":14.65640988,"center_lon":120.98311649},"geometry":{"type":"Polygon","coordinates":[[[120.983978472000103,14.656777573],[120.98398641100016,14.657114461],[120.983638032000044,14.657096685000113],[120.983224744000154,14.657099292999987],[120.982465815000296,14.657102198000132],[120.982268358000056,14.657103428000084],[120.982269142000064,14.655999999000187],[120.982884082000169,14.656038292000062],[120.982895535000011,14.656226223000033],[120.983350655000322,14.656205434000015],[120.983441040000116,14.655867531000069],[120.983946674000208,14.655932536000023],[120.983948012000269,14.655988710000031],[120.983950166000113,14.656041272000095],[120.983957648000228,14.656239291000077],[120.983970616000192,14.656580463000068],[120.983977100000061,14.656733091999968],[120.983978472000103,14.656777573]]]}},{"type":"Feature","properties":{"adm4_name":"Barangay 77","adm4_name1":null,"adm4_name2":null,"adm4_name3":null,"adm4_pcode":"PH1307501077","adm3_name":"Caloocan City","adm3_name1":null,"adm3_name2":null,"adm3_name3":null,"adm3_pcode":"PH1307501","adm2_name":"Metropolitan Manila Third District","adm2_name1":null,"adm2_name2":null,"adm2_name3":null,"adm2_pcode":"PH13075","adm1_name":"National Capital Region (NCR)","adm1_name1":null,"adm1_name2":null,"adm1_name3":null,"adm1_pcode":"PH13","adm0_name":"Philippines","adm0_name1":null,"adm0_name2":null,"adm0_name3":null,"adm0_pcode":"PH","valid_on":"2025-02-13","valid_to":null,"area_sqkm":0.05797337,"version":"v03","lang":"en","lang1":null,"lang2":null,"lang3":null,"adm4_ref_name":"Barangay 77","center_lat":14.65796113,"center_lon":120.9810206},"geometry":{"type":"Polygon","coordinates":[[[120.980460286000039,14.658797205000155],[120.979577243000222,14.658821538000097],[120.979529926000168,14.657184191000113],[120.979998748000185,14.657139862000065],[120.980430272000035,14.657123630000171],[120.980764054000133,14.657118450000098],[120.981089738000037,14.657117082000127],[120.981460844000026,14.657112356000084],[120.981729535000113,14.657112896000172],[120.982136724000156,14.657104398000172],[120.982268358000056,14.657103428000084],[120.982465815000296,14.657102198000132],[120.982509620000087,14.658738068000162],[120.981781776000275,14.658758539000132],[120.981308678000232,14.658772186000135],[120.980460286000039,14.658797205000155]]]}},{"type":"Feature","properties":{"adm4_name":"Barangay 78","adm4_name1":null,"adm4_name2":null,"adm4_name3":null,"adm4_pcode":"PH1307501078","adm3_name":"Caloocan City","adm3_name1":null,"adm3_name2":null,"adm3_name3":null,"adm3_pcode":"PH1307501","adm2_name":"Metropolitan Manila Third District","adm2_name1":null,"adm2_name2":null,"adm2_name3":null,"adm2_pcode":"PH13075","adm1_name":"National Capital Region (NCR)","adm1_name1":null,"adm1_name2":null,"adm1_name3":null,"adm1_pcode":"PH13","adm0_name":"Philippines","adm0_name1":null,"adm0_name2":null,"adm0_name3":null,"adm0_pcode":"PH","valid_on":"2025-02-13","valid_to":null,"area_sqkm":0.06524267,"version":"v03","lang":"en","lang1":null,"lang2":null,"lang3":null,"adm4_ref_name":"Barangay 78","center_lat":14.65940762,"center_lon":120.98329353},"geometry":{"type":"Polygon","coordinates":[[[120.98407897900006,14.660077170000079],[120.984107243000039,14.660914912000123],[120.983282017000192,14.66068414800003],[120.982561902000157,14.660451592000186],[120.982509620000087,14.658738068000162],[120.982465815000296,14.657102198000132],[120.983224744000154,14.657099292999987],[120.983638032000044,14.657096685000113],[120.98398641100016,14.657114461],[120.983994047000124,14.657420916000035],[120.984008903000245,14.658001382000123],[120.984033542000248,14.658692578000114],[120.98407897900006,14.660077170000079]]]}},{"type":"Feature","properties":{"adm4_name":"Barangay 79","adm4_name1":null,"adm4_name2":null,"adm4_name3":null,"adm4_pcode":"PH1307501079","adm3_name":"Caloocan City","adm3_name1":null,"adm3_name2":null,"adm3_name3":null,"adm3_pcode":"PH1307501","adm2_name":"Metropolitan Manila Third District","adm2_name1":null,"adm2_name2":null,"adm2_name3":null,"adm2_pcode":"PH13075","adm1_name":"National Capital Region (NCR)","adm1_name1":null,"adm1_name2":null,"adm1_name3":null,"adm1_pcode":"PH13","adm0_name":"Philippines","adm0_name1":null,"adm0_name2":null,"adm0_name3":null,"adm0_pcode":"PH","valid_on":"2025-02-13","valid_to":null,"area_sqkm":0.08711032,"version":"v03","lang":"en","lang1":null,"lang2":null,"lang3":null,"adm4_ref_name":"Barangay 79","center_lat":14.65956783,"center_lon":120.9810692},"geometry":{"type":"Polygon","coordinates":[[[120.981576217000224,14.661565167000049],[120.981406395000022,14.661742599000149],[120.981177822000063,14.66161780900012],[120.980824899000027,14.661425640000118],[120.980543679000107,14.661291059000064],[120.980498290000128,14.661278020000168],[120.980448641000066,14.661272828000108],[120.97967845300002,14.661301545000072],[120.9796643520001,14.661301837999986],[120.979629680000016,14.660314123000092],[120.979577243000222,14.658821538000097],[120.980460286000039,14.658797205000155],[120.981308678000232,14.658772186000135],[120.981781776000275,14.658758539000132],[120.982509620000087,14.658738068000162],[120.982561902000157,14.660451592000186],[120.982390594000208,14.660639151000169],[120.981930344000148,14.661158477000129],[120.981576217000224,14.661565167000049]]]}},{"type":"Feature","properties":{"adm4_name":"Barangay 80","adm4_name1":null,"adm4_name2":null,"adm4_name3":null,"adm4_pcode":"PH1307501080","adm3_name":"Caloocan City","adm3_name1":null,"adm3_name2":null,"adm3_name3":null,"adm3_pcode":"PH1307501","adm2_name":"Metropolitan Manila Third District","adm2_name1":null,"adm2_name2":null,"adm2_name3":null,"adm2_pcode":"PH13075","adm1_name":"National Capital Region (NCR)","adm1_name1":null,"adm1_name2":null,"adm1_name3":null,"adm1_pcode":"PH13","adm0_name":"Philippines","adm0_name1":null,"adm0_name2":null,"adm0_name3":null,"adm0_pcode":"PH","valid_on":"2025-02-13","valid_to":null,"area_sqkm":0.30073788,"version":"v03","lang":"en","lang1":null,"lang2":null,"lang3":null,"adm4_ref_name":"Barangay 80","center_lat":14.65971372,"center_lon":120.97662868},"geometry":{"type":"Polygon","coordinates":[[[120.977895056000079,14.662346514000092],[120.977729684000224,14.662349051000035],[120.9775784200001,14.662335210000037],[120.977467735000118,14.662311286000033],[120.977361348000272,14.662270033000084],[120.976998832000163,14.662135523000131],[120.976573275000192,14.661981888000128],[120.9761306810002,14.661815208],[120.975932433000139,14.661726806000161],[120.975746837000202,14.661608431000047],[120.975581498000111,14.661478804000069],[120.975478863000035,14.661380752000127],[120.975341026000137,14.661316667000051],[120.975164769000344,14.661261269000079],[120.975012186000072,14.661234603000025],[120.974923786000204,14.661230366000098],[120.974856945000056,14.661235349000094],[120.97481843900016,14.661247103000164],[120.974761588000092,14.661264799000037],[120.974098836000167,14.661460086000147],[120.974133415000097,14.661655305000011],[120.974185892000264,14.661898794000024],[120.974224613000047,14.662023131000069],[120.974128533000226,14.662025247000088],[120.973817750000194,14.66201789500019],[120.973460319000196,14.661992629000054],[120.973438767000175,14.661923152000043],[120.97344261,14.661880586999985],[120.973453744000039,14.661787815000139],[120.973468059000083,14.661650807000171],[120.973482457000046,14.661545498000066],[120.97350051,14.66141110000018],[120.973513684000068,14.661289068000031],[120.973520228000098,14.661196375000088],[120.973539709000192,14.660927457000184],[120.973567359000185,14.660674731000086],[120.973583661000134,14.660443299000121],[120.973598043000038,14.660213518000035],[120.973622164000176,14.659952354999973],[120.973675378000166,14.659475087000089],[120.973840020000239,14.657502985000178],[120.974073659000169,14.657488639000064],[120.974237045000109,14.657472250000012],[120.974290778000068,14.657469375000062],[120.974421226000231,14.657459425000127],[120.974521595000056,14.657459117000087],[120.974616487000276,14.657460484000126],[120.974753345000067,14.657478625000124],[120.974935548000076,14.657511876000115],[120.974978664000105,14.657522109000183],[120.975190061000148,14.65756343400011],[120.975357721000137,14.657595789000027],[120.975485432000141,14.657622984000056],[120.975710523000203,14.657667930000059],[120.976005745000293,14.657707424000137],[120.976091974000042,14.65771182900005],[120.976164432000019,14.657712564],[120.976217375000033,14.657704917],[120.976413222000019,14.657652684000027],[120.976641377000306,14.657590580000033],[120.976764253000169,14.657558906000077],[120.976861805000112,14.657535218000078],[120.977176436000036,14.657485792999978],[120.97732235400008,14.657465065000054],[120.97782079600006,14.657400641000038],[120.978444980000063,14.657314393000036],[120.978742720000014,14.657273703000044],[120.979529926000168,14.657184191000113],[120.979577243000222,14.658821538000097],[120.979629680000016,14.660314123000092],[120.9796643520001,14.661301837999986],[120.978718853000032,14.661321453000085],[120.97831530000019,14.661245959999974],[120.978262287000121,14.661601771000051],[120.97823760000017,14.661899776000098],[120.978231286000096,14.662284311],[120.978104386000155,14.662318628000094],[120.977895056000079,14.662346514000092]]]}},{"type":"Feature","properties":{"adm4_name":"Barangay 81","adm4_name1":null,"adm4_name2":null,"adm4_name3":null,"adm4_pcode":"PH1307501081","adm3_name":"Caloocan City","adm3_name1":null,"adm3_name2":null,"adm3_name3":null,"adm3_pcode":"PH1307501","adm2_name":"Metropolitan Manila Third District","adm2_name1":null,"adm2_name2":null,"adm2_name3":null,"adm2_pcode":"PH13075","adm1_name":"National Capital Region (NCR)","adm1_name1":null,"adm1_name2":null,"adm1_name3":null,"adm1_pcode":"PH13","adm0_name":"Philippines","adm0_name1":null,"adm0_name2":null,"adm0_name3":null,"adm0_pcode":"PH","valid_on":"2025-02-13","valid_to":null,"area_sqkm":0.06775634,"version":"v03","lang":"en","lang1":null,"lang2":null,"lang3":null,"adm4_ref_name":"Barangay 81","center_lat":14.65938487,"center_lon":120.98474019},"geometry":{"type":"Polygon","coordinates":[[[120.985415974000034,14.66007924500019],[120.985382322000078,14.661436957999967],[120.984923190000131,14.661210347000178],[120.984735571000328,14.661209757000108],[120.98412042200016,14.661227847000191],[120.984107243000039,14.660914912000123],[120.98407897900006,14.660077170000079],[120.984033542000248,14.658692578000114],[120.984008903000245,14.658001382000123],[120.983994047000124,14.657420916000035],[120.98398641100016,14.657114461],[120.984310385000185,14.657130848],[120.98531072600008,14.657121230000143],[120.985463295000159,14.657124692000082],[120.985444722000125,14.658010147000027],[120.985432419000063,14.658678522],[120.985415974000034,14.66007924500019]]]}},{"type":"Feature","properties":{"adm4_name":"Barangay 82","adm4_name1":null,"adm4_name2":null,"adm4_name3":null,"adm4_pcode":"PH1307501082","adm3_name":"Caloocan City","adm3_name1":null,"adm3_name2":null,"adm3_name3":null,"adm3_pcode":"PH1307501","adm2_name":"Metropolitan Manila Third District","adm2_name1":null,"adm2_name2":null,"adm2_name3":null,"adm2_pcode":"PH13075","adm1_name":"National Capital Region (NCR)","adm1_name1":null,"adm1_name2":null,"adm1_name3":null,"adm1_pcode":"PH13","adm0_name":"Philippines","adm0_name1":null,"adm0_name2":null,"adm0_name3":null,"adm0_pcode":"PH","valid_on":"2025-02-13","valid_to":null,"area_sqkm":0.05245234,"version":"v03","lang":"en","lang1":null,"lang2":null,"lang3":null,"adm4_ref_name":"Barangay 82","center_lat":14.66278571,"center_lon":120.98917376},"geometry":{"type":"Polygon","coordinates":[[[120.990080340000191,14.663780400000064],[120.990064462000078,14.664512223000145],[120.989869264000276,14.664479990000075],[120.989631584000335,14.664401835999968],[120.989519932,14.664266862000034],[120.98936370700028,14.664121951000027],[120.989173676000064,14.66395034300001],[120.989041177000104,14.663792509000132],[120.988978117000215,14.663690476999989],[120.988923080000177,14.663539710000066],[120.98878937500001,14.663359754000112],[120.988576503000218,14.663110719000031],[120.988388925000095,14.662911337000025],[120.988205038000046,14.662747355000135],[120.98810736400003,14.662686555000107],[120.987994466000032,14.662629644000106],[120.98786174400027,14.662557692000178],[120.987749087000111,14.662509128000067],[120.987894067000184,14.662263087000042],[120.988028858000234,14.662078331000032],[120.988168041000108,14.661900999000125],[120.988935746000152,14.662505330000101],[120.98897312400004,14.662459242000182],[120.989003520000097,14.662421474999974],[120.989042469000196,14.662362974000018],[120.989068330000123,14.662307539000153],[120.989081412000132,14.662244429000111],[120.989079632000312,14.66209856200004],[120.989089283000112,14.66099055300009],[120.989596763,14.660998254000106],[120.990128858000048,14.661004506999973],[120.990118476000134,14.661867643],[120.990111171000308,14.662319192000155],[120.990106918000038,14.662544575000084],[120.990098295000166,14.662824059000116],[120.99009451500001,14.662975259000177],[120.99009379000006,14.663024975000042],[120.990091728000039,14.663262878000069],[120.990080340000191,14.663780400000064]]]}},{"type":"Feature","properties":{"adm4_name":"Barangay 83","adm4_name1":null,"adm4_name2":null,"adm4_name3":null,"adm4_pcode":"PH1307501083","adm3_name":"Caloocan City","adm3_name1":null,"adm3_name2":null,"adm3_name3":null,"adm3_pcode":"PH1307501","adm2_name":"Metropolitan Manila Third District","adm2_name1":null,"adm2_name2":null,"adm2_name3":null,"adm2_pcode":"PH13075","adm1_name":"National Capital Region (NCR)","adm1_name1":null,"adm1_name2":null,"adm1_name3":null,"adm1_pcode":"PH13","adm0_name":"Philippines","adm0_name1":null,"adm0_name2":null,"adm0_name3":null,"adm0_pcode":"PH","valid_on":"2025-02-13","valid_to":null,"area_sqkm":0.05682271,"version":"v03","lang":"en","lang1":null,"lang2":null,"lang3":null,"adm4_ref_name":"Barangay 83","center_lat":14.66024023,"center_lon":120.98859629},"geometry":{"type":"Polygon","coordinates":[[[120.989089283000112,14.66099055300009],[120.989079632000312,14.66209856200004],[120.988901696000198,14.662085907000119],[120.988801282000054,14.662065767000058],[120.988714433000041,14.66203418900011],[120.988641202000281,14.661992695000038],[120.988415367000016,14.661825717000113],[120.988299837000227,14.661730943000066],[120.988224660000128,14.661663932000124],[120.98815275700008,14.66156845200004],[120.988111096000125,14.661469133000082],[120.988097930000094,14.661392043000092],[120.988088871000173,14.661306233000118],[120.988082594000048,14.661164872000029],[120.988084635000178,14.660976866000112],[120.988098904000026,14.659479276000184],[120.988130078000268,14.65772440000012],[120.98814255000002,14.657154547000118],[120.988239181000154,14.657156672000042],[120.989141692000089,14.657164653000052],[120.989134235000165,14.657735001],[120.989112347000059,14.659503585000152],[120.989089283000112,14.66099055300009]]]}},{"type":"Feature","properties":{"adm4_name":"Barangay 84","adm4_name1":null,"adm4_name2":null,"adm4_name3":null,"adm4_pcode":"PH1307501084","adm3_name":"Caloocan City","adm3_name1":null,"adm3_name2":null,"adm3_name3":null,"adm3_pcode":"PH1307501","adm2_name":"Metropolitan Manila Third District","adm2_name1":null,"adm2_name2":null,"adm2_name3":null,"adm2_pcode":"PH13075","adm1_name":"National Capital Region (NCR)","adm1_name1":null,"adm1_name2":null,"adm1_name3":null,"adm1_pcode":"PH13","adm0_name":"Philippines","adm0_name1":null,"adm0_name2":null,"adm0_name3":null,"adm0_pcode":"PH","valid_on":"2025-02-13","valid_to":null,"area_sqkm":0.15929549,"version":"v03","lang":"en","lang1":null,"lang2":null,"lang3":null,"adm4_ref_name":"Barangay 84","center_lat":14.65977926,"center_lon":120.98675777},"geometry":{"type":"Polygon","coordinates":[[[120.987894067000184,14.662263087000042],[120.987749087000111,14.662509128000067],[120.986871957000176,14.662101808000102],[120.986362474000202,14.661878212999966],[120.985382322000078,14.661436957999967],[120.985415974000034,14.66007924500019],[120.985432419000063,14.658678522],[120.985444722000125,14.658010147000027],[120.985463295000159,14.657124692000082],[120.985470766000162,14.657124938000095],[120.987037350000264,14.657144336000101],[120.987258329000042,14.65714856500017],[120.987424568000165,14.657149042000128],[120.987606668000126,14.657150180000031],[120.98810947100003,14.657154600000069],[120.98814255000002,14.657154547000118],[120.988130078000268,14.65772440000012],[120.988098904000026,14.659479276000184],[120.988084635000178,14.660976866000112],[120.988082594000048,14.661164872000029],[120.988088871000173,14.661306233000118],[120.988097930000094,14.661392043000092],[120.988111096000125,14.661469133000082],[120.98815275700008,14.66156845200004],[120.988224660000128,14.661663932000124],[120.988299837000227,14.661730943000066],[120.988415367000016,14.661825717000113],[120.988641202000281,14.661992695000038],[120.988714433000041,14.66203418900011],[120.988801282000054,14.662065767000058],[120.988901696000198,14.662085907000119],[120.989079632000312,14.66209856200004],[120.989081412000132,14.662244429000111],[120.989068330000123,14.662307539000153],[120.989042469000196,14.662362974000018],[120.989003520000097,14.662421474999974],[120.98897312400004,14.662459242000182],[120.988935746000152,14.662505330000101],[120.988168041000108,14.661900999000125],[120.988028858000234,14.662078331000032],[120.987894067000184,14.662263087000042]]]}},{"type":"Feature","properties":{"adm4_name":"Barangay 85","adm4_name1":null,"adm4_name2":null,"adm4_name3":null,"adm4_pcode":"PH1307501085","adm3_name":"Caloocan City","adm3_name1":null,"adm3_name2":null,"adm3_name3":null,"adm3_pcode":"PH1307501","adm2_name":"Metropolitan Manila Third District","adm2_name1":null,"adm2_name2":null,"adm2_name3":null,"adm2_pcode":"PH13075","adm1_name":"National Capital Region (NCR)","adm1_name1":null,"adm1_name2":null,"adm1_name3":null,"adm1_pcode":"PH13","adm0_name":"Philippines","adm0_name1":null,"adm0_name2":null,"adm0_name3":null,"adm0_pcode":"PH","valid_on":"2025-02-13","valid_to":null,"area_sqkm":0.04721513,"version":"v03","lang":"en","lang1":null,"lang2":null,"lang3":null,"adm4_ref_name":"Barangay 85","center_lat":14.65862501,"center_lon":120.98963928000001},"geometry":{"type":"Polygon","coordinates":[[[120.990151724000043,14.659536021000179],[120.990128858000048,14.661004506999973],[120.989596763,14.660998254000106],[120.989089283000112,14.66099055300009],[120.989112347000059,14.659503585000152],[120.989134235000165,14.657735001],[120.989141692000089,14.657164653000052],[120.990176714000313,14.657174889000032],[120.990158824000105,14.657746426000188],[120.990151724000043,14.659536021000179]]]}},{"type":"Feature","properties":{"adm4_name":"Barangay 86","adm4_name1":null,"adm4_name2":null,"adm4_name3":null,"adm4_pcode":"PH1307501086","adm3_name":"Caloocan City","adm3_name1":null,"adm3_name2":null,"adm3_name3":null,"adm3_pcode":"PH1307501","adm2_name":"Metropolitan Manila Third District","adm2_name1":null,"adm2_name2":null,"adm2_name3":null,"adm2_pcode":"PH13075","adm1_name":"National Capital Region (NCR)","adm1_name1":null,"adm1_name2":null,"adm1_name3":null,"adm1_pcode":"PH13","adm0_name":"Philippines","adm0_name1":null,"adm0_name2":null,"adm0_name3":null,"adm0_pcode":"PH","valid_on":"2025-02-13","valid_to":null,"area_sqkm":0.06837929,"version":"v03","lang":"en","lang1":null,"lang2":null,"lang3":null,"adm4_ref_name":"Barangay 86","center_lat":14.65636534,"center_lon":120.9861107},"geometry":{"type":"Polygon","coordinates":[[[120.988251951000166,14.656491383000173],[120.988239181000154,14.657156672000042],[120.98814255000002,14.657154547000118],[120.98810947100003,14.657154600000069],[120.987606668000126,14.657150180000031],[120.987424568000165,14.657149042000128],[120.987258329000042,14.65714856500017],[120.987037350000264,14.657144336000101],[120.985470766000162,14.657124938000095],[120.985463295000159,14.657124692000082],[120.98531072600008,14.657121230000143],[120.984310385000185,14.657130848],[120.98398641100016,14.657114461],[120.983978472000103,14.656777573],[120.983977100000061,14.656733091999968],[120.983970616000192,14.656580463000068],[120.983957648000228,14.656239291000077],[120.983950166000113,14.656041272000095],[120.983948012000269,14.655988710000031],[120.98456538500011,14.655985836000127],[120.985505568,14.655990910000014],[120.985652630000118,14.655992271000059],[120.985875444000044,14.655990802000019],[120.985927383000217,14.655987036000056],[120.985965507000174,14.655978314000038],[120.985997286000043,14.6559711270001],[120.98603207300016,14.655948622000096],[120.986060495000174,14.655926019999981],[120.986079594000103,14.655893654000181],[120.986088581000217,14.655859622000037],[120.986089329000038,14.655831259000081],[120.98608912200018,14.655599552000183],[120.98614512100005,14.655600648000075],[120.987253508000208,14.655618125],[120.987366062000092,14.655618052000079],[120.988277631000301,14.655630981],[120.988276442000142,14.656050783000126],[120.988251951000166,14.656491383000173]]]}},{"type":"Feature","properties":{"adm4_name":"Barangay 87","adm4_name1":null,"adm4_name2":null,"adm4_name3":null,"adm4_pcode":"PH1307501087","adm3_name":"Caloocan City","adm3_name1":null,"adm3_name2":null,"adm3_name3":null,"adm3_pcode":"PH1307501","adm2_name":"Metropolitan Manila Third District","adm2_name1":null,"adm2_name2":null,"adm2_name3":null,"adm2_pcode":"PH13075","adm1_name":"National Capital Region (NCR)","adm1_name1":null,"adm1_name2":null,"adm1_name3":null,"adm1_pcode":"PH13","adm0_name":"Philippines","adm0_name1":null,"adm0_name2":null,"adm0_name3":null,"adm0_pcode":"PH","valid_on":"2025-02-13","valid_to":null,"area_sqkm":0.0799816,"version":"v03","lang":"en","lang1":null,"lang2":null,"lang3":null,"adm4_ref_name":"Barangay 87","center_lat":14.65628612,"center_lon":120.990473},"geometry":{"type":"Polygon","coordinates":[[[120.992681987000083,14.656552968000028],[120.992669229000057,14.657217919000061],[120.992462428000067,14.657213285000182],[120.991706522000072,14.657200086000103],[120.990931420000038,14.657186888000069],[120.990428310000198,14.657178288000068],[120.990176714000313,14.657174889000032],[120.989141692000089,14.657164653000052],[120.988239181000154,14.657156672000042],[120.988251951000166,14.656491383000173],[120.988276442000142,14.656050783000126],[120.988277631000301,14.655630981],[120.989028725000139,14.655644526000174],[120.990457086000106,14.655664851000154],[120.991186570000082,14.65567097600001],[120.991904139000212,14.655686335000155],[120.992690483000047,14.655701502000056],[120.992683125000099,14.65608085700012],[120.992681987000083,14.656552968000028]]]}},{"type":"Feature","properties":{"adm4_name":"Barangay 88","adm4_name1":null,"adm4_name2":null,"adm4_name3":null,"adm4_pcode":"PH1307501088","adm3_name":"Caloocan City","adm3_name1":null,"adm3_name2":null,"adm3_name3":null,"adm3_pcode":"PH1307501","adm2_name":"Metropolitan Manila Third District","adm2_name1":null,"adm2_name2":null,"adm2_name3":null,"adm2_pcode":"PH13075","adm1_name":"National Capital Region (NCR)","adm1_name1":null,"adm1_name2":null,"adm1_name3":null,"adm1_pcode":"PH13","adm0_name":"Philippines","adm0_name1":null,"adm0_name2":null,"adm0_name3":null,"adm0_pcode":"PH","valid_on":"2025-02-13","valid_to":null,"area_sqkm":0.08799985,"version":"v03","lang":"en","lang1":null,"lang2":null,"lang3":null,"adm4_ref_name":"Barangay 88","center_lat":14.65471744,"center_lon":120.98609373},"geometry":{"type":"Polygon","coordinates":[[[120.985875444000044,14.655990802000019],[120.985652630000118,14.655992271000059],[120.985505568,14.655990910000014],[120.98456538500011,14.655985836000127],[120.983948012000269,14.655988710000031],[120.983946674000208,14.655932536000023],[120.983945341000322,14.655864007000105],[120.983940773000086,14.65565315300006],[120.983938815000101,14.655587526000033],[120.983926301000338,14.655160892000083],[120.983916824000175,14.654874239000094],[120.983890502,14.654005886000107],[120.983871591000252,14.6535495010001],[120.984657997000113,14.653751173999979],[120.985111026000027,14.653866354000115],[120.985397247000037,14.653940938000062],[120.986107962000119,14.654113021000171],[120.986826383000107,14.654287610000154],[120.988274615000023,14.654647630999989],[120.988276173000031,14.654787248000105],[120.988272375000065,14.655242025000177],[120.988277631000301,14.655630981],[120.987366062000092,14.655618052000079],[120.987253508000208,14.655618125],[120.98614512100005,14.655600648000075],[120.98608912200018,14.655599552000183],[120.986089329000038,14.655831259000081],[120.986088581000217,14.655859622000037],[120.986079594000103,14.655893654000181],[120.986060495000174,14.655926019999981],[120.98603207300016,14.655948622000096],[120.985997286000043,14.6559711270001],[120.985965507000174,14.655978314000038],[120.985927383000217,14.655987036000056],[120.985875444000044,14.655990802000019]]]}},{"type":"Feature","properties":{"adm4_name":"Barangay 89","adm4_name1":null,"adm4_name2":null,"adm4_name3":null,"adm4_pcode":"PH1307501089","adm3_name":"Caloocan City","adm3_name1":null,"adm3_name2":null,"adm3_name3":null,"adm3_pcode":"PH1307501","adm2_name":"Metropolitan Manila Third District","adm2_name1":null,"adm2_name2":null,"adm2_name3":null,"adm2_pcode":"PH13075","adm1_name":"National Capital Region (NCR)","adm1_name1":null,"adm1_name2":null,"adm1_name3":null,"adm1_pcode":"PH13","adm0_name":"Philippines","adm0_name1":null,"adm0_name2":null,"adm0_name3":null,"adm0_pcode":"PH","valid_on":"2025-02-13","valid_to":null,"area_sqkm":0.07458534,"version":"v03","lang":"en","lang1":null,"lang2":null,"lang3":null,"adm4_ref_name":"Barangay 89","center_lat":14.65441118,"center_lon":120.9893533},"geometry":{"type":"Polygon","coordinates":[[[120.990456705000156,14.655273809000107],[120.990457086000106,14.655664851000154],[120.989028725000139,14.655644526000174],[120.988277631000301,14.655630981],[120.988272375000065,14.655242025000177],[120.988276173000031,14.654787248000105],[120.988274615000023,14.654647630999989],[120.988265593000051,14.654174727000111],[120.988245692000078,14.652785371000107],[120.988944863000143,14.652767597000036],[120.989659051000217,14.652743186000066],[120.990373721000196,14.652714930000059],[120.990429424000126,14.654108845],[120.990456705000156,14.655273809000107]]]}},{"type":"Feature","properties":{"adm4_name":"Barangay 90","adm4_name1":null,"adm4_name2":null,"adm4_name3":null,"adm4_pcode":"PH1307501090","adm3_name":"Caloocan City","adm3_name1":null,"adm3_name2":null,"adm3_name3":null,"adm3_pcode":"PH1307501","adm2_name":"Metropolitan Manila Third District","adm2_name1":null,"adm2_name2":null,"adm2_name3":null,"adm2_pcode":"PH13075","adm1_name":"National Capital Region (NCR)","adm1_name1":null,"adm1_name2":null,"adm1_name3":null,"adm1_pcode":"PH13","adm0_name":"Philippines","adm0_name1":null,"adm0_name2":null,"adm0_name3":null,"adm0_pcode":"PH","valid_on":"2025-02-13","valid_to":null,"area_sqkm":0.06514762,"version":"v03","lang":"en","lang1":null,"lang2":null,"lang3":null,"adm4_ref_name":"Barangay 90","center_lat":14.65365034,"center_lon":120.98626144000001},"geometry":{"type":"Polygon","coordinates":[[[120.988265593000051,14.654174727000111],[120.988274615000023,14.654647630999989],[120.986826383000107,14.654287610000154],[120.986107962000119,14.654113021000171],[120.985397247000037,14.653940938000062],[120.985111026000027,14.653866354000115],[120.984657997000113,14.653751173999979],[120.983871591000252,14.6535495010001],[120.983851265000226,14.652923574000113],[120.984636177000084,14.65290271300006],[120.985360669000215,14.652881156000149],[120.986065558000178,14.652858202000175],[120.986780804000205,14.652832892000049],[120.987493533000134,14.65280862700007],[120.988245692000078,14.652785371000107],[120.988265593000051,14.654174727000111]]]}},{"type":"Feature","properties":{"adm4_name":"Barangay 91","adm4_name1":null,"adm4_name2":null,"adm4_name3":null,"adm4_pcode":"PH1307501091","adm3_name":"Caloocan City","adm3_name1":null,"adm3_name2":null,"adm3_name3":null,"adm3_pcode":"PH1307501","adm2_name":"Metropolitan Manila Third District","adm2_name1":null,"adm2_name2":null,"adm2_name3":null,"adm2_pcode":"PH13075","adm1_name":"National Capital Region (NCR)","adm1_name1":null,"adm1_name2":null,"adm1_name3":null,"adm1_pcode":"PH13","adm0_name":"Philippines","adm0_name1":null,"adm0_name2":null,"adm0_name3":null,"adm0_pcode":"PH","valid_on":"2025-02-13","valid_to":null,"area_sqkm":0.08593248,"version":"v03","lang":"en","lang1":null,"lang2":null,"lang3":null,"adm4_ref_name":"Barangay 91","center_lat":14.65242901,"center_lon":120.98638812},"geometry":{"type":"Polygon","coordinates":[[[120.984636177000084,14.65290271300006],[120.983851265000226,14.652923574000113],[120.983827731000019,14.652090413000167],[120.983807923000313,14.651525523000146],[120.984602187000178,14.651489530000106],[120.985303968000039,14.65146484100012],[120.986025418000054,14.651443333000088],[120.986745938000013,14.651419907000104],[120.987443741000106,14.651401281000176],[120.988179349,14.651373649],[120.9889201430002,14.651352886000154],[120.988944863000143,14.652767597000036],[120.988245692000078,14.652785371000107],[120.987493533000134,14.65280862700007],[120.986780804000205,14.652832892000049],[120.986065558000178,14.652858202000175],[120.985360669000215,14.652881156000149],[120.984636177000084,14.65290271300006]]]}},{"type":"Feature","properties":{"adm4_name":"Barangay 92","adm4_name1":null,"adm4_name2":null,"adm4_name3":null,"adm4_pcode":"PH1307501092","adm3_name":"Caloocan City","adm3_name1":null,"adm3_name2":null,"adm3_name3":null,"adm3_pcode":"PH1307501","adm2_name":"Metropolitan Manila Third District","adm2_name1":null,"adm2_name2":null,"adm2_name3":null,"adm2_pcode":"PH13075","adm1_name":"National Capital Region (NCR)","adm1_name1":null,"adm1_name2":null,"adm1_name3":null,"adm1_pcode":"PH13","adm0_name":"Philippines","adm0_name1":null,"adm0_name2":null,"adm0_name3":null,"adm0_pcode":"PH","valid_on":"2025-02-13","valid_to":null,"area_sqkm":0.04920405,"version":"v03","lang":"en","lang1":null,"lang2":null,"lang3":null,"adm4_ref_name":"Barangay 92","center_lat":14.65469133,"center_lon":120.9907978},"geometry":{"type":"Polygon","coordinates":[[[120.991131464000091,14.654085172000123],[120.991186570000082,14.65567097600001],[120.990457086000106,14.655664851000154],[120.990456705000156,14.655273809000107],[120.990429424000126,14.654108845],[120.990373721000196,14.652714930000059],[120.99109329700002,14.652692618000174],[120.991442350000057,14.652679],[120.991805709000232,14.65266578700016],[120.992517892000023,14.652649931000099],[120.992551715000104,14.653281836000076],[120.992575320000014,14.654044564000117],[120.992245653000168,14.654056095999977],[120.991851785000108,14.654075939000109],[120.991131464000091,14.654085172000123]]]}},{"type":"Feature","properties":{"adm4_name":"Barangay 93","adm4_name1":null,"adm4_name2":null,"adm4_name3":null,"adm4_pcode":"PH1307501093","adm3_name":"Caloocan City","adm3_name1":null,"adm3_name2":null,"adm3_name3":null,"adm3_pcode":"PH1307501","adm2_name":"Metropolitan Manila Third District","adm2_name1":null,"adm2_name2":null,"adm2_name3":null,"adm2_pcode":"PH13075","adm1_name":"National Capital Region (NCR)","adm1_name1":null,"adm1_name2":null,"adm1_name3":null,"adm1_pcode":"PH13","adm0_name":"Philippines","adm0_name1":null,"adm0_name2":null,"adm0_name3":null,"adm0_pcode":"PH","valid_on":"2025-02-13","valid_to":null,"area_sqkm":0.05993928,"version":"v03","lang":"en","lang1":null,"lang2":null,"lang3":null,"adm4_ref_name":"Barangay 93","center_lat":14.65187834,"center_lon":120.9907101},"geometry":{"type":"Polygon","coordinates":[[[120.989659051000217,14.652743186000066],[120.988944863000143,14.652767597000036],[120.9889201430002,14.651352886000154],[120.989610257000095,14.651336523000111],[120.99033505500006,14.651307935000091],[120.991050854000036,14.651278056000024],[120.991757217000099,14.651253302999976],[120.99247822000018,14.651239769000142],[120.992485193000107,14.651665286000082],[120.992496559000188,14.652091398000152],[120.992500247000066,14.652243739000085],[120.992510277000065,14.652469975000145],[120.992517892000023,14.652649931000099],[120.991805709000232,14.65266578700016],[120.991442350000057,14.652679],[120.99109329700002,14.652692618000174],[120.990373721000196,14.652714930000059],[120.989659051000217,14.652743186000066]]]}},{"type":"Feature","properties":{"adm4_name":"Barangay 94","adm4_name1":null,"adm4_name2":null,"adm4_name3":null,"adm4_pcode":"PH1307501094","adm3_name":"Caloocan City","adm3_name1":null,"adm3_name2":null,"adm3_name3":null,"adm3_pcode":"PH1307501","adm2_name":"Metropolitan Manila Third District","adm2_name1":null,"adm2_name2":null,"adm2_name3":null,"adm2_pcode":"PH13075","adm1_name":"National Capital Region (NCR)","adm1_name1":null,"adm1_name2":null,"adm1_name3":null,"adm1_pcode":"PH13","adm0_name":"Philippines","adm0_name1":null,"adm0_name2":null,"adm0_name3":null,"adm0_pcode":"PH","valid_on":"2025-02-13","valid_to":null,"area_sqkm":0.04304703,"version":"v03","lang":"en","lang1":null,"lang2":null,"lang3":null,"adm4_ref_name":"Barangay 94","center_lat":14.65646313,"center_lon":120.99415271},"geometry":{"type":"Polygon","coordinates":[[[120.994437939000022,14.656566856000097],[120.994412966000027,14.657246741000108],[120.994035194000048,14.657240184000045],[120.993257016000143,14.657226644000161],[120.992669229000057,14.657217919000061],[120.992681987000083,14.656552968000028],[120.992683125000099,14.65608085700012],[120.992690483000047,14.655701502000056],[120.993299630000251,14.655697673000191],[120.993814384000075,14.655701470000054],[120.994453955000154,14.65571479700003],[120.995392572000014,14.655730054000117],[120.995455022000101,14.656114950000187],[120.995504006000033,14.656117185000085],[120.995556221000015,14.656127315000049],[120.995584519000204,14.656156210000063],[120.995600842000044,14.65619803300001],[120.995615630000202,14.656373287000122],[120.995634261000077,14.656594092000034],[120.994437939000022,14.656566856000097]]]}},{"type":"Feature","properties":{"adm4_name":"Barangay 95","adm4_name1":null,"adm4_name2":null,"adm4_name3":null,"adm4_pcode":"PH1307501095","adm3_name":"Caloocan City","adm3_name1":null,"adm3_name2":null,"adm3_name3":null,"adm3_pcode":"PH1307501","adm2_name":"Metropolitan Manila Third District","adm2_name1":null,"adm2_name2":null,"adm2_name3":null,"adm2_pcode":"PH13075","adm1_name":"National Capital Region (NCR)","adm1_name1":null,"adm1_name2":null,"adm1_name3":null,"adm1_pcode":"PH13","adm0_name":"Philippines","adm0_name1":null,"adm0_name2":null,"adm0_name3":null,"adm0_pcode":"PH","valid_on":"2025-02-13","valid_to":null,"area_sqkm":0.07923789,"version":"v03","lang":"en","lang1":null,"lang2":null,"lang3":null,"adm4_ref_name":"Barangay 95","center_lat":14.6562908,"center_lon":120.9972694},"geometry":{"type":"Polygon","coordinates":[[[120.999112299000103,14.657316509000054],[120.998977097000079,14.657317847000115],[120.998944325000025,14.657316983000044],[120.998736118000124,14.657315055000083],[120.998721872000033,14.657315193000102],[120.998287690000097,14.657307886000126],[120.997842448000029,14.657301514000096],[120.997093741000072,14.65728877000015],[120.996316361000027,14.657275230000096],[120.99556606100009,14.657265672000165],[120.994799034000152,14.657252928],[120.994412966000027,14.657246741000108],[120.994437939000022,14.656566856000097],[120.995634261000077,14.656594092000034],[120.995615630000202,14.656373287000122],[120.995600842000044,14.65619803300001],[120.995584519000204,14.656156210000063],[120.995556221000015,14.656127315000049],[120.995504006000033,14.656117185000085],[120.995455022000101,14.656114950000187],[120.995392572000014,14.655730054000117],[120.995364588000029,14.655541204000144],[120.995349199000088,14.65542717000011],[120.996111532000214,14.655410282000162],[120.996186267000098,14.655408626000167],[120.996289275000095,14.655265],[120.996300354000027,14.655256088000158],[120.996309852000081,14.655249590000153],[120.996320849000199,14.655244091000156],[120.996331846000317,14.655239592000044],[120.996345343000144,14.655236593000041],[120.996358340000029,14.655237592000049],[120.996411891000093,14.655252414000017],[120.996876893000035,14.655356544000142],[120.997815053000068,14.655566633000035],[120.997783268000148,14.655887315000086],[120.997930841000198,14.655987580000101],[120.998303561000171,14.656013993000101],[120.998371292000115,14.656023282000035],[120.998474421000083,14.655978638000079],[120.998504520000097,14.655957025000191],[120.998525628000152,14.655887270000164],[120.998530156000129,14.65585015400012],[120.998821980000116,14.655787306000093],[120.998849551000035,14.656208315000185],[120.999063563000163,14.656427380000082],[120.998792325000068,14.656678592000105],[120.998828497000204,14.656713775000071],[120.999068739000222,14.656899925],[120.999065709000092,14.656999322000161],[120.999020863000169,14.65708880000011],[120.998961483000016,14.657174244999965],[120.999112299000103,14.657316509000054]]]}},{"type":"Feature","properties":{"adm4_name":"Barangay 96","adm4_name1":null,"adm4_name2":null,"adm4_name3":null,"adm4_pcode":"PH1307501096","adm3_name":"Caloocan City","adm3_name1":null,"adm3_name2":null,"adm3_name3":null,"adm3_pcode":"PH1307501","adm2_name":"Metropolitan Manila Third District","adm2_name1":null,"adm2_name2":null,"adm2_name3":null,"adm2_pcode":"PH13075","adm1_name":"National Capital Region (NCR)","adm1_name1":null,"adm1_name2":null,"adm1_name3":null,"adm1_pcode":"PH13","adm0_name":"Philippines","adm0_name1":null,"adm0_name2":null,"adm0_name3":null,"adm0_pcode":"PH","valid_on":"2025-02-13","valid_to":null,"area_sqkm":0.09427047,"version":"v03","lang":"en","lang1":null,"lang2":null,"lang3":null,"adm4_ref_name":"Barangay 96","center_lat":14.65425422,"center_lon":120.99316805},"geometry":{"type":"Polygon","coordinates":[[[120.995364588000029,14.655541204000144],[120.995392572000014,14.655730054000117],[120.994453955000154,14.65571479700003],[120.993814384000075,14.655701470000054],[120.993299630000251,14.655697673000191],[120.992690483000047,14.655701502000056],[120.991904139000212,14.655686335000155],[120.991186570000082,14.65567097600001],[120.991131464000091,14.654085172000123],[120.991851785000108,14.654075939000109],[120.992245653000168,14.654056095999977],[120.992575320000014,14.654044564000117],[120.993498558000056,14.654013918999965],[120.993615476000059,14.654015614],[120.993512136000049,14.653573103000099],[120.993451534000201,14.653295452000123],[120.993974521000041,14.653207138000084],[120.994183620000058,14.653157588999989],[120.994456323000122,14.65308604],[120.994462377000104,14.653567690000102],[120.994999704000065,14.653580667000028],[120.99505189100023,14.653582031000099],[120.995088054000121,14.653594615000088],[120.995105405000231,14.653607203999968],[120.995115528000042,14.653633782000043],[120.995167852000122,14.654038799000091],[120.995223024000097,14.65442326100009],[120.995274970000082,14.654880920000039],[120.995339417000196,14.655357822000042],[120.995349199000088,14.65542717000011],[120.995364588000029,14.655541204000144]]]}},{"type":"Feature","properties":{"adm4_name":"Barangay 97","adm4_name1":null,"adm4_name2":null,"adm4_name3":null,"adm4_pcode":"PH1307501097","adm3_name":"Caloocan City","adm3_name1":null,"adm3_name2":null,"adm3_name3":null,"adm3_pcode":"PH1307501","adm2_name":"Metropolitan Manila Third District","adm2_name1":null,"adm2_name2":null,"adm2_name3":null,"adm2_pcode":"PH13075","adm1_name":"National Capital Region (NCR)","adm1_name1":null,"adm1_name2":null,"adm1_name3":null,"adm1_pcode":"PH13","adm0_name":"Philippines","adm0_name1":null,"adm0_name2":null,"adm0_name3":null,"adm0_pcode":"PH","valid_on":"2025-02-13","valid_to":null,"area_sqkm":0.04018912,"version":"v03","lang":"en","lang1":null,"lang2":null,"lang3":null,"adm4_ref_name":"Barangay 97","center_lat":14.65263233,"center_lon":120.99295295},"geometry":{"type":"Polygon","coordinates":[[[120.993498558000056,14.654013918999965],[120.992575320000014,14.654044564000117],[120.992551715000104,14.653281836000076],[120.992517892000023,14.652649931000099],[120.992510277000065,14.652469975000145],[120.992500247000066,14.652243739000085],[120.992496559000188,14.652091398000152],[120.992485193000107,14.651665286000082],[120.99247822000018,14.651239769000142],[120.992958746000113,14.651232501000038],[120.993496180000193,14.651213808000023],[120.993959290000134,14.65119936800005],[120.99396418400022,14.651465768999969],[120.993981288000214,14.65198408100008],[120.993995057,14.652333668000153],[120.99400700200033,14.652591794000159],[120.993531332000089,14.652607649000174],[120.993387706000249,14.652614736000089],[120.993409400000132,14.652982630000167],[120.993451534000201,14.653295452000123],[120.993512136000049,14.653573103000099],[120.993615476000059,14.654015614],[120.993498558000056,14.654013918999965]]]}},{"type":"Feature","properties":{"adm4_name":"Barangay 98","adm4_name1":null,"adm4_name2":null,"adm4_name3":null,"adm4_pcode":"PH1307501098","adm3_name":"Caloocan City","adm3_name1":null,"adm3_name2":null,"adm3_name3":null,"adm3_pcode":"PH1307501","adm2_name":"Metropolitan Manila Third District","adm2_name1":null,"adm2_name2":null,"adm2_name3":null,"adm2_pcode":"PH13075","adm1_name":"National Capital Region (NCR)","adm1_name1":null,"adm1_name2":null,"adm1_name3":null,"adm1_pcode":"PH13","adm0_name":"Philippines","adm0_name1":null,"adm0_name2":null,"adm0_name3":null,"adm0_pcode":"PH","valid_on":"2025-02-13","valid_to":null,"area_sqkm":0.02611688,"version":"v03","lang":"en","lang1":null,"lang2":null,"lang3":null,"adm4_ref_name":"Barangay 98","center_lat":14.65223166,"center_lon":120.99445655},"geometry":{"type":"Polygon","coordinates":[[[120.993974521000041,14.653207138000084],[120.993451534000201,14.653295452000123],[120.993409400000132,14.652982630000167],[120.993387706000249,14.652614736000089],[120.993531332000089,14.652607649000174],[120.99400700200033,14.652591794000159],[120.993995057,14.652333668000153],[120.993981288000214,14.65198408100008],[120.99396418400022,14.651465768999969],[120.993959290000134,14.65119936800005],[120.994416054000112,14.651187144000119],[120.994889845000102,14.651171974000135],[120.994910683000057,14.65197544200015],[120.994920942000135,14.65212966100006],[120.994925576000128,14.652550856000175],[120.994957720000116,14.652562668000087],[120.995025900000087,14.652588899000023],[120.995239686000218,14.652675467000051],[120.994929501000229,14.652899237000099],[120.994801596000229,14.652972381000154],[120.994638054,14.653030149000131],[120.994456323000122,14.65308604],[120.994183620000058,14.653157588999989],[120.993974521000041,14.653207138000084]]]}},{"type":"Feature","properties":{"adm4_name":"Barangay 99","adm4_name1":null,"adm4_name2":null,"adm4_name3":null,"adm4_pcode":"PH1307501099","adm3_name":"Caloocan City","adm3_name1":null,"adm3_name2":null,"adm3_name3":null,"adm3_pcode":"PH1307501","adm2_name":"Metropolitan Manila Third District","adm2_name1":null,"adm2_name2":null,"adm2_name3":null,"adm2_pcode":"PH13075","adm1_name":"National Capital Region (NCR)","adm1_name1":null,"adm1_name2":null,"adm1_name3":null,"adm1_pcode":"PH13","adm0_name":"Philippines","adm0_name1":null,"adm0_name2":null,"adm0_name3":null,"adm0_pcode":"PH","valid_on":"2025-02-13","valid_to":null,"area_sqkm":0.03673721,"version":"v03","lang":"en","lang1":null,"lang2":null,"lang3":null,"adm4_ref_name":"Barangay 99","center_lat":14.65490172,"center_lon":120.99723937},"geometry":{"type":"Polygon","coordinates":[[[120.998474421000083,14.655978638000079],[120.998371292000115,14.656023282000035],[120.998303561000171,14.656013993000101],[120.997930841000198,14.655987580000101],[120.997783268000148,14.655887315000086],[120.997815053000068,14.655566633000035],[120.996876893000035,14.655356544000142],[120.996411891000093,14.655252414000017],[120.996354838000116,14.654551017000188],[120.996362876000035,14.65438260500008],[120.996397234000028,14.654030369999987],[120.996476856000072,14.653527727999972],[120.996614835000059,14.653201599000113],[120.997075658000085,14.653658899999982],[120.998821980000116,14.655787306000093],[120.998530156000129,14.65585015400012],[120.998525628000152,14.655887270000164],[120.998504520000097,14.655957025000191],[120.998474421000083,14.655978638000079]]]}},{"type":"Feature","properties":{"adm4_name":"Barangay 100","adm4_name1":null,"adm4_name2":null,"adm4_name3":null,"adm4_pcode":"PH1307501100","adm3_name":"Caloocan City","adm3_name1":null,"adm3_name2":null,"adm3_name3":null,"adm3_pcode":"PH1307501","adm2_name":"Metropolitan Manila Third District","adm2_name1":null,"adm2_name2":null,"adm2_name3":null,"adm2_pcode":"PH13075","adm1_name":"National Capital Region (NCR)","adm1_name1":null,"adm1_name2":null,"adm1_name3":null,"adm1_pcode":"PH13","adm0_name":"Philippines","adm0_name1":null,"adm0_name2":null,"adm0_name3":null,"adm0_pcode":"PH","valid_on":"2025-02-13","valid_to":null,"area_sqkm":0.05020147,"version":"v03","lang":"en","lang1":null,"lang2":null,"lang3":null,"adm4_ref_name":"Barangay 100","center_lat":14.65383208,"center_lon":120.9957849},"geometry":{"type":"Polygon","coordinates":[[[120.996111532000214,14.655410282000162],[120.995349199000088,14.65542717000011],[120.995339417000196,14.655357822000042],[120.995274970000082,14.654880920000039],[120.995223024000097,14.65442326100009],[120.995167852000122,14.654038799000091],[120.995115528000042,14.653633782000043],[120.995105405000231,14.653607203999968],[120.995088054000121,14.653594615000088],[120.99505189100023,14.653582031000099],[120.994999704000065,14.653580667000028],[120.994462377000104,14.653567690000102],[120.994456323000122,14.65308604],[120.994638054,14.653030149000131],[120.994801596000229,14.652972381000154],[120.994929501000229,14.652899237000099],[120.995239686000218,14.652675467000051],[120.995676271000207,14.652536825000141],[120.996050897000032,14.652407287000074],[120.996312267,14.652307196999971],[120.996313828000098,14.652313085000117],[120.996324162000064,14.652343586000086],[120.996336123000219,14.652374114000111],[120.996447541000066,14.652384955],[120.996503068000266,14.65239716800005],[120.996580797000092,14.652443365000067],[120.996682703000147,14.652509821000024],[120.996767590000104,14.652560804000075],[120.996880045000125,14.652632932000188],[120.996679622000102,14.653044244000114],[120.996614835000059,14.653201599000113],[120.996476856000072,14.653527727999972],[120.996397234000028,14.654030369999987],[120.996362876000035,14.65438260500008],[120.996354838000116,14.654551017000188],[120.996411891000093,14.655252414000017],[120.996358340000029,14.655237592000049],[120.996345343000144,14.655236593000041],[120.996331846000317,14.655239592000044],[120.996320849000199,14.655244091000156],[120.996309852000081,14.655249590000153],[120.996300354000027,14.655256088000158],[120.996289275000095,14.655265],[120.996186267000098,14.655408626000167],[120.996111532000214,14.655410282000162]]]}},{"type":"Feature","properties":{"adm4_name":"Barangay 101","adm4_name1":null,"adm4_name2":null,"adm4_name3":null,"adm4_pcode":"PH1307501101","adm3_name":"Caloocan City","adm3_name1":null,"adm3_name2":null,"adm3_name3":null,"adm3_pcode":"PH1307501","adm2_name":"Metropolitan Manila Third District","adm2_name1":null,"adm2_name2":null,"adm2_name3":null,"adm2_pcode":"PH13075","adm1_name":"National Capital Region (NCR)","adm1_name1":null,"adm1_name2":null,"adm1_name3":null,"adm1_pcode":"PH13","adm0_name":"Philippines","adm0_name1":null,"adm0_name2":null,"adm0_name3":null,"adm0_pcode":"PH","valid_on":"2025-02-13","valid_to":null,"area_sqkm":0.11715734,"version":"v03","lang":"en","lang1":null,"lang2":null,"lang3":null,"adm4_ref_name":"Barangay 101","center_lat":14.65054441,"center_lon":120.9930822},"geometry":{"type":"Polygon","coordinates":[[[120.995676271000207,14.652536825000141],[120.995239686000218,14.652675467000051],[120.995025900000087,14.652588899000023],[120.994957720000116,14.652562668000087],[120.994925576000128,14.652550856000175],[120.994920942000135,14.65212966100006],[120.994910683000057,14.65197544200015],[120.994889845000102,14.651171974000135],[120.994416054000112,14.651187144000119],[120.993959290000134,14.65119936800005],[120.993496180000193,14.651213808000023],[120.992958746000113,14.651232501000038],[120.99247822000018,14.651239769000142],[120.991757217000099,14.651253302999976],[120.991050854000036,14.651278056000024],[120.991018784000175,14.650637661000019],[120.991006826000103,14.649863797000137],[120.990941206000116,14.648480003000032],[120.991658581000138,14.648462595000012],[120.992112969000232,14.648451056000056],[120.992170578000128,14.64844959300018],[120.992226632000097,14.64863554700014],[120.992312507000065,14.648953979000169],[120.992368674000318,14.649178904000053],[120.992379870000036,14.649221283000088],[120.992398662000141,14.649252761000014],[120.992423766000115,14.649276949000068],[120.992471404000071,14.649304030999986],[120.992533382000261,14.649332643000093],[120.992634976000318,14.649377410000113],[120.992661825000141,14.649389716000087],[120.992694639000206,14.649401867000108],[120.993026518000079,14.649532920000013],[120.993242290000126,14.649612197000124],[120.993661503000112,14.649796268000159],[120.993885720000094,14.649877348000132],[120.993951617000107,14.649890738000124],[120.993997437000189,14.649894564000135],[120.99404963500001,14.649900770000102],[120.994104552000067,14.649909673000025],[120.994148148000136,14.649926027000163],[120.994190598000046,14.649946031000184],[120.994236310000133,14.649967090000075],[120.994258078000144,14.64997761900014],[120.994463242000052,14.650085043000161],[120.99470031400017,14.650217665000127],[120.994912061000036,14.650330799000074],[120.994972138000094,14.650363155999969],[120.995007494000333,14.650387465000108],[120.995048805000124,14.650433036999971],[120.995080240000107,14.650468542000169],[120.995118149000177,14.65051236000005],[120.995175973000187,14.650576456000067],[120.995214428000054,14.650620175000029],[120.995254902000056,14.650659701999984],[120.99530397,14.650698017000082],[120.995347771000183,14.650715004000119],[120.995389178000096,14.65072072900017],[120.995428287000095,14.650724175000107],[120.9954674720002,14.650723048000089],[120.995504351000022,14.650719625000079],[120.995555635000301,14.650707021000073],[120.995847894000235,14.650581798000132],[120.995867328000031,14.650628654000116],[120.995876690000159,14.650663972000189],[120.996017398000049,14.651065513000106],[120.996090669000182,14.651289825],[120.996170606000078,14.651511330000119],[120.99621135700022,14.651630113000067],[120.996317748000024,14.651958960000059],[120.996425660000114,14.652263773000129],[120.996312267,14.652307196999971],[120.996050897000032,14.652407287000074],[120.995676271000207,14.652536825000141]]]}},{"type":"Feature","properties":{"adm4_name":"Barangay 102","adm4_name1":null,"adm4_name2":null,"adm4_name3":null,"adm4_pcode":"PH1307501102","adm3_name":"Caloocan City","adm3_name1":null,"adm3_name2":null,"adm3_name3":null,"adm3_pcode":"PH1307501","adm2_name":"Metropolitan Manila Third District","adm2_name1":null,"adm2_name2":null,"adm2_name3":null,"adm2_pcode":"PH13075","adm1_name":"National Capital Region (NCR)","adm1_name1":null,"adm1_name2":null,"adm1_name3":null,"adm1_pcode":"PH13","adm0_name":"Philippines","adm0_name1":null,"adm0_name2":null,"adm0_name3":null,"adm0_pcode":"PH","valid_on":"2025-02-13","valid_to":null,"area_sqkm":0.02797215,"version":"v03","lang":"en","lang1":null,"lang2":null,"lang3":null,"adm4_ref_name":"Barangay 102","center_lat":14.64967306,"center_lon":120.99428879},"geometry":{"type":"Polygon","coordinates":[[[120.9954674720002,14.650723048000089],[120.995428287000095,14.650724175000107],[120.995389178000096,14.65072072900017],[120.995347771000183,14.650715004000119],[120.99530397,14.650698017000082],[120.995254902000056,14.650659701999984],[120.995214428000054,14.650620175000029],[120.995175973000187,14.650576456000067],[120.995118149000177,14.65051236000005],[120.995080240000107,14.650468542000169],[120.995048805000124,14.650433036999971],[120.995007494000333,14.650387465000108],[120.994972138000094,14.650363155999969],[120.994912061000036,14.650330799000074],[120.99470031400017,14.650217665000127],[120.994463242000052,14.650085043000161],[120.994258078000144,14.64997761900014],[120.994236310000133,14.649967090000075],[120.994190598000046,14.649946031000184],[120.994148148000136,14.649926027000163],[120.994104552000067,14.649909673000025],[120.99404963500001,14.649900770000102],[120.993997437000189,14.649894564000135],[120.993951617000107,14.649890738000124],[120.993885720000094,14.649877348000132],[120.993661503000112,14.649796268000159],[120.993242290000126,14.649612197000124],[120.993026518000079,14.649532920000013],[120.992694639000206,14.649401867000108],[120.992661825000141,14.649389716000087],[120.992634976000318,14.649377410000113],[120.992533382000261,14.649332643000093],[120.992471404000071,14.649304030999986],[120.992423766000115,14.649276949000068],[120.992398662000141,14.649252761000014],[120.992379870000036,14.649221283000088],[120.992368674000318,14.649178904000053],[120.992312507000065,14.648953979000169],[120.992226632000097,14.64863554700014],[120.992955528000039,14.648898084000109],[120.99345582300009,14.649090756000021],[120.99407864200009,14.649330463000069],[120.99435505100007,14.649464767000154],[120.99438395300001,14.64947767100017],[120.99440729700018,14.649489501000062],[120.994511180000131,14.649539184],[120.994572319000099,14.649563918000126],[120.994646797000087,14.649582199000122],[120.994745720000196,14.649596166000094],[120.995022291000055,14.649639113000035],[120.995095973000161,14.649653134],[120.995297370000344,14.649692994000134],[120.99543729800007,14.649720687000013],[120.995628617000307,14.649758490000067],[120.995745968000165,14.64978381200018],[120.995741896000027,14.650091837],[120.995789929000011,14.650310677000164],[120.995847894000235,14.650581798000132],[120.995555635000301,14.650707021000073],[120.995504351000022,14.650719625000079],[120.9954674720002,14.650723048000089]]]}},{"type":"Feature","properties":{"adm4_name":"Barangay 103","adm4_name1":null,"adm4_name2":null,"adm4_name3":null,"adm4_pcode":"PH1307501103","adm3_name":"Caloocan City","adm3_name1":null,"adm3_name2":null,"adm3_name3":null,"adm3_pcode":"PH1307501","adm2_name":"Metropolitan Manila Third District","adm2_name1":null,"adm2_name2":null,"adm2_name3":null,"adm2_pcode":"PH13075","adm1_name":"National Capital Region (NCR)","adm1_name1":null,"adm1_name2":null,"adm1_name3":null,"adm1_pcode":"PH13","adm0_name":"Philippines","adm0_name1":null,"adm0_name2":null,"adm0_name3":null,"adm0_pcode":"PH","valid_on":"2025-02-13","valid_to":null,"area_sqkm":0.07227068,"version":"v03","lang":"en","lang1":null,"lang2":null,"lang3":null,"adm4_ref_name":"Barangay 103","center_lat":14.6491992,"center_lon":120.99025484000001},"geometry":{"type":"Polygon","coordinates":[[[120.99033505500006,14.651307935000091],[120.989610257000095,14.651336523000111],[120.989551034000101,14.649915675000159],[120.989518897000153,14.648534594000012],[120.98946185300008,14.647105284000077],[120.990188945000227,14.647097699000085],[120.990900030000148,14.647074331999988],[120.990941206000116,14.648480003000032],[120.991006826000103,14.649863797000137],[120.991018784000175,14.650637661000019],[120.991050854000036,14.651278056000024],[120.99033505500006,14.651307935000091]]]}},{"type":"Feature","properties":{"adm4_name":"Barangay 104","adm4_name1":null,"adm4_name2":null,"adm4_name3":null,"adm4_pcode":"PH1307501104","adm3_name":"Caloocan City","adm3_name1":null,"adm3_name2":null,"adm3_name3":null,"adm3_pcode":"PH1307501","adm2_name":"Metropolitan Manila Third District","adm2_name1":null,"adm2_name2":null,"adm2_name3":null,"adm2_pcode":"PH13075","adm1_name":"National Capital Region (NCR)","adm1_name1":null,"adm1_name2":null,"adm1_name3":null,"adm1_pcode":"PH13","adm0_name":"Philippines","adm0_name1":null,"adm0_name2":null,"adm0_name3":null,"adm0_pcode":"PH","valid_on":"2025-02-13","valid_to":null,"area_sqkm":0.07165273,"version":"v03","lang":"en","lang1":null,"lang2":null,"lang3":null,"adm4_ref_name":"Barangay 104","center_lat":14.64924366,"center_lon":120.98882306},"geometry":{"type":"Polygon","coordinates":[[[120.9889201430002,14.651352886000154],[120.988179349,14.651373649],[120.988141198000108,14.649967276999973],[120.988082423000151,14.648571654000079],[120.988036364000322,14.647174173000167],[120.988771729000177,14.647139290000041],[120.98946185300008,14.647105284000077],[120.989518897000153,14.648534594000012],[120.989551034000101,14.649915675000159],[120.989610257000095,14.651336523000111],[120.9889201430002,14.651352886000154]]]}},{"type":"Feature","properties":{"adm4_name":"Barangay 105","adm4_name1":null,"adm4_name2":null,"adm4_name3":null,"adm4_pcode":"PH1307501105","adm3_name":"Caloocan City","adm3_name1":null,"adm3_name2":null,"adm3_name3":null,"adm3_pcode":"PH1307501","adm2_name":"Metropolitan Manila Third District","adm2_name1":null,"adm2_name2":null,"adm2_name3":null,"adm2_pcode":"PH13075","adm1_name":"National Capital Region (NCR)","adm1_name1":null,"adm1_name2":null,"adm1_name3":null,"adm1_pcode":"PH13","adm0_name":"Philippines","adm0_name1":null,"adm0_name2":null,"adm0_name3":null,"adm0_pcode":"PH","valid_on":"2025-02-13","valid_to":null,"area_sqkm":0.09383334,"version":"v03","lang":"en","lang1":null,"lang2":null,"lang3":null,"adm4_ref_name":"Barangay 105","center_lat":14.64801138,"center_lon":120.99271805},"geometry":{"type":"Polygon","coordinates":[[[120.995827410000174,14.6492908620001],[120.995745968000165,14.64978381200018],[120.995628617000307,14.649758490000067],[120.99543729800007,14.649720687000013],[120.995297370000344,14.649692994000134],[120.995095973000161,14.649653134],[120.995022291000055,14.649639113000035],[120.994745720000196,14.649596166000094],[120.994646797000087,14.649582199000122],[120.994572319000099,14.649563918000126],[120.994511180000131,14.649539184],[120.99440729700018,14.649489501000062],[120.99438395300001,14.64947767100017],[120.99435505100007,14.649464767000154],[120.99407864200009,14.649330463000069],[120.99345582300009,14.649090756000021],[120.992955528000039,14.648898084000109],[120.992226632000097,14.64863554700014],[120.992170578000128,14.64844959300018],[120.992112969000232,14.648451056000056],[120.991658581000138,14.648462595000012],[120.990941206000116,14.648480003000032],[120.990900030000148,14.647074331999988],[120.991624069000068,14.647054045000175],[120.991714598000044,14.647049858000116],[120.992005119000169,14.64702503500007],[120.99241261300017,14.646983114000079],[120.992601986000068,14.646955060999971],[120.992763806000198,14.646930978000057],[120.993153176000078,14.646892291000142],[120.993910756000218,14.646867312000097],[120.994032128000072,14.646864387000107],[120.994030989000066,14.647222541000076],[120.994026025000039,14.647647329000051],[120.994991208000101,14.648375425000097],[120.995329977000097,14.648656448000168],[120.995838241000115,14.648932370000068],[120.995968834000109,14.649230865000163],[120.995827410000174,14.6492908620001]]]}},{"type":"Feature","properties":{"adm4_name":"Barangay 106","adm4_name1":null,"adm4_name2":null,"adm4_name3":null,"adm4_pcode":"PH1307501106","adm3_name":"Caloocan City","adm3_name1":null,"adm3_name2":null,"adm3_name3":null,"adm3_pcode":"PH1307501","adm2_name":"Metropolitan Manila Third District","adm2_name1":null,"adm2_name2":null,"adm2_name3":null,"adm2_pcode":"PH13075","adm1_name":"National Capital Region (NCR)","adm1_name1":null,"adm1_name2":null,"adm1_name3":null,"adm1_pcode":"PH13","adm0_name":"Philippines","adm0_name1":null,"adm0_name2":null,"adm0_name3":null,"adm0_pcode":"PH","valid_on":"2025-02-13","valid_to":null,"area_sqkm":0.05004973,"version":"v03","lang":"en","lang1":null,"lang2":null,"lang3":null,"adm4_ref_name":"Barangay 106","center_lat":14.65007448,"center_lon":120.98451049000001},"geometry":{"type":"Polygon","coordinates":[[[120.984602187000178,14.651489530000106],[120.983807923000313,14.651525523000146],[120.983761461000199,14.650101668],[120.983713878000117,14.648719605000167],[120.98449415600021,14.648690029000022],[120.98521211000002,14.64866964600003],[120.985259594000127,14.650047298000118],[120.985303968000039,14.65146484100012],[120.984602187000178,14.651489530000106]]]}},{"type":"Feature","properties":{"adm4_name":"Barangay 107","adm4_name1":null,"adm4_name2":null,"adm4_name3":null,"adm4_pcode":"PH1307501107","adm3_name":"Caloocan City","adm3_name1":null,"adm3_name2":null,"adm3_name3":null,"adm3_pcode":"PH1307501","adm2_name":"Metropolitan Manila Third District","adm2_name1":null,"adm2_name2":null,"adm2_name3":null,"adm2_pcode":"PH13075","adm1_name":"National Capital Region (NCR)","adm1_name1":null,"adm1_name2":null,"adm1_name3":null,"adm1_pcode":"PH13","adm0_name":"Philippines","adm0_name1":null,"adm0_name2":null,"adm0_name3":null,"adm0_pcode":"PH","valid_on":"2025-02-13","valid_to":null,"area_sqkm":0.04748844,"version":"v03","lang":"en","lang1":null,"lang2":null,"lang3":null,"adm4_ref_name":"Barangay 107","center_lat":14.6507336,"center_lon":120.98599908},"geometry":{"type":"Polygon","coordinates":[[[120.986025418000054,14.651443333000088],[120.985303968000039,14.65146484100012],[120.985259594000127,14.650047298000118],[120.98521211000002,14.64866964600003],[120.985937249000131,14.64866589900015],[120.986643600000207,14.648630824000179],[120.986646302000054,14.649045615000148],[120.986646306000239,14.649046426000098],[120.986686562000045,14.650007639000137],[120.986745938000013,14.651419907000104],[120.986025418000054,14.651443333000088]]]}},{"type":"Feature","properties":{"adm4_name":"Barangay 108","adm4_name1":null,"adm4_name2":null,"adm4_name3":null,"adm4_pcode":"PH1307501108","adm3_name":"Caloocan City","adm3_name1":null,"adm3_name2":null,"adm3_name3":null,"adm3_pcode":"PH1307501","adm2_name":"Metropolitan Manila Third District","adm2_name1":null,"adm2_name2":null,"adm2_name3":null,"adm2_pcode":"PH13075","adm1_name":"National Capital Region (NCR)","adm1_name1":null,"adm1_name2":null,"adm1_name3":null,"adm1_pcode":"PH13","adm0_name":"Philippines","adm0_name1":null,"adm0_name2":null,"adm0_name3":null,"adm0_pcode":"PH","valid_on":"2025-02-13","valid_to":null,"area_sqkm":0.04830896,"version":"v03","lang":"en","lang1":null,"lang2":null,"lang3":null,"adm4_ref_name":"Barangay 108","center_lat":14.64998746,"center_lon":120.98741373},"geometry":{"type":"Polygon","coordinates":[[[120.987443741000106,14.651401281000176],[120.986745938000013,14.651419907000104],[120.986686562000045,14.650007639000137],[120.986646306000239,14.649046426000098],[120.986646302000054,14.649045615000148],[120.986643600000207,14.648630824000179],[120.987355048000268,14.648604347],[120.988082423000151,14.648571654000079],[120.988141198000108,14.649967276999973],[120.988179349,14.651373649],[120.987443741000106,14.651401281000176]]]}},{"type":"Feature","properties":{"adm4_name":"Barangay 109","adm4_name1":null,"adm4_name2":null,"adm4_name3":null,"adm4_pcode":"PH1307501109","adm3_name":"Caloocan City","adm3_name1":null,"adm3_name2":null,"adm3_name3":null,"adm3_pcode":"PH1307501","adm2_name":"Metropolitan Manila Third District","adm2_name1":null,"adm2_name2":null,"adm2_name3":null,"adm2_pcode":"PH13075","adm1_name":"National Capital Region (NCR)","adm1_name1":null,"adm1_name2":null,"adm1_name3":null,"adm1_pcode":"PH13","adm0_name":"Philippines","adm0_name1":null,"adm0_name2":null,"adm0_name3":null,"adm0_pcode":"PH","valid_on":"2025-02-13","valid_to":null,"area_sqkm":0.07335036,"version":"v03","lang":"en","lang1":null,"lang2":null,"lang3":null,"adm4_ref_name":"Barangay 109","center_lat":14.64794308,"center_lon":120.98587554},"geometry":{"type":"Polygon","coordinates":[[[120.98449415600021,14.648690029000022],[120.983713878000117,14.648719605000167],[120.983669556000109,14.647314507999965],[120.984450849000041,14.647288119],[120.98516316100006,14.647272503000124],[120.985877517000176,14.647235085000091],[120.986592251000161,14.647233004000157],[120.987309789000165,14.64718868600005],[120.988036364000322,14.647174173000167],[120.988082423000151,14.648571654000079],[120.987355048000268,14.648604347],[120.986643600000207,14.648630824000179],[120.985937249000131,14.64866589900015],[120.98521211000002,14.64866964600003],[120.98449415600021,14.648690029000022]]]}},{"type":"Feature","properties":{"adm4_name":"Barangay 110","adm4_name1":null,"adm4_name2":null,"adm4_name3":null,"adm4_pcode":"PH1307501110","adm3_name":"Caloocan City","adm3_name1":null,"adm3_name2":null,"adm3_name3":null,"adm3_pcode":"PH1307501","adm2_name":"Metropolitan Manila Third District","adm2_name1":null,"adm2_name2":null,"adm2_name3":null,"adm2_pcode":"PH13075","adm1_name":"National Capital Region (NCR)","adm1_name1":null,"adm1_name2":null,"adm1_name3":null,"adm1_pcode":"PH13","adm0_name":"Philippines","adm0_name1":null,"adm0_name2":null,"adm0_name3":null,"adm0_pcode":"PH","valid_on":"2025-02-13","valid_to":null,"area_sqkm":0.02694455,"version":"v03","lang":"en","lang1":null,"lang2":null,"lang3":null,"adm4_ref_name":"Barangay 110","center_lat":14.646802,"center_lon":120.9844012},"geometry":{"type":"Polygon","coordinates":[[[120.984450849000041,14.647288119],[120.983669556000109,14.647314507999965],[120.983631099000036,14.64608277800005],[120.983618843000158,14.645720541000173],[120.984395414000346,14.645693967999989],[120.98440772500021,14.645868043000121],[120.985117890000083,14.645848441999988],[120.985134515000141,14.646331501000077],[120.98516316100006,14.647272503000124],[120.984450849000041,14.647288119]]]}},{"type":"Feature","properties":{"adm4_name":"Barangay 111","adm4_name1":null,"adm4_name2":null,"adm4_name3":null,"adm4_pcode":"PH1307501111","adm3_name":"Caloocan City","adm3_name1":null,"adm3_name2":null,"adm3_name3":null,"adm3_pcode":"PH1307501","adm2_name":"Metropolitan Manila Third District","adm2_name1":null,"adm2_name2":null,"adm2_name3":null,"adm2_pcode":"PH13075","adm1_name":"National Capital Region (NCR)","adm1_name1":null,"adm1_name2":null,"adm1_name3":null,"adm1_pcode":"PH13","adm0_name":"Philippines","adm0_name1":null,"adm0_name2":null,"adm0_name3":null,"adm0_pcode":"PH","valid_on":"2025-02-13","valid_to":null,"area_sqkm":0.02413874,"version":"v03","lang":"en","lang1":null,"lang2":null,"lang3":null,"adm4_ref_name":"Barangay 111","center_lat":14.64678225,"center_lon":120.98586241},"geometry":{"type":"Polygon","coordinates":[[[120.985877517000176,14.647235085000091],[120.98516316100006,14.647272503000124],[120.985134515000141,14.646331501000077],[120.985117890000083,14.645848441999988],[120.985468421000064,14.645837319000066],[120.985824199000035,14.645831298000189],[120.986186663000012,14.645810390000065],[120.986543917000063,14.645799192000027],[120.986559043000057,14.646277313000041],[120.986592251000161,14.647233004000157],[120.985877517000176,14.647235085000091]]]}},{"type":"Feature","properties":{"adm4_name":"Barangay 112","adm4_name1":null,"adm4_name2":null,"adm4_name3":null,"adm4_pcode":"PH1307501112","adm3_name":"Caloocan City","adm3_name1":null,"adm3_name2":null,"adm3_name3":null,"adm3_pcode":"PH1307501","adm2_name":"Metropolitan Manila Third District","adm2_name1":null,"adm2_name2":null,"adm2_name3":null,"adm2_pcode":"PH13075","adm1_name":"National Capital Region (NCR)","adm1_name1":null,"adm1_name2":null,"adm1_name3":null,"adm1_pcode":"PH13","adm0_name":"Philippines","adm0_name1":null,"adm0_name2":null,"adm0_name3":null,"adm0_pcode":"PH","valid_on":"2025-02-13","valid_to":null,"area_sqkm":0.0245869,"version":"v03","lang":"en","lang1":null,"lang2":null,"lang3":null,"adm4_ref_name":"Barangay 112","center_lat":14.64672574,"center_lon":120.98729981},"geometry":{"type":"Polygon","coordinates":[[[120.987309789000165,14.64718868600005],[120.986592251000161,14.647233004000157],[120.986559043000057,14.646277313000041],[120.986543917000063,14.645799192000027],[120.986900576000153,14.645788586000037],[120.987267880000331,14.645776518000105],[120.987610706000282,14.64576022500006],[120.987996508000037,14.645753610000156],[120.988012406000166,14.646228848000021],[120.988036364000322,14.647174173000167],[120.987309789000165,14.64718868600005]]]}},{"type":"Feature","properties":{"adm4_name":"Barangay 113","adm4_name1":null,"adm4_name2":null,"adm4_name3":null,"adm4_pcode":"PH1307501113","adm3_name":"Caloocan City","adm3_name1":null,"adm3_name2":null,"adm3_name3":null,"adm3_pcode":"PH1307501","adm2_name":"Metropolitan Manila Third District","adm2_name1":null,"adm2_name2":null,"adm2_name3":null,"adm2_pcode":"PH13075","adm1_name":"National Capital Region (NCR)","adm1_name1":null,"adm1_name2":null,"adm1_name3":null,"adm1_pcode":"PH13","adm0_name":"Philippines","adm0_name1":null,"adm0_name2":null,"adm0_name3":null,"adm0_pcode":"PH","valid_on":"2025-02-13","valid_to":null,"area_sqkm":0.02536967,"version":"v03","lang":"en","lang1":null,"lang2":null,"lang3":null,"adm4_ref_name":"Barangay 113","center_lat":14.64503344,"center_lon":120.98434504},"geometry":{"type":"Polygon","coordinates":[[[120.985117890000083,14.645848441999988],[120.98440772500021,14.645868043000121],[120.984395414000346,14.645693967999989],[120.983618843000158,14.645720541000173],[120.983583852000038,14.644352463000132],[120.984337027000038,14.644335088],[120.985062607000032,14.644372873],[120.985065252000027,14.644372911000062],[120.985117890000083,14.645848441999988]]]}},{"type":"Feature","properties":{"adm4_name":"Barangay 114","adm4_name1":null,"adm4_name2":null,"adm4_name3":null,"adm4_pcode":"PH1307501114","adm3_name":"Caloocan City","adm3_name1":null,"adm3_name2":null,"adm3_name3":null,"adm3_pcode":"PH1307501","adm2_name":"Metropolitan Manila Third District","adm2_name1":null,"adm2_name2":null,"adm2_name3":null,"adm2_pcode":"PH13075","adm1_name":"National Capital Region (NCR)","adm1_name1":null,"adm1_name2":null,"adm1_name3":null,"adm1_pcode":"PH13","adm0_name":"Philippines","adm0_name1":null,"adm0_name2":null,"adm0_name3":null,"adm0_pcode":"PH","valid_on":"2025-02-13","valid_to":null,"area_sqkm":0.01254121,"version":"v03","lang":"en","lang1":null,"lang2":null,"lang3":null,"adm4_ref_name":"Barangay 114","center_lat":14.64481997,"center_lon":120.98543923},"geometry":{"type":"Polygon","coordinates":[[[120.985468421000064,14.645837319000066],[120.985117890000083,14.645848441999988],[120.985065252000027,14.644372911000062],[120.985438994000219,14.644368003000181],[120.985782991000178,14.6443482090001],[120.98581076500011,14.645267023000144],[120.985824199000035,14.645831298000189],[120.985468421000064,14.645837319000066]]]}},{"type":"Feature","properties":{"adm4_name":"Barangay 115","adm4_name1":null,"adm4_name2":null,"adm4_name3":null,"adm4_pcode":"PH1307501115","adm3_name":"Caloocan City","adm3_name1":null,"adm3_name2":null,"adm3_name3":null,"adm3_pcode":"PH1307501","adm2_name":"Metropolitan Manila Third District","adm2_name1":null,"adm2_name2":null,"adm2_name3":null,"adm2_pcode":"PH13075","adm1_name":"National Capital Region (NCR)","adm1_name1":null,"adm1_name2":null,"adm1_name3":null,"adm1_pcode":"PH13","adm0_name":"Philippines","adm0_name1":null,"adm0_name2":null,"adm0_name3":null,"adm0_pcode":"PH","valid_on":"2025-02-13","valid_to":null,"area_sqkm":0.01270692,"version":"v03","lang":"en","lang1":null,"lang2":null,"lang3":null,"adm4_ref_name":"Barangay 115","center_lat":14.64476194,"center_lon":120.98615701},"geometry":{"type":"Polygon","coordinates":[[[120.986186663000012,14.645810390000065],[120.985824199000035,14.645831298000189],[120.98581076500011,14.645267023000144],[120.985782991000178,14.6443482090001],[120.986153726000339,14.644337248],[120.986214976000042,14.644333415000119],[120.986506030000214,14.644325558000105],[120.986530359000199,14.645175676000122],[120.986543917000063,14.645799192000027],[120.986186663000012,14.645810390000065]]]}},{"type":"Feature","properties":{"adm4_name":"Barangay 116","adm4_name1":null,"adm4_name2":null,"adm4_name3":null,"adm4_pcode":"PH1307501116","adm3_name":"Caloocan City","adm3_name1":null,"adm3_name2":null,"adm3_name3":null,"adm3_pcode":"PH1307501","adm2_name":"Metropolitan Manila Third District","adm2_name1":null,"adm2_name2":null,"adm2_name3":null,"adm2_pcode":"PH13075","adm1_name":"National Capital Region (NCR)","adm1_name1":null,"adm1_name2":null,"adm1_name3":null,"adm1_pcode":"PH13","adm0_name":"Philippines","adm0_name1":null,"adm0_name2":null,"adm0_name3":null,"adm0_pcode":"PH","valid_on":"2025-02-13","valid_to":null,"area_sqkm":0.02556603,"version":"v03","lang":"en","lang1":null,"lang2":null,"lang3":null,"adm4_ref_name":"Barangay 116","center_lat":14.64500637,"center_lon":120.98724933},"geometry":{"type":"Polygon","coordinates":[[[120.986900576000153,14.645788586000037],[120.986543917000063,14.645799192000027],[120.986530359000199,14.645175676000122],[120.986506030000214,14.644325558000105],[120.986848597000062,14.644318404000046],[120.987212289000126,14.644293369000025],[120.987420396000175,14.64427869900004],[120.987587479000013,14.64426871400002],[120.987938747000157,14.644253856000034],[120.987969936000013,14.644837071000097],[120.987978566000038,14.645293062000064],[120.987996508000037,14.645753610000156],[120.987610706000282,14.64576022500006],[120.987267880000331,14.645776518000105],[120.986900576000153,14.645788586000037]]]}},{"type":"Feature","properties":{"adm4_name":"Barangay 117","adm4_name1":null,"adm4_name2":null,"adm4_name3":null,"adm4_pcode":"PH1307501117","adm3_name":"Caloocan City","adm3_name1":null,"adm3_name2":null,"adm3_name3":null,"adm3_pcode":"PH1307501","adm2_name":"Metropolitan Manila Third District","adm2_name1":null,"adm2_name2":null,"adm2_name3":null,"adm2_pcode":"PH13075","adm1_name":"National Capital Region (NCR)","adm1_name1":null,"adm1_name2":null,"adm1_name3":null,"adm1_pcode":"PH13","adm0_name":"Philippines","adm0_name1":null,"adm0_name2":null,"adm0_name3":null,"adm0_pcode":"PH","valid_on":"2025-02-13","valid_to":null,"area_sqkm":0.03351548,"version":"v03","lang":"en","lang1":null,"lang2":null,"lang3":null,"adm4_ref_name":"Barangay 117","center_lat":14.64383723,"center_lon":120.98466732},"geometry":{"type":"Polygon","coordinates":[[[120.985438994000219,14.644368003000181],[120.985065252000027,14.644372911000062],[120.985062607000032,14.644372873],[120.984337027000038,14.644335088],[120.983583852000038,14.644352463000132],[120.983531598000127,14.643117441000072],[120.98431601100026,14.643087547999983],[120.985021021000193,14.64307540700014],[120.985393860000045,14.643058663000033],[120.985742071000118,14.643051795000133],[120.985744019000094,14.643082942000149],[120.985763833000192,14.643432515000029],[120.985781337000049,14.644241954000108],[120.985782991000178,14.6443482090001],[120.985438994000219,14.644368003000181]]]}},{"type":"Feature","properties":{"adm4_name":"Barangay 118","adm4_name1":null,"adm4_name2":null,"adm4_name3":null,"adm4_pcode":"PH1307501118","adm3_name":"Caloocan City","adm3_name1":null,"adm3_name2":null,"adm3_name3":null,"adm3_pcode":"PH1307501","adm2_name":"Metropolitan Manila Third District","adm2_name1":null,"adm2_name2":null,"adm2_name3":null,"adm2_pcode":"PH13075","adm1_name":"National Capital Region (NCR)","adm1_name1":null,"adm1_name2":null,"adm1_name3":null,"adm1_pcode":"PH13","adm0_name":"Philippines","adm0_name1":null,"adm0_name2":null,"adm0_name3":null,"adm0_pcode":"PH","valid_on":"2025-02-13","valid_to":null,"area_sqkm":0.20824965,"version":"v03","lang":"en","lang1":null,"lang2":null,"lang3":null,"adm4_ref_name":"Barangay 118","center_lat":14.6420087,"center_lon":120.98771937},"geometry":{"type":"Polygon","coordinates":[[[120.986153726000339,14.644337248],[120.985782991000178,14.6443482090001],[120.985781337000049,14.644241954000108],[120.985763833000192,14.643432515000029],[120.985744019000094,14.643082942000149],[120.985742071000118,14.643051795000133],[120.985724296000171,14.642348398000138],[120.985727900000143,14.642246464000038],[120.985757708000051,14.642197652000107],[120.985761681000326,14.642150566000112],[120.985758701000123,14.642102519000105],[120.985744797000166,14.642063121000035],[120.985706404000098,14.641954270000042],[120.985657921000097,14.64187913100011],[120.985786129000076,14.641845377000152],[120.985591201000034,14.641434733000096],[120.985781791000022,14.641345737000051],[120.985796498000127,14.641374908000046],[120.985935777,14.641328367000028],[120.986271646000205,14.641216280000094],[120.986206245000176,14.641053890000137],[120.986134470000025,14.640874041000075],[120.985999700000207,14.640515976000017],[120.985971815000084,14.64045348500008],[120.985887204000164,14.640212979000125],[120.985863489000053,14.640152625000098],[120.985792996000214,14.639975446000051],[120.985778441000093,14.639937735000046],[120.985682299000018,14.639655100000027],[120.98594320500024,14.639678343000071],[120.986644098000056,14.639731894000022],[120.98696503400015,14.639736886000037],[120.987322837000193,14.639738784000031],[120.987620648000075,14.639743387000124],[120.988869378000118,14.639798129000042],[120.988944947000277,14.640101794000032],[120.989049778000208,14.640409662000138],[120.989091109000128,14.640531040000042],[120.989228300000036,14.640857763000156],[120.989326760000154,14.641090521000081],[120.989612553000143,14.641758136000135],[120.989636982000093,14.641814190000161],[120.989756318000218,14.642118938000124],[120.989836510000032,14.642307039000173],[120.989968602000204,14.642651296000167],[120.990067104000104,14.642907791000141],[120.990226712000208,14.643241520000117],[120.990617109000254,14.644016430000136],[120.990300565000211,14.6440857770001],[120.990092674000152,14.644134800000131],[120.989597355000114,14.644189613000151],[120.989376707000133,14.644193481000116],[120.989162172000078,14.644202157000109],[120.988673758000118,14.644216344000142],[120.987938747000157,14.644253856000034],[120.987587479000013,14.64426871400002],[120.987420396000175,14.64427869900004],[120.987212289000126,14.644293369000025],[120.986848597000062,14.644318404000046],[120.986506030000214,14.644325558000105],[120.986214976000042,14.644333415000119],[120.986153726000339,14.644337248]]]}},{"type":"Feature","properties":{"adm4_name":"Barangay 119","adm4_name1":null,"adm4_name2":null,"adm4_name3":null,"adm4_pcode":"PH1307501119","adm3_name":"Caloocan City","adm3_name1":null,"adm3_name2":null,"adm3_name3":null,"adm3_pcode":"PH1307501","adm2_name":"Metropolitan Manila Third District","adm2_name1":null,"adm2_name2":null,"adm2_name3":null,"adm2_pcode":"PH13075","adm1_name":"National Capital Region (NCR)","adm1_name1":null,"adm1_name2":null,"adm1_name3":null,"adm1_pcode":"PH13","adm0_name":"Philippines","adm0_name1":null,"adm0_name2":null,"adm0_name3":null,"adm0_pcode":"PH","valid_on":"2025-02-13","valid_to":null,"area_sqkm":0.03119499,"version":"v03","lang":"en","lang1":null,"lang2":null,"lang3":null,"adm4_ref_name":"Barangay 119","center_lat":14.64243114,"center_lon":120.98445855},"geometry":{"type":"Polygon","coordinates":[[[120.98431601100026,14.643087547999983],[120.983531598000127,14.643117441000072],[120.983504038000092,14.642326947000015],[120.983489961000146,14.641731257000117],[120.984259940000015,14.641696632000048],[120.984979293000038,14.641692031000105],[120.985343420000049,14.641664432000027],[120.98540059000004,14.642225636000092],[120.985407899000052,14.642354238000053],[120.985410977000129,14.642508044000181],[120.985410050000269,14.642692181000086],[120.985393860000045,14.643058663000033],[120.985021021000193,14.64307540700014],[120.98431601100026,14.643087547999983]]]}},{"type":"Feature","properties":{"adm4_name":"Barangay 120","adm4_name1":null,"adm4_name2":null,"adm4_name3":null,"adm4_pcode":"PH1307501120","adm3_name":"Caloocan City","adm3_name1":null,"adm3_name2":null,"adm3_name3":null,"adm3_pcode":"PH1307501","adm2_name":"Metropolitan Manila Third District","adm2_name1":null,"adm2_name2":null,"adm2_name3":null,"adm2_pcode":"PH13075","adm1_name":"National Capital Region (NCR)","adm1_name1":null,"adm1_name2":null,"adm1_name3":null,"adm1_pcode":"PH13","adm0_name":"Philippines","adm0_name1":null,"adm0_name2":null,"adm0_name3":null,"adm0_pcode":"PH","valid_on":"2025-02-13","valid_to":null,"area_sqkm":0.10928442,"version":"v03","lang":"en","lang1":null,"lang2":null,"lang3":null,"adm4_ref_name":"Barangay 120","center_lat":14.6397672,"center_lon":120.98415221},"geometry":{"type":"Polygon","coordinates":[[[120.985742071000118,14.643051795000133],[120.985393860000045,14.643058663000033],[120.985410050000269,14.642692181000086],[120.985410977000129,14.642508044000181],[120.985407899000052,14.642354238000053],[120.98540059000004,14.642225636000092],[120.985343420000049,14.641664432000027],[120.984979293000038,14.641692031000105],[120.984259940000015,14.641696632000048],[120.983489961000146,14.641731257000117],[120.983442624000077,14.640341589000059],[120.983408337000128,14.639301884000133],[120.983399077000058,14.63894132300004],[120.983376541000325,14.638657903000023],[120.983354640000016,14.638515573000177],[120.983311643000093,14.638311691000183],[120.983256273000165,14.638094958000067],[120.983239924000145,14.638041145000159],[120.983152392000193,14.637801626000169],[120.98300946300003,14.637469682000074],[120.982977658000095,14.637404041000025],[120.982890279000117,14.637223365000182],[120.982812812000134,14.637053382999966],[120.982570590000023,14.636542622000093],[120.982681863000039,14.63651189300009],[120.982889528000101,14.636502510000128],[120.982963031000054,14.636515006000081],[120.983023930000058,14.636581418000105],[120.983049462000054,14.636637593000046],[120.983067009000138,14.636696224],[120.983033505000208,14.636780886000054],[120.983015947000013,14.636844045000089],[120.983017543000074,14.636893383000086],[120.983078171000329,14.637011733000065],[120.983336067000209,14.636880771000108],[120.983471322000128,14.636825432000023],[120.983511045000114,14.636816223000096],[120.983544391,14.636814695000112],[120.983584065000059,14.636877612000092],[120.983703106000121,14.637152246000085],[120.983810692000134,14.637100768000096],[120.983877222000274,14.63707851300012],[120.983951794000063,14.637053675000175],[120.984064252000167,14.637030217000188],[120.984235596000076,14.637016048000191],[120.984407071000192,14.637000686000135],[120.984730638000201,14.636980458000096],[120.98483694700019,14.636977976000026],[120.984876797000084,14.636987015000159],[120.984918002000086,14.637002450000125],[120.98493661100008,14.6370281720001],[120.984956725000188,14.637059133000093],[120.984973017000129,14.637090660000126],[120.984979127000088,14.637137950000124],[120.984967184000084,14.637178646000109],[120.984944587000086,14.637222374000032],[120.984855070000208,14.637309404000121],[120.984672277000072,14.637466891000088],[120.984621034000043,14.637545344000102],[120.984567206000179,14.637602517000118],[120.984410039000068,14.637724453999965],[120.984106152000209,14.637886500999969],[120.984103141000105,14.637943141000051],[120.983981261000054,14.638004239000111],[120.984500012000126,14.638975762000143],[120.984537117000059,14.639020612000138],[120.984815431000015,14.639044924000189],[120.98484471200004,14.639125876000151],[120.985369510000169,14.639142744000083],[120.985366868000256,14.639236157000084],[120.985303333000047,14.63937811400001],[120.985076924000055,14.639408259000106],[120.985070470000096,14.639512500000137],[120.984953382000185,14.639551502000188],[120.984872118000226,14.639701787999968],[120.984895536000181,14.639879446000123],[120.985015081000029,14.639832603000059],[120.985082594000232,14.63997936800007],[120.985682299000018,14.639655100000027],[120.985778441000093,14.639937735000046],[120.985792996000214,14.639975446000051],[120.985863489000053,14.640152625000098],[120.985887204000164,14.640212979000125],[120.985971815000084,14.64045348500008],[120.985999700000207,14.640515976000017],[120.986134470000025,14.640874041000075],[120.986206245000176,14.641053890000137],[120.986271646000205,14.641216280000094],[120.985935777,14.641328367000028],[120.985796498000127,14.641374908000046],[120.985781791000022,14.641345737000051],[120.985591201000034,14.641434733000096],[120.985786129000076,14.641845377000152],[120.985657921000097,14.64187913100011],[120.985706404000098,14.641954270000042],[120.985744797000166,14.642063121000035],[120.985758701000123,14.642102519000105],[120.985761681000326,14.642150566000112],[120.985757708000051,14.642197652000107],[120.985727900000143,14.642246464000038],[120.985724296000171,14.642348398000138],[120.985742071000118,14.643051795000133]]]}},{"type":"Feature","properties":{"adm4_name":"Barangay 121","adm4_name1":null,"adm4_name2":null,"adm4_name3":null,"adm4_pcode":"PH1307501121","adm3_name":"Caloocan City","adm3_name1":null,"adm3_name2":null,"adm3_name3":null,"adm3_pcode":"PH1307501","adm2_name":"Metropolitan Manila Third District","adm2_name1":null,"adm2_name2":null,"adm2_name3":null,"adm2_pcode":"PH13075","adm1_name":"National Capital Region (NCR)","adm1_name1":null,"adm1_name2":null,"adm1_name3":null,"adm1_pcode":"PH13","adm0_name":"Philippines","adm0_name1":null,"adm0_name2":null,"adm0_name3":null,"adm0_pcode":"PH","valid_on":"2025-02-13","valid_to":null,"area_sqkm":0.04789136,"version":"v03","lang":"en","lang1":null,"lang2":null,"lang3":null,"adm4_ref_name":"Barangay 121","center_lat":14.6464099,"center_lon":120.98944435},"geometry":{"type":"Polygon","coordinates":[[[120.988771729000177,14.647139290000041],[120.988036364000322,14.647174173000167],[120.988012406000166,14.646228848000021],[120.987996508000037,14.645753610000156],[120.988721861000158,14.645729551000045],[120.989422620000141,14.645711278000022],[120.990130339000302,14.645687808000048],[120.990844438000181,14.645670764000045],[120.990865233000022,14.646144744000026],[120.99087612000028,14.646590958000161],[120.990900030000148,14.647074331999988],[120.990188945000227,14.647097699000085],[120.98946185300008,14.647105284000077],[120.988771729000177,14.647139290000041]]]}},{"type":"Feature","properties":{"adm4_name":"Barangay 122","adm4_name1":null,"adm4_name2":null,"adm4_name3":null,"adm4_pcode":"PH1307501122","adm3_name":"Caloocan City","adm3_name1":null,"adm3_name2":null,"adm3_name3":null,"adm3_pcode":"PH1307501","adm2_name":"Metropolitan Manila Third District","adm2_name1":null,"adm2_name2":null,"adm2_name3":null,"adm2_pcode":"PH13075","adm1_name":"National Capital Region (NCR)","adm1_name1":null,"adm1_name2":null,"adm1_name3":null,"adm1_pcode":"PH13","adm0_name":"Philippines","adm0_name1":null,"adm0_name2":null,"adm0_name3":null,"adm0_pcode":"PH","valid_on":"2025-02-13","valid_to":null,"area_sqkm":0.05000585,"version":"v03","lang":"en","lang1":null,"lang2":null,"lang3":null,"adm4_ref_name":"Barangay 122","center_lat":14.64590775,"center_lon":120.99210134},"geometry":{"type":"Polygon","coordinates":[[[120.991624069000068,14.647054045000175],[120.990900030000148,14.647074331999988],[120.99087612000028,14.646590958000161],[120.990865233000022,14.646144744000026],[120.990844438000181,14.645670764000045],[120.991316258000097,14.645663468000123],[120.991374474000168,14.645663465000041],[120.991407916000071,14.645662265000112],[120.991448790000049,14.645656270000075],[120.991479761000051,14.645646676000183],[120.99153056900002,14.645625085000063],[120.991745991000016,14.645535185000085],[120.991938915000219,14.645454791000191],[120.992322194000053,14.645297478000089],[120.992337330000055,14.645291070000042],[120.992725963000112,14.645124754000165],[120.993133194000166,14.644955511000092],[120.993376267000144,14.645500233000064],[120.993273162000037,14.645542646000081],[120.993491241000015,14.646608790000016],[120.993637847000059,14.646588521000012],[120.993868620000057,14.646556615000065],[120.993910756000218,14.646867312000097],[120.993153176000078,14.646892291000142],[120.992763806000198,14.646930978000057],[120.992601986000068,14.646955060999971],[120.99241261300017,14.646983114000079],[120.992005119000169,14.64702503500007],[120.991714598000044,14.647049858000116],[120.991624069000068,14.647054045000175]]]}},{"type":"Feature","properties":{"adm4_name":"Barangay 123","adm4_name1":null,"adm4_name2":null,"adm4_name3":null,"adm4_pcode":"PH1307501123","adm3_name":"Caloocan City","adm3_name1":null,"adm3_name2":null,"adm3_name3":null,"adm3_pcode":"PH1307501","adm2_name":"Metropolitan Manila Third District","adm2_name1":null,"adm2_name2":null,"adm2_name3":null,"adm2_pcode":"PH13075","adm1_name":"National Capital Region (NCR)","adm1_name1":null,"adm1_name2":null,"adm1_name3":null,"adm1_pcode":"PH13","adm0_name":"Philippines","adm0_name1":null,"adm0_name2":null,"adm0_name3":null,"adm0_pcode":"PH","valid_on":"2025-02-13","valid_to":null,"area_sqkm":0.0257178,"version":"v03","lang":"en","lang1":null,"lang2":null,"lang3":null,"adm4_ref_name":"Barangay 123","center_lat":14.64503953,"center_lon":120.98868623},"geometry":{"type":"Polygon","coordinates":[[[120.988721861000158,14.645729551000045],[120.987996508000037,14.645753610000156],[120.987978566000038,14.645293062000064],[120.987969936000013,14.644837071000097],[120.987938747000157,14.644253856000034],[120.988673758000118,14.644216344000142],[120.989162172000078,14.644202157000109],[120.989376707000133,14.644193481000116],[120.989390844000127,14.644784150000021],[120.989404931000195,14.645241996000095],[120.989422620000141,14.645711278000022],[120.988721861000158,14.645729551000045]]]}},{"type":"Feature","properties":{"adm4_name":"Barangay 124","adm4_name1":null,"adm4_name2":null,"adm4_name3":null,"adm4_pcode":"PH1307501124","adm3_name":"Caloocan City","adm3_name1":null,"adm3_name2":null,"adm3_name3":null,"adm3_pcode":"PH1307501","adm2_name":"Metropolitan Manila Third District","adm2_name1":null,"adm2_name2":null,"adm2_name3":null,"adm2_pcode":"PH13075","adm1_name":"National Capital Region (NCR)","adm1_name1":null,"adm1_name2":null,"adm1_name3":null,"adm1_pcode":"PH13","adm0_name":"Philippines","adm0_name1":null,"adm0_name2":null,"adm0_name3":null,"adm0_pcode":"PH","valid_on":"2025-02-13","valid_to":null,"area_sqkm":0.02674895,"version":"v03","lang":"en","lang1":null,"lang2":null,"lang3":null,"adm4_ref_name":"Barangay 124","center_lat":14.64498475,"center_lon":120.99010824},"geometry":{"type":"Polygon","coordinates":[[[120.990130339000302,14.645687808000048],[120.989422620000141,14.645711278000022],[120.989404931000195,14.645241996000095],[120.989390844000127,14.644784150000021],[120.989376707000133,14.644193481000116],[120.989597355000114,14.644189613000151],[120.990092674000152,14.644134800000131],[120.990300565000211,14.6440857770001],[120.990617109000254,14.644016430000136],[120.990791260000037,14.643957155000123],[120.990803835000065,14.644298176000177],[120.990814503000024,14.644744751000076],[120.990823600000226,14.645185359000095],[120.990844438000181,14.645670764000045],[120.990130339000302,14.645687808000048]]]}},{"type":"Feature","properties":{"adm4_name":"Barangay 125","adm4_name1":null,"adm4_name2":null,"adm4_name3":null,"adm4_pcode":"PH1307501125","adm3_name":"Caloocan City","adm3_name1":null,"adm3_name2":null,"adm3_name3":null,"adm3_pcode":"PH1307501","adm2_name":"Metropolitan Manila Third District","adm2_name1":null,"adm2_name2":null,"adm2_name3":null,"adm2_pcode":"PH13075","adm1_name":"National Capital Region (NCR)","adm1_name1":null,"adm1_name2":null,"adm1_name3":null,"adm1_pcode":"PH13","adm0_name":"Philippines","adm0_name1":null,"adm0_name2":null,"adm0_name3":null,"adm0_pcode":"PH","valid_on":"2025-02-13","valid_to":null,"area_sqkm":0.04001146,"version":"v03","lang":"en","lang1":null,"lang2":null,"lang3":null,"adm4_ref_name":"Barangay 125","center_lat":14.64458162,"center_lon":120.99188874},"geometry":{"type":"Polygon","coordinates":[[[120.991316258000097,14.645663468000123],[120.990844438000181,14.645670764000045],[120.990823600000226,14.645185359000095],[120.990814503000024,14.644744751000076],[120.990803835000065,14.644298176000177],[120.990791260000037,14.643957155000123],[120.990885776000027,14.643925484000079],[120.991132443000083,14.64385535800011],[120.991335063000179,14.643810275000021],[120.991579275000277,14.643762198000047],[120.991646781000213,14.643752162000112],[120.991705693000085,14.643748531000085],[120.991726820000167,14.643747035000104],[120.992133339000134,14.643728009000142],[120.992456665000077,14.643736801000159],[120.992458425000223,14.643740774000037],[120.992531474000089,14.643917505],[120.992635157000109,14.644162573000017],[120.992745295000304,14.644398838000143],[120.992894307000029,14.644418497000061],[120.993133194000166,14.644955511000092],[120.992725963000112,14.645124754000165],[120.992337330000055,14.645291070000042],[120.992322194000053,14.645297478000089],[120.991938915000219,14.645454791000191],[120.991745991000016,14.645535185000085],[120.99153056900002,14.645625085000063],[120.991479761000051,14.645646676000183],[120.991448790000049,14.645656270000075],[120.991407916000071,14.645662265000112],[120.991374474000168,14.645663465000041],[120.991316258000097,14.645663468000123]]]}},{"type":"Feature","properties":{"adm4_name":"Barangay 126","adm4_name1":null,"adm4_name2":null,"adm4_name3":null,"adm4_pcode":"PH1307501126","adm3_name":"Caloocan City","adm3_name1":null,"adm3_name2":null,"adm3_name3":null,"adm3_pcode":"PH1307501","adm2_name":"Metropolitan Manila Third District","adm2_name1":null,"adm2_name2":null,"adm2_name3":null,"adm2_pcode":"PH13075","adm1_name":"National Capital Region (NCR)","adm1_name1":null,"adm1_name2":null,"adm1_name3":null,"adm1_pcode":"PH13","adm0_name":"Philippines","adm0_name1":null,"adm0_name2":null,"adm0_name3":null,"adm0_pcode":"PH","valid_on":"2025-02-13","valid_to":null,"area_sqkm":0.04483744,"version":"v03","lang":"en","lang1":null,"lang2":null,"lang3":null,"adm4_ref_name":"Barangay 126","center_lat":14.64306664,"center_lon":120.99138783},"geometry":{"type":"Polygon","coordinates":[[[120.990791260000037,14.643957155000123],[120.990617109000254,14.644016430000136],[120.990226712000208,14.643241520000117],[120.990067104000104,14.642907791000141],[120.989968602000204,14.642651296000167],[120.990468474000295,14.642465026000025],[120.992130307000025,14.641930574000185],[120.992316725000023,14.642374792000169],[120.992505810000125,14.642807285000174],[120.99271023200015,14.643225496000071],[120.992945986000109,14.643771328000071],[120.99249409100014,14.643737818000147],[120.992456665000077,14.643736801000159],[120.992133339000134,14.643728009000142],[120.991726820000167,14.643747035000104],[120.991705693000085,14.643748531000085],[120.991646781000213,14.643752162000112],[120.991579275000277,14.643762198000047],[120.991335063000179,14.643810275000021],[120.991132443000083,14.64385535800011],[120.990885776000027,14.643925484000079],[120.990791260000037,14.643957155000123]]]}},{"type":"Feature","properties":{"adm4_name":"Barangay 127","adm4_name1":null,"adm4_name2":null,"adm4_name3":null,"adm4_pcode":"PH1307501127","adm3_name":"Caloocan City","adm3_name1":null,"adm3_name2":null,"adm3_name3":null,"adm3_pcode":"PH1307501","adm2_name":"Metropolitan Manila Third District","adm2_name1":null,"adm2_name2":null,"adm2_name3":null,"adm2_pcode":"PH13075","adm1_name":"National Capital Region (NCR)","adm1_name1":null,"adm1_name2":null,"adm1_name3":null,"adm1_pcode":"PH13","adm0_name":"Philippines","adm0_name1":null,"adm0_name2":null,"adm0_name3":null,"adm0_pcode":"PH","valid_on":"2025-02-13","valid_to":null,"area_sqkm":0.05132653,"version":"v03","lang":"en","lang1":null,"lang2":null,"lang3":null,"adm4_ref_name":"Barangay 127","center_lat":14.64129783,"center_lon":120.99063477},"geometry":{"type":"Polygon","coordinates":[[[120.990468474000295,14.642465026000025],[120.989968602000204,14.642651296000167],[120.989836510000032,14.642307039000173],[120.989756318000218,14.642118938000124],[120.989636982000093,14.641814190000161],[120.989612553000143,14.641758136000135],[120.989326760000154,14.641090521000081],[120.989228300000036,14.640857763000156],[120.989577680000139,14.640745509000112],[120.990498265000042,14.640456168000071],[120.991370558000199,14.640175491000036],[120.991428373000076,14.640326203000029],[120.991570441000135,14.640630264000094],[120.99175436500002,14.641063884000062],[120.991942358000074,14.641505145000053],[120.992130307000025,14.641930574000185],[120.990468474000295,14.642465026000025]]]}},{"type":"Feature","properties":{"adm4_name":"Barangay 128","adm4_name1":null,"adm4_name2":null,"adm4_name3":null,"adm4_pcode":"PH1307501128","adm3_name":"Caloocan City","adm3_name1":null,"adm3_name2":null,"adm3_name3":null,"adm3_pcode":"PH1307501","adm2_name":"Metropolitan Manila Third District","adm2_name1":null,"adm2_name2":null,"adm2_name3":null,"adm2_pcode":"PH13075","adm1_name":"National Capital Region (NCR)","adm1_name1":null,"adm1_name2":null,"adm1_name3":null,"adm1_pcode":"PH13","adm0_name":"Philippines","adm0_name1":null,"adm0_name2":null,"adm0_name3":null,"adm0_pcode":"PH","valid_on":"2025-02-13","valid_to":null,"area_sqkm":0.04594897,"version":"v03","lang":"en","lang1":null,"lang2":null,"lang3":null,"adm4_ref_name":"Barangay 128","center_lat":14.63967796,"center_lon":120.99011861},"geometry":{"type":"Polygon","coordinates":[[[120.989577680000139,14.640745509000112],[120.989228300000036,14.640857763000156],[120.989091109000128,14.640531040000042],[120.989049778000208,14.640409662000138],[120.988944947000277,14.640101794000032],[120.988869378000118,14.639798129000042],[120.98879871400004,14.639557786000182],[120.98878580600001,14.639516744000161],[120.989056307000055,14.639435543000104],[120.989692925000213,14.639224900000158],[120.989977960000033,14.639136337000025],[120.990928950000011,14.63883531100015],[120.992048362000105,14.6385221540001],[120.99191363500006,14.638764563000166],[120.991776419000075,14.639022114000056],[120.991560286000094,14.63940277100005],[120.991280759000119,14.639892372000133],[120.991273715000034,14.639904882999986],[120.991370558000199,14.640175491000036],[120.990498265000042,14.640456168000071],[120.989577680000139,14.640745509000112]]]}},{"type":"Feature","properties":{"adm4_name":"Barangay 129","adm4_name1":null,"adm4_name2":null,"adm4_name3":null,"adm4_pcode":"PH1307501129","adm3_name":"Caloocan City","adm3_name1":null,"adm3_name2":null,"adm3_name3":null,"adm3_pcode":"PH1307501","adm2_name":"Metropolitan Manila Third District","adm2_name1":null,"adm2_name2":null,"adm2_name3":null,"adm2_pcode":"PH13075","adm1_name":"National Capital Region (NCR)","adm1_name1":null,"adm1_name2":null,"adm1_name3":null,"adm1_pcode":"PH13","adm0_name":"Philippines","adm0_name1":null,"adm0_name2":null,"adm0_name3":null,"adm0_pcode":"PH","valid_on":"2025-02-13","valid_to":null,"area_sqkm":0.0251903,"version":"v03","lang":"en","lang1":null,"lang2":null,"lang3":null,"adm4_ref_name":"Barangay 129","center_lat":14.63871518,"center_lon":120.98972094},"geometry":{"type":"Polygon","coordinates":[[[120.989056307000055,14.639435543000104],[120.98878580600001,14.639516744000161],[120.988690482000266,14.639213884000128],[120.988519251000071,14.638595058000078],[120.988746941000045,14.638527574000022],[120.989036482000301,14.638439187000074],[120.98944184800007,14.638316627000052],[120.989892928000131,14.638177970000015],[120.990307570000141,14.638045652000073],[120.990632010000013,14.637942783000028],[120.99078055300015,14.63838480600009],[120.990928950000011,14.63883531100015],[120.989977960000033,14.639136337000025],[120.989692925000213,14.639224900000158],[120.989056307000055,14.639435543000104]]]}},{"type":"Feature","properties":{"adm4_name":"Barangay 130","adm4_name1":null,"adm4_name2":null,"adm4_name3":null,"adm4_pcode":"PH1307501130","adm3_name":"Caloocan City","adm3_name1":null,"adm3_name2":null,"adm3_name3":null,"adm3_pcode":"PH1307501","adm2_name":"Metropolitan Manila Third District","adm2_name1":null,"adm2_name2":null,"adm2_name3":null,"adm2_pcode":"PH13075","adm1_name":"National Capital Region (NCR)","adm1_name1":null,"adm1_name2":null,"adm1_name3":null,"adm1_pcode":"PH13","adm0_name":"Philippines","adm0_name1":null,"adm0_name2":null,"adm0_name3":null,"adm0_pcode":"PH","valid_on":"2025-02-13","valid_to":null,"area_sqkm":0.02482009,"version":"v03","lang":"en","lang1":null,"lang2":null,"lang3":null,"adm4_ref_name":"Barangay 130","center_lat":14.63779242,"center_lon":120.98941192},"geometry":{"type":"Polygon","coordinates":[[[120.988746941000045,14.638527574000022],[120.988519251000071,14.638595058000078],[120.988396230000262,14.638150311000118],[120.988366393000206,14.638042419000101],[120.988331211000173,14.637945936],[120.988277672000095,14.637850686000149],[120.988205035000192,14.6377341540001],[120.988494757000012,14.637619193999967],[120.988785323000229,14.637526131000186],[120.989424234000012,14.637328481000168],[120.99034842600031,14.637042884000095],[120.990483753000035,14.637492599000097],[120.990632010000013,14.637942783000028],[120.990307570000141,14.638045652000073],[120.989892928000131,14.638177970000015],[120.98944184800007,14.638316627000052],[120.989036482000301,14.638439187000074],[120.988746941000045,14.638527574000022]]]}},{"type":"Feature","properties":{"adm4_name":"Barangay 131","adm4_name1":null,"adm4_name2":null,"adm4_name3":null,"adm4_pcode":"PH1307501131","adm3_name":"Caloocan City","adm3_name1":null,"adm3_name2":null,"adm3_name3":null,"adm3_pcode":"PH1307501","adm2_name":"Metropolitan Manila Third District","adm2_name1":null,"adm2_name2":null,"adm2_name3":null,"adm2_pcode":"PH13075","adm1_name":"National Capital Region (NCR)","adm1_name1":null,"adm1_name2":null,"adm1_name3":null,"adm1_pcode":"PH13","adm0_name":"Philippines","adm0_name1":null,"adm0_name2":null,"adm0_name3":null,"adm0_pcode":"PH","valid_on":"2025-02-13","valid_to":null,"area_sqkm":0.05749833,"version":"v03","lang":"en","lang1":null,"lang2":null,"lang3":null,"adm4_ref_name":"Barangay 131","center_lat":14.63753466,"center_lon":120.99193644},"geometry":{"type":"Polygon","coordinates":[[[120.992048362000105,14.6385221540001],[120.990928950000011,14.63883531100015],[120.99078055300015,14.63838480600009],[120.990632010000013,14.637942783000028],[120.990483753000035,14.637492599000097],[120.99034842600031,14.637042884000095],[120.99090880000017,14.636858473000188],[120.991627309000023,14.636634137000101],[120.991936342000031,14.636538481000173],[120.991973444000109,14.636527028000046],[120.993135916000028,14.636168197000075],[120.993280227000014,14.636617836000084],[120.993438216000186,14.637072620000083],[120.993464267000149,14.637234001000024],[120.993470829000103,14.637275841000076],[120.993472799000074,14.637296166000056],[120.993471488000068,14.637317757000176],[120.993466897000189,14.6373353460001],[120.99345837300018,14.637362005000114],[120.993355038000232,14.637576723000109],[120.993353309000213,14.637580315000037],[120.993273673000317,14.637605462000067],[120.993169385000215,14.637642298000117],[120.99238336700023,14.637888982000106],[120.992298581000114,14.637915434000149],[120.992311012000187,14.637949508000133],[120.992314945000089,14.637963034],[120.992317130000174,14.637973601000112],[120.992318878000106,14.637986902000023],[120.992319316000135,14.637999309000065],[120.992318006000232,14.638011144000075],[120.992314948000171,14.638022979000084],[120.99230708600021,14.638040733000139],[120.992289739000057,14.638073964000114],[120.99215692700011,14.638331432000143],[120.992048362000105,14.6385221540001]]]}},{"type":"Feature","properties":{"adm4_name":"Barangay 132","adm4_name1":null,"adm4_name2":null,"adm4_name3":null,"adm4_pcode":"PH1307501132","adm3_name":"Caloocan City","adm3_name1":null,"adm3_name2":null,"adm3_name3":null,"adm3_pcode":"PH1307501","adm2_name":"Metropolitan Manila Third District","adm2_name1":null,"adm2_name2":null,"adm2_name3":null,"adm2_pcode":"PH13075","adm1_name":"National Capital Region (NCR)","adm1_name1":null,"adm1_name2":null,"adm1_name3":null,"adm1_pcode":"PH13","adm0_name":"Philippines","adm0_name1":null,"adm0_name2":null,"adm0_name3":null,"adm0_pcode":"PH","valid_on":"2025-02-13","valid_to":null,"area_sqkm":0.0503219,"version":"v03","lang":"en","lang1":null,"lang2":null,"lang3":null,"adm4_ref_name":"Barangay 132","center_lat":14.663322,"center_lon":120.99086505},"geometry":{"type":"Polygon","coordinates":[[[120.991564282000013,14.664527348000092],[120.991475962000209,14.66473514200004],[120.991375375000075,14.664699864000113],[120.991241162000279,14.664675233000139],[120.991062591000173,14.664660806000086],[120.990988713000093,14.664643588000104],[120.990782810000042,14.664634561000128],[120.990415162000204,14.664602384000034],[120.990136331000258,14.664526951000141],[120.990064462000078,14.664512223000145],[120.990080340000191,14.663780400000064],[120.990091728000039,14.663262878000069],[120.99009379000006,14.663024975000042],[120.99009451500001,14.662975259000177],[120.990098295000166,14.662824059000116],[120.990106918000038,14.662544575000084],[120.990111171000308,14.662319192000155],[120.990118476000134,14.661867643],[120.990889499000104,14.661878754000099],[120.991105684000104,14.661883888000034],[120.991300194000019,14.661887880000165],[120.991639956000085,14.661896199000068],[120.991639245000101,14.66213732],[120.991640373000223,14.662230255000168],[120.991641508000043,14.662297199000022],[120.991640625000059,14.662473232000082],[120.991640820000157,14.662507988000129],[120.991643653000096,14.66268086700012],[120.991641143000038,14.662909981000098],[120.991641036000146,14.663257289000057],[120.991638417000217,14.663381131000165],[120.991638565000017,14.663533154000049],[120.991636826000331,14.663652169000045],[120.991634631000238,14.663706218000186],[120.991627227000208,14.663872510999965],[120.991607275000092,14.664148270000169],[120.991595840000173,14.664256663000117],[120.991592219000154,14.664308097000117],[120.991579499000295,14.664473812999972],[120.991564282000013,14.664527348000092]]]}},{"type":"Feature","properties":{"adm4_name":"Barangay 133","adm4_name1":null,"adm4_name2":null,"adm4_name3":null,"adm4_pcode":"PH1307501133","adm3_name":"Caloocan City","adm3_name1":null,"adm3_name2":null,"adm3_name3":null,"adm3_pcode":"PH1307501","adm2_name":"Metropolitan Manila Third District","adm2_name1":null,"adm2_name2":null,"adm2_name3":null,"adm2_pcode":"PH13075","adm1_name":"National Capital Region (NCR)","adm1_name1":null,"adm1_name2":null,"adm1_name3":null,"adm1_pcode":"PH13","adm0_name":"Philippines","adm0_name1":null,"adm0_name2":null,"adm0_name3":null,"adm0_pcode":"PH","valid_on":"2025-02-13","valid_to":null,"area_sqkm":0.03393436,"version":"v03","lang":"en","lang1":null,"lang2":null,"lang3":null,"adm4_ref_name":"Barangay 133","center_lat":14.66295337,"center_lon":120.99238758},"geometry":{"type":"Polygon","coordinates":[[[120.992505288000075,14.663835833000121],[120.992381630000182,14.664008911000053],[120.992159595000203,14.663872904000073],[120.992133692000039,14.663856395000039],[120.991951063000101,14.663751873000137],[120.991942972000061,14.663747539000099],[120.991844580000134,14.663705580000112],[120.991772329000128,14.663686797000082],[120.991636826000331,14.663652169000045],[120.991638565000017,14.663533154000049],[120.991638417000217,14.663381131000165],[120.991641036000146,14.663257289000057],[120.991641143000038,14.662909981000098],[120.991643653000096,14.66268086700012],[120.991640820000157,14.662507988000129],[120.991640625000059,14.662473232000082],[120.991641508000043,14.662297199000022],[120.991640373000223,14.662230255000168],[120.991639245000101,14.66213732],[120.991639956000085,14.661896199000068],[120.991973279000035,14.661898717999975],[120.992403939000155,14.661902141000041],[120.992710816000226,14.661906137000187],[120.993143137000175,14.661913421000065],[120.993616100000168,14.662283534000039],[120.993486814000107,14.662462811000069],[120.993389848000106,14.662597637000033],[120.993256253000141,14.662783441000101],[120.99310283300008,14.66299676400007],[120.993092490000208,14.663010555000085],[120.992958640000097,14.663198108000017],[120.992918385000053,14.663255768],[120.992867963000322,14.663328168000135],[120.992783496000015,14.663448835999986],[120.992766258000188,14.663472538000178],[120.992759294000166,14.663481784000055],[120.992676915000175,14.663595844999975],[120.992632183000183,14.6636590170001],[120.992547746000014,14.663776455],[120.992505288000075,14.663835833000121]]]}},{"type":"Feature","properties":{"adm4_name":"Barangay 134","adm4_name1":null,"adm4_name2":null,"adm4_name3":null,"adm4_pcode":"PH1307501134","adm3_name":"Caloocan City","adm3_name1":null,"adm3_name2":null,"adm3_name3":null,"adm3_pcode":"PH1307501","adm2_name":"Metropolitan Manila Third District","adm2_name1":null,"adm2_name2":null,"adm2_name3":null,"adm2_pcode":"PH13075","adm1_name":"National Capital Region (NCR)","adm1_name1":null,"adm1_name2":null,"adm1_name3":null,"adm1_pcode":"PH13","adm0_name":"Philippines","adm0_name1":null,"adm0_name2":null,"adm0_name3":null,"adm0_pcode":"PH","valid_on":"2025-02-13","valid_to":null,"area_sqkm":0.08544434,"version":"v03","lang":"en","lang1":null,"lang2":null,"lang3":null,"adm4_ref_name":"Barangay 134","center_lat":14.65864122,"center_lon":120.99092085},"geometry":{"type":"Polygon","coordinates":[[[120.991673328000161,14.65957999799997],[120.991639956000085,14.661896199000068],[120.991300194000019,14.661887880000165],[120.991105684000104,14.661883888000034],[120.990889499000104,14.661878754000099],[120.990118476000134,14.661867643],[120.990128858000048,14.661004506999973],[120.990151724000043,14.659536021000179],[120.990158824000105,14.657746426000188],[120.990176714000313,14.657174889000032],[120.990428310000198,14.657178288000068],[120.990931420000038,14.657186888000069],[120.991706522000072,14.657200086000103],[120.991673328000161,14.65957999799997]]]}},{"type":"Feature","properties":{"adm4_name":"Barangay 135","adm4_name1":null,"adm4_name2":null,"adm4_name3":null,"adm4_pcode":"PH1307501135","adm3_name":"Caloocan City","adm3_name1":null,"adm3_name2":null,"adm3_name3":null,"adm3_pcode":"PH1307501","adm2_name":"Metropolitan Manila Third District","adm2_name1":null,"adm2_name2":null,"adm2_name3":null,"adm2_pcode":"PH13075","adm1_name":"National Capital Region (NCR)","adm1_name1":null,"adm1_name2":null,"adm1_name3":null,"adm1_pcode":"PH13","adm0_name":"Philippines","adm0_name1":null,"adm0_name2":null,"adm0_name3":null,"adm0_pcode":"PH","valid_on":"2025-02-13","valid_to":null,"area_sqkm":0.08627918,"version":"v03","lang":"en","lang1":null,"lang2":null,"lang3":null,"adm4_ref_name":"Barangay 135","center_lat":14.65840332,"center_lon":120.99246214},"geometry":{"type":"Polygon","coordinates":[[[120.993174017000115,14.661895890000096],[120.993143137000175,14.661913421000065],[120.992710816000226,14.661906137000187],[120.992403939000155,14.661902141000041],[120.991973279000035,14.661898717999975],[120.991639956000085,14.661896199000068],[120.991673328000161,14.65957999799997],[120.991706522000072,14.657200086000103],[120.992462428000067,14.657213285000182],[120.992669229000057,14.657217919000061],[120.993257016000143,14.657226644000161],[120.993211822000262,14.659593034000181],[120.993186792000188,14.661871793000159],[120.993174017000115,14.661895890000096]]]}},{"type":"Feature","properties":{"adm4_name":"Barangay 136","adm4_name1":null,"adm4_name2":null,"adm4_name3":null,"adm4_pcode":"PH1307501136","adm3_name":"Caloocan City","adm3_name1":null,"adm3_name2":null,"adm3_name3":null,"adm3_pcode":"PH1307501","adm2_name":"Metropolitan Manila Third District","adm2_name1":null,"adm2_name2":null,"adm2_name3":null,"adm2_pcode":"PH13075","adm1_name":"National Capital Region (NCR)","adm1_name1":null,"adm1_name2":null,"adm1_name3":null,"adm1_pcode":"PH13","adm0_name":"Philippines","adm0_name1":null,"adm0_name2":null,"adm0_name3":null,"adm0_pcode":"PH","valid_on":"2025-02-13","valid_to":null,"area_sqkm":0.08644606,"version":"v03","lang":"en","lang1":null,"lang2":null,"lang3":null,"adm4_ref_name":"Barangay 136","center_lat":14.65843413,"center_lon":120.99476774},"geometry":{"type":"Polygon","coordinates":[[[120.996316361000027,14.657275230000096],[120.996286171000179,14.659634548000042],[120.995513710000296,14.659631935000107],[120.994763571000135,14.659614199000089],[120.994002257000034,14.659607392000112],[120.993211822000262,14.659593034000181],[120.993257016000143,14.657226644000161],[120.994035194000048,14.657240184000045],[120.994412966000027,14.657246741000108],[120.994799034000152,14.657252928],[120.99556606100009,14.657265672000165],[120.996316361000027,14.657275230000096]]]}},{"type":"Feature","properties":{"adm4_name":"Barangay 137","adm4_name1":null,"adm4_name2":null,"adm4_name3":null,"adm4_pcode":"PH1307501137","adm3_name":"Caloocan City","adm3_name1":null,"adm3_name2":null,"adm3_name3":null,"adm3_pcode":"PH1307501","adm2_name":"Metropolitan Manila Third District","adm2_name1":null,"adm2_name2":null,"adm2_name3":null,"adm2_pcode":"PH13075","adm1_name":"National Capital Region (NCR)","adm1_name1":null,"adm1_name2":null,"adm1_name3":null,"adm1_pcode":"PH13","adm0_name":"Philippines","adm0_name1":null,"adm0_name2":null,"adm0_name3":null,"adm0_pcode":"PH","valid_on":"2025-02-13","valid_to":null,"area_sqkm":0.08444576,"version":"v03","lang":"en","lang1":null,"lang2":null,"lang3":null,"adm4_ref_name":"Barangay 137","center_lat":14.66075317,"center_lon":120.99473376},"geometry":{"type":"Polygon","coordinates":[[[120.996249648000116,14.661938077000173],[120.995906261000187,14.661939217000054],[120.995495565000169,14.661932943000068],[120.994729504000247,14.661924387000056],[120.993961731000013,14.661915260000114],[120.993143137000175,14.661913421000065],[120.993174017000115,14.661895890000096],[120.993186792000188,14.661871793000159],[120.993211822000262,14.659593034000181],[120.994002257000034,14.659607392000112],[120.994763571000135,14.659614199000089],[120.995513710000296,14.659631935000107],[120.996286171000179,14.659634548000042],[120.996249648000116,14.661938077000173]]]}},{"type":"Feature","properties":{"adm4_name":"Barangay 138","adm4_name1":null,"adm4_name2":null,"adm4_name3":null,"adm4_pcode":"PH1307501138","adm3_name":"Caloocan City","adm3_name1":null,"adm3_name2":null,"adm3_name3":null,"adm3_pcode":"PH1307501","adm2_name":"Metropolitan Manila Third District","adm2_name1":null,"adm2_name2":null,"adm2_name3":null,"adm2_pcode":"PH13075","adm1_name":"National Capital Region (NCR)","adm1_name1":null,"adm1_name2":null,"adm1_name3":null,"adm1_pcode":"PH13","adm0_name":"Philippines","adm0_name1":null,"adm0_name2":null,"adm0_name3":null,"adm0_pcode":"PH","valid_on":"2025-02-13","valid_to":null,"area_sqkm":0.08473185,"version":"v03","lang":"en","lang1":null,"lang2":null,"lang3":null,"adm4_ref_name":"Barangay 138","center_lat":14.65940277,"center_lon":120.99705212000001},"geometry":{"type":"Polygon","coordinates":[[[120.997803563000161,14.660047449000047],[120.997778077000021,14.661957084000051],[120.997029970000199,14.661945492000143],[120.996249648000116,14.661938077000173],[120.996286171000179,14.659634548000042],[120.996316361000027,14.657275230000096],[120.997093741000072,14.65728877000015],[120.997842448000029,14.657301514000096],[120.997824041000058,14.658756616000062],[120.997820811000111,14.658971184000052],[120.997819888000208,14.659031632999984],[120.997819427000081,14.659097618000033],[120.997818504000065,14.659121612999968],[120.997818042000176,14.659170986999982],[120.997811579000086,14.659682263000036],[120.997811568000202,14.659682923000048],[120.997803563000161,14.660047449000047]]]}},{"type":"Feature","properties":{"adm4_name":"Barangay 139","adm4_name1":null,"adm4_name2":null,"adm4_name3":null,"adm4_pcode":"PH1307501139","adm3_name":"Caloocan City","adm3_name1":null,"adm3_name2":null,"adm3_name3":null,"adm3_pcode":"PH1307501","adm2_name":"Metropolitan Manila Third District","adm2_name1":null,"adm2_name2":null,"adm2_name3":null,"adm2_pcode":"PH13075","adm1_name":"National Capital Region (NCR)","adm1_name1":null,"adm1_name2":null,"adm1_name3":null,"adm1_pcode":"PH13","adm0_name":"Philippines","adm0_name1":null,"adm0_name2":null,"adm0_name3":null,"adm0_pcode":"PH","valid_on":"2025-02-13","valid_to":null,"area_sqkm":0.10877482,"version":"v03","lang":"en","lang1":null,"lang2":null,"lang3":null,"adm4_ref_name":"Barangay 139","center_lat":14.65956959,"center_lon":120.99889979},"geometry":{"type":"Polygon","coordinates":[[[120.998728698000036,14.661987206000049],[120.998557950000077,14.662009524000098],[120.998488990000055,14.661971223000023],[120.997778077000021,14.661957084000051],[120.997803563000161,14.660047449000047],[120.997811568000202,14.659682923000048],[120.997811579000086,14.659682263000036],[120.997818042000176,14.659170986999982],[120.997818504000065,14.659121612999968],[120.997819427000081,14.659097618000033],[120.997819888000208,14.659031632999984],[120.997820811000111,14.658971184000052],[120.997824041000058,14.658756616000062],[120.997842448000029,14.657301514000096],[120.998287690000097,14.657307886000126],[120.998721872000033,14.657315193000102],[120.998736118000124,14.657315055000083],[120.998944325000025,14.657316983000044],[120.998977097000079,14.657317847000115],[120.999143128000014,14.657322223000165],[120.999363542000197,14.657491273000119],[120.999428101000262,14.657547603000125],[120.999480899000218,14.657614503000161],[120.999523921000218,14.657715606000124],[120.999593055000105,14.658216659000061],[120.999635693000073,14.658396664000122],[120.999675737000189,14.658488687000045],[120.999729825000031,14.658559767000042],[120.99982714500004,14.658659113000112],[120.999973496000052,14.658797796000101],[120.999987723000231,14.658977198000059],[120.999988855000083,14.659011650000025],[120.999984226000038,14.65945692300005],[121.000004785000215,14.660445847000119],[121.000002320000249,14.660473115000059],[120.999999776000095,14.66061638400015],[120.999967937000179,14.660765132000165],[120.999948401000324,14.66082511999997],[120.999917955000114,14.66086730000012],[120.999864872000103,14.660926097000072],[120.999813094000046,14.660977443999968],[120.999761582000019,14.661038059000134],[120.999707078000029,14.661118801000043],[120.999665370000116,14.661186021999981],[120.999635443000216,14.661256843000103],[120.999601763000101,14.66137342900015],[120.999591863000092,14.661467175000098],[120.999596355000108,14.661581964000106],[120.999605473000202,14.661679178000156],[120.999620800000116,14.661755958000072],[120.99965064200012,14.661836039000036],[120.999337337000043,14.661895559000186],[120.99923875200011,14.661913036000101],[120.999022437000121,14.661945315000025],[120.998728698000036,14.661987206000049]]]}},{"type":"Feature","properties":{"adm4_name":"Barangay 140","adm4_name1":null,"adm4_name2":null,"adm4_name3":null,"adm4_pcode":"PH1307501140","adm3_name":"Caloocan City","adm3_name1":null,"adm3_name2":null,"adm3_name3":null,"adm3_pcode":"PH1307501","adm2_name":"Metropolitan Manila Third District","adm2_name1":null,"adm2_name2":null,"adm2_name3":null,"adm2_pcode":"PH13075","adm1_name":"National Capital Region (NCR)","adm1_name1":null,"adm1_name2":null,"adm1_name3":null,"adm1_pcode":"PH13","adm0_name":"Philippines","adm0_name1":null,"adm0_name2":null,"adm0_name3":null,"adm0_pcode":"PH","valid_on":"2025-02-13","valid_to":null,"area_sqkm":0.0537594,"version":"v03","lang":"en","lang1":null,"lang2":null,"lang3":null,"adm4_ref_name":"Barangay 140","center_lat":14.66312907,"center_lon":120.99591004},"geometry":{"type":"Polygon","coordinates":[[[120.996617675000039,14.66373499000008],[120.996160213000053,14.664295353000171],[120.995584017000169,14.66383720500005],[120.9955754020001,14.663827402000038],[120.995263469000292,14.663589073000139],[120.995115000000169,14.663471013000162],[120.994984185000135,14.663371619000088],[120.994750189000115,14.66318045800017],[120.994437952000112,14.662931215000071],[120.994397816000173,14.662896392000107],[120.994081295000228,14.662647575000051],[120.993955639000092,14.662545339000133],[120.993616100000168,14.662283534000039],[120.993143137000175,14.661913421000065],[120.993961731000013,14.661915260000114],[120.994729504000247,14.661924387000056],[120.995495565000169,14.661932943000068],[120.995906261000187,14.661939217000054],[120.995906583000078,14.662089997000123],[120.996582844000159,14.662604959000078],[120.997178063000092,14.663077687000111],[120.996617675000039,14.66373499000008]]]}},{"type":"Feature","properties":{"adm4_name":"Barangay 141","adm4_name1":null,"adm4_name2":null,"adm4_name3":null,"adm4_pcode":"PH1307501141","adm3_name":"Caloocan City","adm3_name1":null,"adm3_name2":null,"adm3_name3":null,"adm3_pcode":"PH1307501","adm2_name":"Metropolitan Manila Third District","adm2_name1":null,"adm2_name2":null,"adm2_name3":null,"adm2_pcode":"PH13075","adm1_name":"National Capital Region (NCR)","adm1_name1":null,"adm1_name2":null,"adm1_name3":null,"adm1_pcode":"PH13","adm0_name":"Philippines","adm0_name1":null,"adm0_name2":null,"adm0_name3":null,"adm0_pcode":"PH","valid_on":"2025-02-13","valid_to":null,"area_sqkm":0.07313958,"version":"v03","lang":"en","lang1":null,"lang2":null,"lang3":null,"adm4_ref_name":"Barangay 141","center_lat":14.66313804,"center_lon":120.99864333},"geometry":{"type":"Polygon","coordinates":[[[120.999085036000224,14.664249623999979],[120.998934780000013,14.664431230000105],[120.998830682000175,14.664351484000065],[120.998712560000172,14.664259510000136],[120.998515344000111,14.664096271],[120.99827935500025,14.663931756000181],[120.998060196000324,14.663762651000127],[120.997824568000055,14.663584896999964],[120.997178063000092,14.663077687000111],[120.996582844000159,14.662604959000078],[120.995906583000078,14.662089997000123],[120.995906261000187,14.661939217000054],[120.996249648000116,14.661938077000173],[120.997029970000199,14.661945492000143],[120.997778077000021,14.661957084000051],[120.998488990000055,14.661971223000023],[120.998557950000077,14.662009524000098],[120.998728698000036,14.661987206000049],[120.999022437000121,14.661945315000025],[120.99923875200011,14.661913036000101],[120.999337337000043,14.661895559000186],[120.99965064200012,14.661836039000036],[120.999661597000227,14.66186998000012],[120.999695220000035,14.661937170000158],[120.999736524000127,14.66200909700018],[120.999784540000178,14.662069932000122],[120.999844159000077,14.662122546000035],[120.999899177000202,14.662164984000185],[121.000290521000011,14.662330674000032],[121.000302158000068,14.662912550000044],[121.000080660000208,14.663093983000067],[120.999982689000149,14.663182087000052],[120.999728490000166,14.663479511000162],[120.999637785000232,14.663588041000082],[120.999537423000106,14.66370630199998],[120.999503682000068,14.663746587000048],[120.999431947000062,14.663832234000097],[120.999422997000011,14.663843102000101],[120.999323998000136,14.663960057000111],[120.999193892000335,14.664120111000045],[120.999085036000224,14.664249623999979]]]}},{"type":"Feature","properties":{"adm4_name":"Barangay 142","adm4_name1":null,"adm4_name2":null,"adm4_name3":null,"adm4_pcode":"PH1307501142","adm3_name":"Caloocan City","adm3_name1":null,"adm3_name2":null,"adm3_name3":null,"adm3_pcode":"PH1307501","adm2_name":"Metropolitan Manila Third District","adm2_name1":null,"adm2_name2":null,"adm2_name3":null,"adm2_pcode":"PH13075","adm1_name":"National Capital Region (NCR)","adm1_name1":null,"adm1_name2":null,"adm1_name3":null,"adm1_pcode":"PH13","adm0_name":"Philippines","adm0_name1":null,"adm0_name2":null,"adm0_name3":null,"adm0_pcode":"PH","valid_on":"2025-02-13","valid_to":null,"area_sqkm":0.02793391,"version":"v03","lang":"en","lang1":null,"lang2":null,"lang3":null,"adm4_ref_name":"Barangay 142","center_lat":14.66470635,"center_lon":120.99266045},"geometry":{"type":"Polygon","coordinates":[[[120.992988595000043,14.665581621000172],[120.992817629000115,14.665741461000096],[120.992623417000345,14.665554397000051],[120.992405005000023,14.665343409000172],[120.992251521000298,14.665168257000062],[120.992219501000136,14.665129035],[120.992084937000072,14.664993552000112],[120.992026508000095,14.664957872000173],[120.991929464,14.664905694000083],[120.991850629000169,14.66487994900001],[120.991531831000088,14.664762408000172],[120.991475962000209,14.66473514200004],[120.991564282000013,14.664527348000092],[120.991579499000295,14.664473812999972],[120.991592219000154,14.664308097000117],[120.991595840000173,14.664256663000117],[120.991607275000092,14.664148270000169],[120.991627227000208,14.663872510999965],[120.991634631000238,14.663706218000186],[120.991636826000331,14.663652169000045],[120.991772329000128,14.663686797000082],[120.991844580000134,14.663705580000112],[120.991942972000061,14.663747539000099],[120.991951063000101,14.663751873000137],[120.992133692000039,14.663856395000039],[120.992159595000203,14.663872904000073],[120.992381630000182,14.664008911000053],[120.992781956000044,14.664243499000122],[120.992828574000214,14.664264134000121],[120.992904824000107,14.664297054000031],[120.993087947000049,14.664385805000165],[120.993250710000098,14.664453102000152],[120.993415705000189,14.66452101200008],[120.993583383000214,14.664569857000117],[120.993692295000187,14.664594348000094],[120.993729926000015,14.664608701000134],[120.993856735000122,14.664677562000065],[120.993699031,14.664866412000038],[120.993645637000213,14.664931585000033],[120.993558276000158,14.6650351830001],[120.993525559000204,14.665070264000065],[120.993460679,14.665137574000084],[120.993353400000046,14.665243008000118],[120.993323758000088,14.665272022000067],[120.993269639000346,14.665325140000164],[120.993180539000036,14.665403347000165],[120.993171554000128,14.665411096000184],[120.992988595000043,14.665581621000172]]]}},{"type":"Feature","properties":{"adm4_name":"Barangay 143","adm4_name1":null,"adm4_name2":null,"adm4_name3":null,"adm4_pcode":"PH1307501143","adm3_name":"Caloocan City","adm3_name1":null,"adm3_name2":null,"adm3_name3":null,"adm3_pcode":"PH1307501","adm2_name":"Metropolitan Manila Third District","adm2_name1":null,"adm2_name2":null,"adm2_name3":null,"adm2_pcode":"PH13075","adm1_name":"National Capital Region (NCR)","adm1_name1":null,"adm1_name2":null,"adm1_name3":null,"adm1_pcode":"PH13","adm0_name":"Philippines","adm0_name1":null,"adm0_name2":null,"adm0_name3":null,"adm0_pcode":"PH","valid_on":"2025-02-13","valid_to":null,"area_sqkm":0.02382872,"version":"v03","lang":"en","lang1":null,"lang2":null,"lang3":null,"adm4_ref_name":"Barangay 143","center_lat":14.66338436,"center_lon":120.99344558},"geometry":{"type":"Polygon","coordinates":[[[120.993297436000034,14.664370648000045],[120.993250710000098,14.664453102000152],[120.993087947000049,14.664385805000165],[120.992904824000107,14.664297054000031],[120.992828574000214,14.664264134000121],[120.992781956000044,14.664243499000122],[120.992381630000182,14.664008911000053],[120.992505288000075,14.663835833000121],[120.992547746000014,14.663776455],[120.992632183000183,14.6636590170001],[120.992676915000175,14.663595844999975],[120.992759294000166,14.663481784000055],[120.992766258000188,14.663472538000178],[120.992783496000015,14.663448835999986],[120.992867963000322,14.663328168000135],[120.992918385000053,14.663255768],[120.992958640000097,14.663198108000017],[120.993092490000208,14.663010555000085],[120.99310283300008,14.66299676400007],[120.993256253000141,14.662783441000101],[120.993389848000106,14.662597637000033],[120.993486814000107,14.662462811000069],[120.993616100000168,14.662283534000039],[120.993955639000092,14.662545339000133],[120.994081295000228,14.662647575000051],[120.994397816000173,14.662896392000107],[120.994437952000112,14.662931215000071],[120.994431485000064,14.662957629000118],[120.994419981000306,14.662986859000057],[120.994392592000054,14.663018352000108],[120.994351326000015,14.663062312000022],[120.994269024000346,14.663154709000082],[120.994193391000067,14.663239068000053],[120.994135212000288,14.663303065000093],[120.994097396000029,14.663345245000073],[120.994027654000092,14.663423480000063],[120.993998492000173,14.66345578500011],[120.99388213400016,14.663586687000134],[120.993805841000153,14.663669814000173],[120.993708378000179,14.663745225000127],[120.993701860000101,14.663749786000039],[120.99368774200002,14.663760559000139],[120.993639533000078,14.66383734100009],[120.993570319000014,14.66394988400009],[120.993554765000113,14.663975219000122],[120.993465958000115,14.664110224000183],[120.993446431000052,14.664144481999983],[120.993364153000016,14.664270774000158],[120.993336034000095,14.664313439000068],[120.993297436000034,14.664370648000045]]]}},{"type":"Feature","properties":{"adm4_name":"Barangay 144","adm4_name1":null,"adm4_name2":null,"adm4_name3":null,"adm4_pcode":"PH1307501144","adm3_name":"Caloocan City","adm3_name1":null,"adm3_name2":null,"adm3_name3":null,"adm3_pcode":"PH1307501","adm2_name":"Metropolitan Manila Third District","adm2_name1":null,"adm2_name2":null,"adm2_name3":null,"adm2_pcode":"PH13075","adm1_name":"National Capital Region (NCR)","adm1_name1":null,"adm1_name2":null,"adm1_name3":null,"adm1_pcode":"PH13","adm0_name":"Philippines","adm0_name1":null,"adm0_name2":null,"adm0_name3":null,"adm0_pcode":"PH","valid_on":"2025-02-13","valid_to":null,"area_sqkm":0.02995495,"version":"v03","lang":"en","lang1":null,"lang2":null,"lang3":null,"adm4_ref_name":"Barangay 144","center_lat":14.66404,"center_lon":120.99445633000001},"geometry":{"type":"Polygon","coordinates":[[[120.994524027000011,14.665066093000121],[120.994512457000155,14.66509626300018],[120.99443814000017,14.665027004000024],[120.994383401000164,14.66498067800012],[120.99428917900002,14.664925572000129],[120.994206975000111,14.664877446999981],[120.99410771700002,14.66481593400016],[120.99403664700003,14.664770805000046],[120.993958231000079,14.66472584800016],[120.993856735000122,14.664677562000065],[120.993729926000015,14.664608701000134],[120.993692295000187,14.664594348000094],[120.993583383000214,14.664569857000117],[120.993415705000189,14.66452101200008],[120.993250710000098,14.664453102000152],[120.993297436000034,14.664370648000045],[120.993336034000095,14.664313439000068],[120.993364153000016,14.664270774000158],[120.993446431000052,14.664144481999983],[120.993465958000115,14.664110224000183],[120.993554765000113,14.663975219000122],[120.993570319000014,14.66394988400009],[120.993639533000078,14.66383734100009],[120.99368774200002,14.663760559000139],[120.993701860000101,14.663749786000039],[120.993708378000179,14.663745225000127],[120.993805841000153,14.663669814000173],[120.99388213400016,14.663586687000134],[120.993998492000173,14.66345578500011],[120.994027654000092,14.663423480000063],[120.994097396000029,14.663345245000073],[120.994135212000288,14.663303065000093],[120.994193391000067,14.663239068000053],[120.994269024000346,14.663154709000082],[120.994351326000015,14.663062312000022],[120.994392592000054,14.663018352000108],[120.994419981000306,14.662986859000057],[120.994431485000064,14.662957629000118],[120.994437952000112,14.662931215000071],[120.994750189000115,14.66318045800017],[120.994984185000135,14.663371619000088],[120.995115000000169,14.663471013000162],[120.995263469000292,14.663589073000139],[120.9955754020001,14.663827402000038],[120.995347216000027,14.664104779000183],[120.995114697000076,14.664379731],[120.99498341900005,14.66453255700003],[120.994906604000334,14.664623077000101],[120.994853939000336,14.66468369200004],[120.994733024000197,14.664819865000027],[120.994689835000258,14.664867281000056],[120.994538,14.66504387599997],[120.994524027000011,14.665066093000121]]]}},{"type":"Feature","properties":{"adm4_name":"Barangay 145","adm4_name1":null,"adm4_name2":null,"adm4_name3":null,"adm4_pcode":"PH1307501145","adm3_name":"Caloocan City","adm3_name1":null,"adm3_name2":null,"adm3_name3":null,"adm3_pcode":"PH1307501","adm2_name":"Metropolitan Manila Third District","adm2_name1":null,"adm2_name2":null,"adm2_name3":null,"adm2_pcode":"PH13075","adm1_name":"National Capital Region (NCR)","adm1_name1":null,"adm1_name2":null,"adm1_name3":null,"adm1_pcode":"PH13","adm0_name":"Philippines","adm0_name1":null,"adm0_name2":null,"adm0_name3":null,"adm0_pcode":"PH","valid_on":"2025-02-13","valid_to":null,"area_sqkm":0.03014779,"version":"v03","lang":"en","lang1":null,"lang2":null,"lang3":null,"adm4_ref_name":"Barangay 145","center_lat":14.66582579,"center_lon":120.9939011},"geometry":{"type":"Polygon","coordinates":[[[120.994204345000071,14.666650480000044],[120.994008552000082,14.66685912700018],[120.99381023,14.666680739000185],[120.993641743000012,14.66652268100006],[120.993440728000223,14.666338412000187],[120.993330704000186,14.666244199000118],[120.993272860000161,14.666194434000147],[120.993076027000143,14.665994401000034],[120.992817629000115,14.665741461000096],[120.992988595000043,14.665581621000172],[120.993171554000128,14.665411096000184],[120.993180539000036,14.665403347000165],[120.993269639000346,14.665325140000164],[120.993323758000088,14.665272022000067],[120.993353400000046,14.665243008000118],[120.993460679,14.665137574000084],[120.993525559000204,14.665070264000065],[120.993558276000158,14.6650351830001],[120.993645637000213,14.664931585000033],[120.993699031,14.664866412000038],[120.993856735000122,14.664677562000065],[120.993958231000079,14.66472584800016],[120.99403664700003,14.664770805000046],[120.99410771700002,14.66481593400016],[120.994206975000111,14.664877446999981],[120.99428917900002,14.664925572000129],[120.994383401000164,14.66498067800012],[120.99443814000017,14.665027004000024],[120.994512457000155,14.66509626300018],[120.994749776000162,14.665320134000126],[120.994814588000054,14.665376527999967],[120.994945707000284,14.665492319000066],[120.995087295000076,14.665600218],[120.994973819000165,14.665732425000044],[120.99483030600004,14.665910122000071],[120.994730589000255,14.666034409000133],[120.994635563000202,14.666139081000097],[120.994565087000069,14.66622411100002],[120.994477405000112,14.666321739000125],[120.99445778300003,14.666343563000169],[120.994339989000082,14.666481339000029],[120.994224443000121,14.666629356000101],[120.994204345000071,14.666650480000044]]]}},{"type":"Feature","properties":{"adm4_name":"Barangay 146","adm4_name1":null,"adm4_name2":null,"adm4_name3":null,"adm4_pcode":"PH1307501146","adm3_name":"Caloocan City","adm3_name1":null,"adm3_name2":null,"adm3_name3":null,"adm3_pcode":"PH1307501","adm2_name":"Metropolitan Manila Third District","adm2_name1":null,"adm2_name2":null,"adm2_name3":null,"adm2_pcode":"PH13075","adm1_name":"National Capital Region (NCR)","adm1_name1":null,"adm1_name2":null,"adm1_name3":null,"adm1_pcode":"PH13","adm0_name":"Philippines","adm0_name1":null,"adm0_name2":null,"adm0_name3":null,"adm0_pcode":"PH","valid_on":"2025-02-13","valid_to":null,"area_sqkm":0.02721085,"version":"v03","lang":"en","lang1":null,"lang2":null,"lang3":null,"adm4_ref_name":"Barangay 146","center_lat":14.66472335,"center_lon":120.99577467},"geometry":{"type":"Polygon","coordinates":[[[120.997002181000084,14.665335997000113],[120.996708618000071,14.665688703000171],[120.996457910000117,14.665492247000032],[120.99644224300016,14.665480099000092],[120.99630782700001,14.665374487000065],[120.996299426000292,14.665367286000105],[120.996165757000199,14.665262163000023],[120.996115804000056,14.665219669000066],[120.996089109000081,14.665198774000032],[120.995977373000073,14.665110529000117],[120.995908948000192,14.665059335000137],[120.995704793000073,14.664903747000039],[120.995683247000215,14.664882152000132],[120.995463352000229,14.665145783000185],[120.995256742000038,14.665396660000056],[120.995087295000076,14.665600218],[120.994945707000284,14.665492319000066],[120.994814588000054,14.665376527999967],[120.994749776000162,14.665320134000126],[120.994512457000155,14.66509626300018],[120.994524027000011,14.665066093000121],[120.994538,14.66504387599997],[120.994689835000258,14.664867281000056],[120.994733024000197,14.664819865000027],[120.994853939000336,14.66468369200004],[120.994906604000334,14.664623077000101],[120.99498341900005,14.66453255700003],[120.995114697000076,14.664379731],[120.995347216000027,14.664104779000183],[120.9955754020001,14.663827402000038],[120.995584017000169,14.66383720500005],[120.996160213000053,14.664295353000171],[120.996365358000048,14.664450078000073],[120.996783622000066,14.664763005000111],[120.996823884000037,14.664794426000128],[120.996926793000057,14.664878111000064],[120.99703864300011,14.664965884000139],[120.997201762000032,14.665099875000124],[120.997002181000084,14.665335997000113]]]}},{"type":"Feature","properties":{"adm4_name":"Barangay 147","adm4_name1":null,"adm4_name2":null,"adm4_name3":null,"adm4_pcode":"PH1307501147","adm3_name":"Caloocan City","adm3_name1":null,"adm3_name2":null,"adm3_name3":null,"adm3_pcode":"PH1307501","adm2_name":"Metropolitan Manila Third District","adm2_name1":null,"adm2_name2":null,"adm2_name3":null,"adm2_pcode":"PH13075","adm1_name":"National Capital Region (NCR)","adm1_name1":null,"adm1_name2":null,"adm1_name3":null,"adm1_pcode":"PH13","adm0_name":"Philippines","adm0_name1":null,"adm0_name2":null,"adm0_name3":null,"adm0_pcode":"PH","valid_on":"2025-02-13","valid_to":null,"area_sqkm":0.0396558,"version":"v03","lang":"en","lang1":null,"lang2":null,"lang3":null,"adm4_ref_name":"Barangay 147","center_lat":14.66432342,"center_lon":120.99749603},"geometry":{"type":"Polygon","coordinates":[[[120.998830682000175,14.664351484000065],[120.997832250000101,14.665586690000168],[120.997715815000333,14.665497791000178],[120.997556823000195,14.665370304000191],[120.997476734000202,14.665310765000129],[120.997249925,14.665138594000041],[120.997201762000032,14.665099875000124],[120.99703864300011,14.664965884000139],[120.996926793000057,14.664878111000064],[120.996823884000037,14.664794426000128],[120.996783622000066,14.664763005000111],[120.996365358000048,14.664450078000073],[120.996160213000053,14.664295353000171],[120.996617675000039,14.66373499000008],[120.997178063000092,14.663077687000111],[120.997824568000055,14.663584896999964],[120.998060196000324,14.663762651000127],[120.99827935500025,14.663931756000181],[120.998515344000111,14.664096271],[120.998712560000172,14.664259510000136],[120.998830682000175,14.664351484000065]]]}},{"type":"Feature","properties":{"adm4_name":"Barangay 148","adm4_name1":null,"adm4_name2":null,"adm4_name3":null,"adm4_pcode":"PH1307501148","adm3_name":"Caloocan City","adm3_name1":null,"adm3_name2":null,"adm3_name3":null,"adm3_pcode":"PH1307501","adm2_name":"Metropolitan Manila Third District","adm2_name1":null,"adm2_name2":null,"adm2_name3":null,"adm2_pcode":"PH13075","adm1_name":"National Capital Region (NCR)","adm1_name1":null,"adm1_name2":null,"adm1_name3":null,"adm1_pcode":"PH13","adm0_name":"Philippines","adm0_name1":null,"adm0_name2":null,"adm0_name3":null,"adm0_pcode":"PH","valid_on":"2025-02-13","valid_to":null,"area_sqkm":0.02837739,"version":"v03","lang":"en","lang1":null,"lang2":null,"lang3":null,"adm4_ref_name":"Barangay 148","center_lat":14.66597428,"center_lon":120.99562633},"geometry":{"type":"Polygon","coordinates":[[[120.994469939000055,14.667062945000168],[120.994353862000253,14.667176576000088],[120.994008552000082,14.66685912700018],[120.994204345000071,14.666650480000044],[120.994224443000121,14.666629356000101],[120.994339989000082,14.666481339000029],[120.99445778300003,14.666343563000169],[120.994477405000112,14.666321739000125],[120.994565087000069,14.66622411100002],[120.994635563000202,14.666139081000097],[120.994730589000255,14.666034409000133],[120.99483030600004,14.665910122000071],[120.994973819000165,14.665732425000044],[120.995087295000076,14.665600218],[120.995256742000038,14.665396660000056],[120.995463352000229,14.665145783000185],[120.995683247000215,14.664882152000132],[120.995704793000073,14.664903747000039],[120.995908948000192,14.665059335000137],[120.995977373000073,14.665110529000117],[120.996089109000081,14.665198774000032],[120.996115804000056,14.665219669000066],[120.996165757000199,14.665262163000023],[120.996299426000292,14.665367286000105],[120.99630782700001,14.665374487000065],[120.99644224300016,14.665480099000092],[120.996457910000117,14.665492247000032],[120.996708618000071,14.665688703000171],[120.996525047000091,14.665914160000057],[120.99636829200017,14.666098163000072],[120.996217719000015,14.666280079000046],[120.99596314900009,14.666584226000055],[120.9958426930001,14.666725062000182],[120.99568295600011,14.666595531000041],[120.995504160000223,14.666452904000039],[120.99523212500003,14.666226294000126],[120.995064489000015,14.666423746000135],[120.994945544000188,14.666557733000104],[120.994794294000144,14.666723489000162],[120.994709519000139,14.666815630000031],[120.994665161000171,14.666861294000114],[120.994536259000029,14.666993125999966],[120.994469939000055,14.667062945000168]]]}},{"type":"Feature","properties":{"adm4_name":"Barangay 149","adm4_name1":null,"adm4_name2":null,"adm4_name3":null,"adm4_pcode":"PH1307501149","adm3_name":"Caloocan City","adm3_name1":null,"adm3_name2":null,"adm3_name3":null,"adm3_pcode":"PH1307501","adm2_name":"Metropolitan Manila Third District","adm2_name1":null,"adm2_name2":null,"adm2_name3":null,"adm2_pcode":"PH13075","adm1_name":"National Capital Region (NCR)","adm1_name1":null,"adm1_name2":null,"adm1_name3":null,"adm1_pcode":"PH13","adm0_name":"Philippines","adm0_name1":null,"adm0_name2":null,"adm0_name3":null,"adm0_pcode":"PH","valid_on":"2025-02-13","valid_to":null,"area_sqkm":0.040293,"version":"v03","lang":"en","lang1":null,"lang2":null,"lang3":null,"adm4_ref_name":"Barangay 149","center_lat":14.66745772,"center_lon":120.99590585},"geometry":{"type":"Polygon","coordinates":[[[120.996684043000073,14.668415662000086],[120.996533566000153,14.668613739000023],[120.996415168000112,14.66856972000005],[120.996154482000065,14.668460463000145],[120.995941160000143,14.668352377000076],[120.995848732000127,14.668270724000024],[120.995733040000118,14.668136552000078],[120.995491827000023,14.668075724],[120.995089496000219,14.667669652000029],[120.995007679000082,14.667614411000159],[120.994867966000015,14.667523997000103],[120.994697808000296,14.667418115000089],[120.994480725000017,14.667274201000055],[120.994353862000253,14.667176576000088],[120.994469939000055,14.667062945000168],[120.994536259000029,14.666993125999966],[120.994665161000171,14.666861294000114],[120.994709519000139,14.666815630000031],[120.994794294000144,14.666723489000162],[120.994945544000188,14.666557733000104],[120.995064489000015,14.666423746000135],[120.99523212500003,14.666226294000126],[120.995504160000223,14.666452904000039],[120.99568295600011,14.666595531000041],[120.9958426930001,14.666725062000182],[120.99596314900009,14.666584226000055],[120.996185616000162,14.666756352000107],[120.996372733000044,14.666906015000166],[120.9965041600002,14.667011738000099],[120.996621496000103,14.667111388000023],[120.996705057000213,14.667182388000185],[120.996946624000202,14.667372959000033],[120.997098665000067,14.667497332000153],[120.997278654000183,14.667645241],[120.997181959000045,14.667770270000176],[120.997072337000077,14.667909589000033],[120.996961998000074,14.668052736999982],[120.996939077000206,14.668081658000176],[120.99686676500005,14.668176127999971],[120.996711682000296,14.668375740000158],[120.996684043000073,14.668415662000086]]]}},{"type":"Feature","properties":{"adm4_name":"Barangay 150","adm4_name1":null,"adm4_name2":null,"adm4_name3":null,"adm4_pcode":"PH1307501150","adm3_name":"Caloocan City","adm3_name1":null,"adm3_name2":null,"adm3_name3":null,"adm3_pcode":"PH1307501","adm2_name":"Metropolitan Manila Third District","adm2_name1":null,"adm2_name2":null,"adm2_name3":null,"adm2_pcode":"PH13075","adm1_name":"National Capital Region (NCR)","adm1_name1":null,"adm1_name2":null,"adm1_name3":null,"adm1_pcode":"PH13","adm0_name":"Philippines","adm0_name1":null,"adm0_name2":null,"adm0_name3":null,"adm0_pcode":"PH","valid_on":"2025-02-13","valid_to":null,"area_sqkm":0.03925645,"version":"v03","lang":"en","lang1":null,"lang2":null,"lang3":null,"adm4_ref_name":"Barangay 150","center_lat":14.66635305,"center_lon":120.99726254},"geometry":{"type":"Polygon","coordinates":[[[120.997326848000057,14.667591462000132],[120.997278654000183,14.667645241],[120.997098665000067,14.667497332000153],[120.996946624000202,14.667372959000033],[120.996705057000213,14.667182388000185],[120.996621496000103,14.667111388000023],[120.9965041600002,14.667011738000099],[120.996372733000044,14.666906015000166],[120.996185616000162,14.666756352000107],[120.99596314900009,14.666584226000055],[120.996217719000015,14.666280079000046],[120.99636829200017,14.666098163000072],[120.996525047000091,14.665914160000057],[120.996708618000071,14.665688703000171],[120.997002181000084,14.665335997000113],[120.997201762000032,14.665099875000124],[120.997249925,14.665138594000041],[120.997476734000202,14.665310765000129],[120.997556823000195,14.665370304000191],[120.997715815000333,14.665497791000178],[120.997832250000101,14.665586690000168],[120.997856569000078,14.665605545],[120.997946150000303,14.665676790000134],[120.998105909000287,14.665803618000155],[120.998126881000076,14.665819930000055],[120.998244560000103,14.665914306000047],[120.998328450000145,14.665980719000174],[120.998374133000084,14.666016621000097],[120.998516868000138,14.666128749000165],[120.998541721000151,14.666149529999984],[120.998306312000068,14.666426017000049],[120.998198155000068,14.666558041000144],[120.998036959000046,14.666729694000026],[120.99801848500033,14.666752288000112],[120.997905826000192,14.666888012000186],[120.99785595600008,14.666947899000036],[120.997746287000041,14.667086957000038],[120.9976165730003,14.667247730000099],[120.997560548000024,14.667317053000033],[120.997484063000343,14.667402464000077],[120.997326848000057,14.667591462000132]]]}},{"type":"Feature","properties":{"adm4_name":"Barangay 151","adm4_name1":null,"adm4_name2":null,"adm4_name3":null,"adm4_pcode":"PH1307501151","adm3_name":"Caloocan City","adm3_name1":null,"adm3_name2":null,"adm3_name3":null,"adm3_pcode":"PH1307501","adm2_name":"Metropolitan Manila Third District","adm2_name1":null,"adm2_name2":null,"adm2_name3":null,"adm2_pcode":"PH13075","adm1_name":"National Capital Region (NCR)","adm1_name1":null,"adm1_name2":null,"adm1_name3":null,"adm1_pcode":"PH13","adm0_name":"Philippines","adm0_name1":null,"adm0_name2":null,"adm0_name3":null,"adm0_pcode":"PH","valid_on":"2025-02-13","valid_to":null,"area_sqkm":0.03548106,"version":"v03","lang":"en","lang1":null,"lang2":null,"lang3":null,"adm4_ref_name":"Barangay 151","center_lat":14.66449706,"center_lon":120.99951608000001},"geometry":{"type":"Polygon","coordinates":[[[120.998694464000096,14.665929847000029],[120.998516868000138,14.666128749000165],[120.998374133000084,14.666016621000097],[120.998328450000145,14.665980719000174],[120.998244560000103,14.665914306000047],[120.998126881000076,14.665819930000055],[120.998105909000287,14.665803618000155],[120.997946150000303,14.665676790000134],[120.997856569000078,14.665605545],[120.997832250000101,14.665586690000168],[120.998830682000175,14.664351484000065],[120.998934780000013,14.664431230000105],[120.999085036000224,14.664249623999979],[120.999193892000335,14.664120111000045],[120.999323998000136,14.663960057000111],[120.999422997000011,14.663843102000101],[120.999431947000062,14.663832234000097],[120.999503682000068,14.663746587000048],[120.999537423000106,14.66370630199998],[120.999637785000232,14.663588041000082],[120.999728490000166,14.663479511000162],[120.999982689000149,14.663182087000052],[121.000080660000208,14.663093983000067],[121.000302158000068,14.662912550000044],[121.000307520000092,14.663393315000121],[121.000311761000034,14.663773647000141],[121.000313144000074,14.663936227000079],[121.000320293000186,14.664603180000142],[121.000321554000038,14.664910325000051],[121.000314092000167,14.664904733000128],[121.000098155000273,14.664742907000061],[120.999894764000032,14.664562897000053],[120.999756089000016,14.664737519000141],[120.999580661000095,14.66496421100004],[120.999417350000044,14.665138545000104],[120.999376323000092,14.665184436000061],[120.999267985000188,14.665304859000173],[120.999161775000061,14.665417026000114],[120.999017096000102,14.665576820000013],[120.998939200000223,14.665659556000151],[120.998880530000179,14.665722124000183],[120.998786672000051,14.665826056000071],[120.998750399000187,14.665866957000162],[120.998694464000096,14.665929847000029]]]}},{"type":"Feature","properties":{"adm4_name":"Barangay 152","adm4_name1":null,"adm4_name2":null,"adm4_name3":null,"adm4_pcode":"PH1307501152","adm3_name":"Caloocan City","adm3_name1":null,"adm3_name2":null,"adm3_name3":null,"adm3_pcode":"PH1307501","adm2_name":"Metropolitan Manila Third District","adm2_name1":null,"adm2_name2":null,"adm2_name3":null,"adm2_pcode":"PH13075","adm1_name":"National Capital Region (NCR)","adm1_name1":null,"adm1_name2":null,"adm1_name3":null,"adm1_pcode":"PH13","adm0_name":"Philippines","adm0_name1":null,"adm0_name2":null,"adm0_name3":null,"adm0_pcode":"PH","valid_on":"2025-02-13","valid_to":null,"area_sqkm":0.03026363,"version":"v03","lang":"en","lang1":null,"lang2":null,"lang3":null,"adm4_ref_name":"Barangay 152","center_lat":14.66830208,"center_lon":120.99784956000001},"geometry":{"type":"Polygon","coordinates":[[[120.998537129000056,14.668814553000118],[120.998341278000112,14.669145846000106],[120.99821885200015,14.669137803000069],[120.997930213000132,14.66912886700004],[120.997744341000043,14.669118144000151],[120.997718280000072,14.669115358000056],[120.997670011000082,14.669107167],[120.99761847700006,14.669094010000094],[120.997585143000038,14.669082147999973],[120.99754047700003,14.669064963999972],[120.997445128000095,14.669024612000044],[120.997183,14.668910824000022],[120.997131186000047,14.668887997000184],[120.99701218600012,14.668835877000106],[120.996533566000153,14.668613739000023],[120.996684043000073,14.668415662000086],[120.996711682000296,14.668375740000158],[120.99686676500005,14.668176127999971],[120.996939077000206,14.668081658000176],[120.996961998000074,14.668052736999982],[120.997072337000077,14.667909589000033],[120.997181959000045,14.667770270000176],[120.997278654000183,14.667645241],[120.997326848000057,14.667591462000132],[120.997484063000343,14.667402464000077],[120.997560548000024,14.667317053000033],[120.997793015000184,14.667474335000122],[120.997987825000109,14.667590183000073],[120.998268078000137,14.667764009000109],[120.998408887000096,14.667870597000046],[120.998460282000224,14.66790423700013],[120.998543092000091,14.667961844000047],[120.99866586600001,14.668040596000139],[120.998724987000173,14.668074987000068],[120.998988121000139,14.668228425000166],[120.998869301000013,14.668379559000016],[120.99883155200007,14.66842477400013],[120.998770766,14.668500037000058],[120.998703867000017,14.668577335000066],[120.998650887000053,14.668641759000081],[120.998537129000056,14.668814553000118]]]}},{"type":"Feature","properties":{"adm4_name":"Barangay 153","adm4_name1":null,"adm4_name2":null,"adm4_name3":null,"adm4_pcode":"PH1307501153","adm3_name":"Caloocan City","adm3_name1":null,"adm3_name2":null,"adm3_name3":null,"adm3_pcode":"PH1307501","adm2_name":"Metropolitan Manila Third District","adm2_name1":null,"adm2_name2":null,"adm2_name3":null,"adm2_pcode":"PH13075","adm1_name":"National Capital Region (NCR)","adm1_name1":null,"adm1_name2":null,"adm1_name3":null,"adm1_pcode":"PH13","adm0_name":"Philippines","adm0_name1":null,"adm0_name2":null,"adm0_name3":null,"adm0_pcode":"PH","valid_on":"2025-02-13","valid_to":null,"area_sqkm":0.02907477,"version":"v03","lang":"en","lang1":null,"lang2":null,"lang3":null,"adm4_ref_name":"Barangay 153","center_lat":14.66718208,"center_lon":120.99874827},"geometry":{"type":"Polygon","coordinates":[[[120.999113546000103,14.668083363000051],[120.998988121000139,14.668228425000166],[120.998724987000173,14.668074987000068],[120.99866586600001,14.668040596000139],[120.998543092000091,14.667961844000047],[120.998460282000224,14.66790423700013],[120.998408887000096,14.667870597000046],[120.998268078000137,14.667764009000109],[120.997987825000109,14.667590183000073],[120.997793015000184,14.667474335000122],[120.997560548000024,14.667317053000033],[120.9976165730003,14.667247730000099],[120.997746287000041,14.667086957000038],[120.99785595600008,14.666947899000036],[120.997905826000192,14.666888012000186],[120.99801848500033,14.666752288000112],[120.998036959000046,14.666729694000026],[120.998198155000068,14.666558041000144],[120.998306312000068,14.666426017000049],[120.998541721000151,14.666149529999984],[120.998773533000076,14.666337252000062],[120.998793258000092,14.666351512000176],[120.999022872000069,14.666530664000106],[120.999047756000323,14.666550036000103],[120.999265221000087,14.666738059000124],[120.999442322000277,14.666877875000125],[120.999480771000208,14.666908169000124],[120.999632239000107,14.667028178000066],[120.999784083,14.667148403000112],[120.999869927000077,14.667215765000037],[120.999659943000097,14.667464784000117],[120.99956166700008,14.667576042000064],[120.99949490500012,14.667649411000184],[120.999458356000218,14.667693744000019],[120.999345740000081,14.667815389000054],[120.999221413000214,14.667958394000095],[120.999150697000232,14.668042525000033],[120.999113546000103,14.668083363000051]]]}},{"type":"Feature","properties":{"adm4_name":"Barangay 154","adm4_name1":null,"adm4_name2":null,"adm4_name3":null,"adm4_pcode":"PH1307501154","adm3_name":"Caloocan City","adm3_name1":null,"adm3_name2":null,"adm3_name3":null,"adm3_pcode":"PH1307501","adm2_name":"Metropolitan Manila Third District","adm2_name1":null,"adm2_name2":null,"adm2_name3":null,"adm2_pcode":"PH13075","adm1_name":"National Capital Region (NCR)","adm1_name1":null,"adm1_name2":null,"adm1_name3":null,"adm1_pcode":"PH13","adm0_name":"Philippines","adm0_name1":null,"adm0_name2":null,"adm0_name3":null,"adm0_pcode":"PH","valid_on":"2025-02-13","valid_to":null,"area_sqkm":0.03584029,"version":"v03","lang":"en","lang1":null,"lang2":null,"lang3":null,"adm4_ref_name":"Barangay 154","center_lat":14.6660293,"center_lon":120.99947327},"geometry":{"type":"Polygon","coordinates":[[[121.000364225000112,14.667381359000046],[121.000364772000012,14.667569584999967],[121.000140239000075,14.667412674000047],[121.000051689000202,14.667348591000177],[120.999869927000077,14.667215765000037],[120.999784083,14.667148403000112],[120.999632239000107,14.667028178000066],[120.999480771000208,14.666908169000124],[120.999442322000277,14.666877875000125],[120.999265221000087,14.666738059000124],[120.999047756000323,14.666550036000103],[120.999022872000069,14.666530664000106],[120.998793258000092,14.666351512000176],[120.998773533000076,14.666337252000062],[120.998541721000151,14.666149529999984],[120.998516868000138,14.666128749000165],[120.998694464000096,14.665929847000029],[120.998750399000187,14.665866957000162],[120.998786672000051,14.665826056000071],[120.998880530000179,14.665722124000183],[120.998939200000223,14.665659556000151],[120.999017096000102,14.665576820000013],[120.999161775000061,14.665417026000114],[120.999267985000188,14.665304859000173],[120.999376323000092,14.665184436000061],[120.999417350000044,14.665138545000104],[120.999580661000095,14.66496421100004],[120.999756089000016,14.664737519000141],[120.999894764000032,14.664562897000053],[121.000098155000273,14.664742907000061],[121.000314092000167,14.664904733000128],[121.000321554000038,14.664910325000051],[121.000329644000203,14.665378807000081],[121.000332921000336,14.665568558000075],[121.000337172000059,14.665814736000186],[121.000364225000112,14.667381359000046]]]}},{"type":"Feature","properties":{"adm4_name":"Barangay 155","adm4_name1":null,"adm4_name2":null,"adm4_name3":null,"adm4_pcode":"PH1307501155","adm3_name":"Caloocan City","adm3_name1":null,"adm3_name2":null,"adm3_name3":null,"adm3_pcode":"PH1307501","adm2_name":"Metropolitan Manila Third District","adm2_name1":null,"adm2_name2":null,"adm2_name3":null,"adm2_pcode":"PH13075","adm1_name":"National Capital Region (NCR)","adm1_name1":null,"adm1_name2":null,"adm1_name3":null,"adm1_pcode":"PH13","adm0_name":"Philippines","adm0_name1":null,"adm0_name2":null,"adm0_name3":null,"adm0_pcode":"PH","valid_on":"2025-02-13","valid_to":null,"area_sqkm":0.03361055,"version":"v03","lang":"en","lang1":null,"lang2":null,"lang3":null,"adm4_ref_name":"Barangay 155","center_lat":14.66830399,"center_lon":120.99965347},"geometry":{"type":"Polygon","coordinates":[[[121.000397244000055,14.669434518],[121.00019850700005,14.669442425000057],[121.000178196000093,14.669439540999974],[121.000130938000098,14.669435929000031],[120.999797784000066,14.669403897000052],[120.999444184000254,14.669347793000043],[120.999298028000112,14.669327552000027],[120.999159722000172,14.669303195000055],[120.998917033000112,14.669246376000103],[120.998777363000045,14.669218229000137],[120.998542981000014,14.669170540000039],[120.998435241000038,14.669155982000063],[120.998341278000112,14.669145846000106],[120.998537129000056,14.668814553000118],[120.998650887000053,14.668641759000081],[120.998703867000017,14.668577335000066],[120.998770766,14.668500037000058],[120.99883155200007,14.66842477400013],[120.998869301000013,14.668379559000016],[120.998988121000139,14.668228425000166],[120.999113546000103,14.668083363000051],[120.999150697000232,14.668042525000033],[120.999221413000214,14.667958394000095],[120.999345740000081,14.667815389000054],[120.999458356000218,14.667693744000019],[120.99949490500012,14.667649411000184],[120.99956166700008,14.667576042000064],[120.999659943000097,14.667464784000117],[120.999869927000077,14.667215765000037],[121.000051689000202,14.667348591000177],[121.000140239000075,14.667412674000047],[121.000364772000012,14.667569584999967],[121.000368104000017,14.667722726000136],[121.000369320000118,14.667787555000075],[121.000397252000084,14.669406223000067],[121.000397244000055,14.669434518]]]}},{"type":"Feature","properties":{"adm4_name":"Barangay 156","adm4_name1":null,"adm4_name2":null,"adm4_name3":null,"adm4_pcode":"PH1307501156","adm3_name":"Caloocan City","adm3_name1":null,"adm3_name2":null,"adm3_name3":null,"adm3_pcode":"PH1307501","adm2_name":"Metropolitan Manila Third District","adm2_name1":null,"adm2_name2":null,"adm2_name3":null,"adm2_pcode":"PH13075","adm1_name":"National Capital Region (NCR)","adm1_name1":null,"adm1_name2":null,"adm1_name3":null,"adm1_pcode":"PH13","adm0_name":"Philippines","adm0_name1":null,"adm0_name2":null,"adm0_name3":null,"adm0_pcode":"PH","valid_on":"2025-02-13","valid_to":null,"area_sqkm":0.05112084,"version":"v03","lang":"en","lang1":null,"lang2":null,"lang3":null,"adm4_ref_name":"Barangay 156","center_lat":14.66626632,"center_lon":121.00124289},"geometry":{"type":"Polygon","coordinates":[[[121.000870023000061,14.667348927000035],[121.000572534000185,14.667726383000172],[121.000368104000017,14.667722726000136],[121.000364772000012,14.667569584999967],[121.000364225000112,14.667381359000046],[121.000337172000059,14.665814736000186],[121.000332921000336,14.665568558000075],[121.000329644000203,14.665378807000081],[121.000321554000038,14.664910325000051],[121.000320293000186,14.664603180000142],[121.000529937000124,14.664600283000141],[121.000593585000047,14.66463119600013],[121.000641303000066,14.66466185400003],[121.000693821000027,14.664714165000134],[121.000792709000052,14.664820028000122],[121.001011820000144,14.66505460000019],[121.001262540000084,14.665324548000115],[121.001511254000093,14.665591977000133],[121.001684455000259,14.665782379000063],[121.001780768000117,14.6658870280001],[121.002500868000084,14.666645609999989],[121.002517678000231,14.66666731600003],[121.002518161000012,14.666695859000185],[121.002506287000074,14.666722381000056],[121.002487574000043,14.666762720000122],[121.002383155000189,14.666987819000155],[121.002307396000219,14.667162052000094],[121.002235947000031,14.667326374000027],[121.002226547000191,14.667358321999984],[121.00221263200001,14.667401784000049],[121.002183502000094,14.667694278999988],[121.002047170000196,14.667676248000191],[121.002018845000066,14.667667111000071],[121.001919534000081,14.667632038000079],[121.0018837450001,14.667615898000179],[121.001795333000018,14.667564907000155],[121.001759089000075,14.667624444000182],[121.001445885000066,14.667510407000066],[121.001382229000114,14.667493868],[121.001352965000024,14.667483021000123],[121.001323091000017,14.667466614000091],[121.001258045000327,14.667419119000158],[121.001144252000017,14.667555779999986],[121.001006419000078,14.667451909000022],[121.000870023000061,14.667348927000035]]]}},{"type":"Feature","properties":{"adm4_name":"Barangay 157","adm4_name1":null,"adm4_name2":null,"adm4_name3":null,"adm4_pcode":"PH1307501157","adm3_name":"Caloocan City","adm3_name1":null,"adm3_name2":null,"adm3_name3":null,"adm3_pcode":"PH1307501","adm2_name":"Metropolitan Manila Third District","adm2_name1":null,"adm2_name2":null,"adm2_name3":null,"adm2_pcode":"PH13075","adm1_name":"National Capital Region (NCR)","adm1_name1":null,"adm1_name2":null,"adm1_name3":null,"adm1_pcode":"PH13","adm0_name":"Philippines","adm0_name1":null,"adm0_name2":null,"adm0_name3":null,"adm0_pcode":"PH","valid_on":"2025-02-13","valid_to":null,"area_sqkm":0.03288421,"version":"v03","lang":"en","lang1":null,"lang2":null,"lang3":null,"adm4_ref_name":"Barangay 157","center_lat":14.66837756,"center_lon":121.00116935},"geometry":{"type":"Polygon","coordinates":[[[121.001438678000113,14.669437095000148],[121.001436442000113,14.669437367000171],[121.001435146000176,14.669437286000061],[121.001433822000081,14.669436799000096],[121.00141643100028,14.669430847000172],[121.001274484000191,14.669390411],[121.001202862000127,14.669372444000032],[121.001172614000097,14.669369546000155],[121.001083783000126,14.669369406000158],[121.001064686000063,14.66936962800014],[121.000856744000089,14.669381301000158],[121.00060765000012,14.669392496000114],[121.000397252000084,14.669406223000067],[121.000369320000118,14.667787555000075],[121.000368104000017,14.667722726000136],[121.000572534000185,14.667726383000172],[121.000870023000061,14.667348927000035],[121.001006419000078,14.667451909000022],[121.001144252000017,14.667555779999986],[121.001258045000327,14.667419119000158],[121.001323091000017,14.667466614000091],[121.001352965000024,14.667483021000123],[121.001382229000114,14.667493868],[121.001445885000066,14.667510407000066],[121.001759089000075,14.667624444000182],[121.001795333000018,14.667564907000155],[121.0018837450001,14.667615898000179],[121.001919534000081,14.667632038000079],[121.002018845000066,14.667667111000071],[121.002047170000196,14.667676248000191],[121.002183502000094,14.667694278999988],[121.002178880000088,14.667878025000107],[121.002179875000024,14.667955383000105],[121.002177495000069,14.667975271000159],[121.002171696000119,14.668000091000067],[121.002151273000209,14.668037177000144],[121.002012513000068,14.668285761000107],[121.001905895000277,14.668469349000191],[121.001798884000095,14.66868553200004],[121.00163077000002,14.669036398000117],[121.001557840000032,14.669200871000157],[121.001455547000319,14.66942796799998],[121.001454601000091,14.669429890000174],[121.001453330000231,14.669431100999986],[121.001451634000091,14.669432130000189],[121.001448486000186,14.669433825000056],[121.001443824000148,14.66943564200011],[121.001441463000219,14.669436429000086],[121.001438678000113,14.669437095000148]]]}},{"type":"Feature","properties":{"adm4_name":"Barangay 158","adm4_name1":null,"adm4_name2":null,"adm4_name3":null,"adm4_pcode":"PH1307501158","adm3_name":"Caloocan City","adm3_name1":null,"adm3_name2":null,"adm3_name3":null,"adm3_pcode":"PH1307501","adm2_name":"Metropolitan Manila Third District","adm2_name1":null,"adm2_name2":null,"adm2_name3":null,"adm2_pcode":"PH13075","adm1_name":"National Capital Region (NCR)","adm1_name1":null,"adm1_name2":null,"adm1_name3":null,"adm1_pcode":"PH13","adm0_name":"Philippines","adm0_name1":null,"adm0_name2":null,"adm0_name3":null,"adm0_pcode":"PH","valid_on":"2025-02-13","valid_to":null,"area_sqkm":0.30421205,"version":"v03","lang":"en","lang1":null,"lang2":null,"lang3":null,"adm4_ref_name":"Barangay 158","center_lat":14.67077132,"center_lon":121.00283662},"geometry":{"type":"Polygon","coordinates":[[[121.004054727000266,14.674596769],[121.003839155000037,14.674891909999985],[121.003595465000103,14.674551629000177],[121.003160023000305,14.674367836000158],[121.002998841000135,14.674229750000109],[121.002188991000253,14.673515795000128],[121.002113297000051,14.673431167000047],[121.001999109000053,14.673236584],[121.001944471000115,14.673145557],[121.001791924000031,14.672891948000085],[121.001749646000235,14.672821661000057],[121.001638318000118,14.672691373000077],[121.001526609000166,14.672526316000017],[121.001426668000022,14.672277756000085],[121.000722225000231,14.670596339000156],[121.00069996600007,14.670592633000183],[121.000422413000138,14.670546765000097],[121.000414757000044,14.669993263000151],[121.000397244000055,14.669434518],[121.000397252000084,14.669406223000067],[121.00060765000012,14.669392496000114],[121.000856744000089,14.669381301000158],[121.001064686000063,14.66936962800014],[121.001083783000126,14.669369406000158],[121.001172614000097,14.669369546000155],[121.001202862000127,14.669372444000032],[121.001274484000191,14.669390411],[121.00141643100028,14.669430847000172],[121.001433822000081,14.669436799000096],[121.001435146000176,14.669437286000061],[121.001436442000113,14.669437367000171],[121.001438678000113,14.669437095000148],[121.001441463000219,14.669436429000086],[121.001443824000148,14.66943564200011],[121.001448486000186,14.669433825000056],[121.001451634000091,14.669432130000189],[121.001453330000231,14.669431100999986],[121.001454601000091,14.669429890000174],[121.001455547000319,14.66942796799998],[121.001557840000032,14.669200871000157],[121.00163077000002,14.669036398000117],[121.001798884000095,14.66868553200004],[121.001905895000277,14.668469349000191],[121.002012513000068,14.668285761000107],[121.002151273000209,14.668037177000144],[121.002171696000119,14.668000091000067],[121.002177495000069,14.667975271000159],[121.002179875000024,14.667955383000105],[121.002178880000088,14.667878025000107],[121.002183502000094,14.667694278999988],[121.00221263200001,14.667401784000049],[121.002226547000191,14.667358321999984],[121.002235947000031,14.667326374000027],[121.002307396000219,14.667162052000094],[121.002383155000189,14.666987819000155],[121.002487574000043,14.666762720000122],[121.002506287000074,14.666722381000056],[121.002905001000045,14.667149498000128],[121.002945546000092,14.667223937000188],[121.005497894000086,14.671909959000118],[121.005828840000049,14.670946294000032],[121.005866593000064,14.670953533000045],[121.006025556000168,14.670984016000148],[121.006805985000028,14.67113367200011],[121.006661565000172,14.671640331],[121.006617844000175,14.67179371400016],[121.006828794000057,14.671837538999966],[121.006651647000012,14.672622188000162],[121.006615044000114,14.67301893400014],[121.006530975000032,14.673140914999976],[121.006031791000055,14.673909996000134],[121.00594849100014,14.673889468000027],[121.005800034000345,14.673869233000062],[121.005701909000095,14.673856887000056],[121.005609667000158,14.67384404600017],[121.005482136000182,14.673826349000024],[121.005365043000324,14.673814980000088],[121.005267661000062,14.673805703000085],[121.005190549000076,14.673800547000042],[121.005118924000158,14.673796424000159],[121.005062992000148,14.673791292999965],[121.004986834000078,14.674074255000107],[121.004926976000093,14.674339782000175],[121.00490223700001,14.674431663],[121.00488031600014,14.674484294000024],[121.004613571000164,14.674396124],[121.00457872700008,14.674384945999975],[121.004441194000037,14.674732975000097],[121.004054727000266,14.674596769]]]}},{"type":"Feature","properties":{"adm4_name":"Barangay 159","adm4_name1":null,"adm4_name2":null,"adm4_name3":null,"adm4_pcode":"PH1307501159","adm3_name":"Caloocan City","adm3_name1":null,"adm3_name2":null,"adm3_name3":null,"adm3_pcode":"PH1307501","adm2_name":"Metropolitan Manila Third District","adm2_name1":null,"adm2_name2":null,"adm2_name3":null,"adm2_pcode":"PH13075","adm1_name":"National Capital Region (NCR)","adm1_name1":null,"adm1_name2":null,"adm1_name3":null,"adm1_pcode":"PH13","adm0_name":"Philippines","adm0_name1":null,"adm0_name2":null,"adm0_name3":null,"adm0_pcode":"PH","valid_on":"2025-02-13","valid_to":null,"area_sqkm":0.10760295,"version":"v03","lang":"en","lang1":null,"lang2":null,"lang3":null,"adm4_ref_name":"Barangay 159","center_lat":14.67488871,"center_lon":121.00694242},"geometry":{"type":"Polygon","coordinates":[[[121.00660519600001,14.676463531000081],[121.006111979000138,14.676709405],[121.006121256000142,14.67632318800014],[121.006050731000073,14.676222870000174],[121.005778276000115,14.676342567000063],[121.005678286000034,14.676073070000029],[121.005224240000302,14.676185586000088],[121.005101364000097,14.676095703000044],[121.004693214000099,14.67629061800011],[121.004659740000193,14.676234581000188],[121.004552108000098,14.676077017000125],[121.004702753000061,14.676044397000055],[121.00476307100007,14.676032595000152],[121.00469338400012,14.675491155000145],[121.00489352600016,14.675215638000168],[121.005017799000029,14.675086694000129],[121.005078366000134,14.675023148000037],[121.005191392000256,14.674972108000077],[121.005329221000011,14.674967324000022],[121.005410903000211,14.674810095000055],[121.005476748000092,14.674679194000191],[121.00488031600014,14.674484294000024],[121.00490223700001,14.674431663],[121.004926976000093,14.674339782000175],[121.004986834000078,14.674074255000107],[121.005062992000148,14.673791292999965],[121.005118924000158,14.673796424000159],[121.005190549000076,14.673800547000042],[121.005267661000062,14.673805703000085],[121.005365043000324,14.673814980000088],[121.005482136000182,14.673826349000024],[121.005609667000158,14.67384404600017],[121.005701909000095,14.673856887000056],[121.005800034000345,14.673869233000062],[121.00594849100014,14.673889468000027],[121.006031791000055,14.673909996000134],[121.006530975000032,14.673140914999976],[121.006615044000114,14.67301893400014],[121.006873626000015,14.673143939000056],[121.007496026000013,14.673190587000022],[121.007768301000056,14.673288045999982],[121.008109782000133,14.673472714000184],[121.008501778000095,14.673930619000146],[121.008465973000057,14.674014942000099],[121.008616217000053,14.674102972000128],[121.00887049500011,14.67425060000005],[121.008397850000165,14.675098444000071],[121.008337213000232,14.67520351600001],[121.008228342000052,14.675120949000018],[121.00810789500008,14.675259772000061],[121.007796211000027,14.675551627000175],[121.0072708900002,14.675984415000073],[121.007199016000072,14.675921],[121.007117348000065,14.676010737000126],[121.00704235000012,14.676072783000109],[121.00660519600001,14.676463531000081]]]}},{"type":"Feature","properties":{"adm4_name":"Barangay 160","adm4_name1":null,"adm4_name2":null,"adm4_name3":null,"adm4_pcode":"PH1307501160","adm3_name":"Caloocan City","adm3_name1":null,"adm3_name2":null,"adm3_name3":null,"adm3_pcode":"PH1307501","adm2_name":"Metropolitan Manila Third District","adm2_name1":null,"adm2_name2":null,"adm2_name3":null,"adm2_pcode":"PH13075","adm1_name":"National Capital Region (NCR)","adm1_name1":null,"adm1_name2":null,"adm1_name3":null,"adm1_pcode":"PH13","adm0_name":"Philippines","adm0_name1":null,"adm0_name2":null,"adm0_name3":null,"adm0_pcode":"PH","valid_on":"2025-02-13","valid_to":null,"area_sqkm":0.46690094,"version":"v03","lang":"en","lang1":null,"lang2":null,"lang3":null,"adm4_ref_name":"Barangay 160","center_lat":14.67956371,"center_lon":121.00216837000001},"geometry":{"type":"Polygon","coordinates":[[[121.001322135000123,14.684808246000159],[121.001245840000138,14.685021789000189],[121.001100610000208,14.684925663],[121.000761882,14.684822419],[121.000444057000095,14.684749712000098],[121.000163390000125,14.684682614000053],[120.999896241000101,14.68456506400014],[120.999694887000146,14.68443768800006],[120.999544535000155,14.684282121000081],[120.999379423000164,14.68397374400007],[120.999193616000184,14.683448173000158],[120.999061039000139,14.68307272300018],[120.99891879900008,14.682571714000062],[120.998895327000014,14.682357274000083],[120.998905175000118,14.682258055000091],[120.998890739000217,14.682198119000134],[120.998871979000114,14.682010953000088],[120.998820062000163,14.681837248000022],[120.99879175600006,14.681667939000135],[120.998791863000065,14.681434196000055],[120.998749272000168,14.681290411000134],[120.998663996000232,14.681157510999981],[120.99901696500001,14.681083245000082],[120.999023230000034,14.680900170000086],[120.99904387800018,14.680776921000131],[120.9990852090001,14.680680300000063],[120.99915926000017,14.680570353000064],[120.999224700000013,14.680482062000181],[120.99938817300017,14.680390675000126],[120.999572620000095,14.680295191000084],[120.999798307000333,14.680199680000044],[120.999976541000024,14.680143160000171],[121.000643875000151,14.679907792000051],[121.000604462000183,14.678119926000136],[121.00162444800003,14.678108780000059],[121.001830661000099,14.678099407000104],[121.001936556000032,14.678054008000174],[121.00227699400034,14.677997816000129],[121.002312024000048,14.678047603999971],[121.002394817000095,14.678089712000087],[121.002519556000038,14.678115515],[121.002612819000205,14.678129050000166],[121.00266756200017,14.678125099999988],[121.002881893000222,14.678040428000088],[121.002970948000211,14.677935695000031],[121.003039852000029,14.677923030000159],[121.00316822700006,14.678026358000182],[121.00329252500012,14.67798344],[121.003406295000104,14.677879618000134],[121.003520233000131,14.677809870000033],[121.00375802200017,14.677793112000074],[121.00385331800021,14.677246630000127],[121.003994049000084,14.676468648000082],[121.004227258000242,14.675883357000089],[121.004244477000157,14.67591484400009],[121.004296809000039,14.676000141000145],[121.004374628000051,14.676115036000112],[121.004552108000098,14.676077017000125],[121.004659740000193,14.676234581000188],[121.004693214000099,14.67629061800011],[121.005101364000097,14.676095703000044],[121.005224240000302,14.676185586000088],[121.005678286000034,14.676073070000029],[121.005778276000115,14.676342567000063],[121.006050731000073,14.676222870000174],[121.006121256000142,14.67632318800014],[121.006111979000138,14.676709405],[121.00660519600001,14.676463531000081],[121.00704235000012,14.676072783000109],[121.007117348000065,14.676010737000126],[121.007199016000072,14.675921],[121.0072708900002,14.675984415000073],[121.007796211000027,14.675551627000175],[121.00810789500008,14.675259772000061],[121.008228342000052,14.675120949000018],[121.008337213000232,14.67520351600001],[121.008397850000165,14.675098444000071],[121.00887049500011,14.67425060000005],[121.0090521300001,14.674344579000092],[121.009362812000063,14.674542193000093],[121.009483190000083,14.67462077700003],[121.009650377000185,14.674729919000185],[121.009786396000095,14.67479227400014],[121.00995148100003,14.674866849000182],[121.00987922600018,14.675051422000081],[121.009724323000228,14.675447117000033],[121.00962821600001,14.67563960300015],[121.009597468000152,14.675688911000123],[121.009423092000134,14.676006207000114],[121.009389127000077,14.676056713000037],[121.009313369000211,14.676153347000024],[121.009197602000086,14.676284069000189],[121.00909722200015,14.676396087000057],[121.009077266000077,14.676418714000022],[121.008913141000107,14.676601421000157],[121.008881836000114,14.676634894000188],[121.008863301000019,14.676648898000053],[121.008839145000024,14.676658209000038],[121.008810191000066,14.676667502000043],[121.008768055000019,14.676676408000048],[121.008727688000135,14.676684435000084],[121.008662664000099,14.676698004000059],[121.008631268000158,14.676713268000071],[121.008604864000063,14.676733403000071],[121.00858485900028,14.676750846000175],[121.008571372,14.676765089000185],[121.008548076000011,14.676794194000024],[121.00843128300005,14.676965782000025],[121.008285216000104,14.677231857000095],[121.008195154000077,14.677401332000159],[121.008173631000204,14.677436635000163],[121.008161762000213,14.677452472000141],[121.008136119000142,14.677474706],[121.008103494000011,14.677499897000075],[121.008050459000287,14.677537265000126],[121.007982853000044,14.677585372000124],[121.007952028000091,14.677603919000148],[121.007551100000114,14.677748331000032],[121.007513439000263,14.677761381000039],[121.007463650000318,14.677778128000057],[121.007424613000012,14.67779744700016],[121.007182418000184,14.678016144000026],[121.007164981000074,14.678028122000171],[121.0065364740002,14.678285490000121],[121.006412896000029,14.678207563000171],[121.006341871000018,14.678158631000031],[121.006229319000113,14.678282018],[121.005975302000138,14.678524251000056],[121.005827303000046,14.67864614400014],[121.005758341000046,14.678681926000081],[121.005322561000185,14.678941630000054],[121.004734689000088,14.679365688000132],[121.004250139000078,14.67939595900009],[121.004103085000224,14.679412457000012],[121.003789807000203,14.679474738000124],[121.003698032000329,14.67948173200017],[121.00370285200006,14.679645694000044],[121.003750134000029,14.679957526000123],[121.003357619000099,14.680007029000024],[121.003374632000032,14.680734452000081],[121.003440407000085,14.682105514],[121.003461746000312,14.683167830000173],[121.002673498000149,14.684324404000108],[121.002372605000346,14.684409908000077],[121.002474180000149,14.68482566800003],[121.001520114000073,14.684850214999983],[121.001322135000123,14.684808246000159]]]}},{"type":"Feature","properties":{"adm4_name":"Barangay 161","adm4_name1":null,"adm4_name2":null,"adm4_name3":null,"adm4_pcode":"PH1307501161","adm3_name":"Caloocan City","adm3_name1":null,"adm3_name2":null,"adm3_name3":null,"adm3_pcode":"PH1307501","adm2_name":"Metropolitan Manila Third District","adm2_name1":null,"adm2_name2":null,"adm2_name3":null,"adm2_pcode":"PH13075","adm1_name":"National Capital Region (NCR)","adm1_name1":null,"adm1_name2":null,"adm1_name3":null,"adm1_pcode":"PH13","adm0_name":"Philippines","adm0_name1":null,"adm0_name2":null,"adm0_name3":null,"adm0_pcode":"PH","valid_on":"2025-02-13","valid_to":null,"area_sqkm":0.55238948,"version":"v03","lang":"en","lang1":null,"lang2":null,"lang3":null,"adm4_ref_name":"Barangay 161","center_lat":14.67580635,"center_lon":121.0006789},"geometry":{"type":"Polygon","coordinates":[[[120.99901696500001,14.681083245000082],[120.998663996000232,14.681157510999981],[120.998621342000206,14.681074993000095],[120.998592882000025,14.680932812000151],[120.998545623000041,14.680776546000175],[120.998398851000047,14.680605959],[120.998252321000109,14.680393056000071],[120.998158123000167,14.680221023000115],[120.998122932000229,14.680198621000045],[120.998116566000022,14.680026339],[120.998135690000026,14.679884826000148],[120.998218179000332,14.679694048000158],[120.998351450000087,14.679250399000125],[120.998396674000105,14.678887656000029],[120.998392189000015,14.678778824000119],[120.998376939000195,14.678710042000091],[120.998349300000086,14.678665882000189],[120.998312129000169,14.678625852000039],[120.99827771400021,14.678600238000058],[120.998233499000207,14.678592971000057],[120.998187750000056,14.678591541000117],[120.998149150000017,14.678597260000174],[120.998083386000076,14.678620134000084],[120.998021548000111,14.678655130000152],[120.997918977000268,14.678725927000073],[120.997886096000116,14.678741653000145],[120.997781732000021,14.678770246000113],[120.9977345530001,14.678777395000054],[120.997681657000044,14.67878025400006],[120.997633049000115,14.678768817000048],[120.997597308000081,14.678748802000086],[120.99753154400014,14.678691616000151],[120.997435500000165,14.678628094000032],[120.997331394000071,14.678562947999978],[120.997287075000031,14.678532926000173],[120.9972456160001,14.678494325000088],[120.997222741000087,14.678467162000061],[120.997191289000284,14.678408547000117],[120.997167346000197,14.678338897],[120.997129140000197,14.677980963999971],[120.997078306000049,14.677347366000163],[120.996936371000174,14.676708654000038],[120.996794435000311,14.676259191000099],[120.99671149000028,14.676024860000155],[120.99665720500002,14.675853090000146],[120.996590507000178,14.675759611000103],[120.996566308000183,14.675711234000119],[120.996508291000055,14.675656658000037],[120.99614758700011,14.675312474000179],[120.996316641000021,14.675158617000136],[120.996590915000183,14.675097943000083],[120.996810230000278,14.675042364000035],[120.996868107000182,14.675028326000131],[120.99690326800021,14.674975034000113],[120.996950305000041,14.674885366000183],[120.996985314000199,14.674802989],[120.996952695000118,14.674733170000025],[120.996918898000217,14.674670725000112],[120.996871858000077,14.674610034000125],[120.996833905000017,14.67456205600007],[120.996876668000141,14.674116098000127],[120.99682025300001,14.673313207000035],[120.996850657000209,14.67316707000009],[120.996859454000059,14.673153330000048],[120.996874287000196,14.673146121000059],[120.996895814000254,14.673142167000094],[120.996994675000224,14.673157343000128],[120.997074229000191,14.673168359000158],[120.997195378000015,14.67317818500004],[120.997333035000111,14.673178127000028],[120.997365186000025,14.67316914200012],[120.997392285000046,14.67315823600012],[120.997418902000049,14.673142889000133],[120.997437153000192,14.673125579000157],[120.99745121300009,14.673105090000149],[120.997461142000134,14.673082214000033],[120.997651236000024,14.672732637000138],[120.997760763000201,14.672753513000089],[120.99784606500009,14.672756612000057],[120.997965304000104,14.672710774],[120.998146922000046,14.672631360000025],[120.998301892000086,14.672549994000065],[120.99844573200005,14.672473362000119],[120.998712350000119,14.672276688000181],[120.998937519000037,14.672076742000115],[120.999361170000157,14.671681233000186],[120.999466967000103,14.671583637000083],[120.999614769000118,14.671438187000149],[120.999756694000212,14.67128136700012],[121.000079320000054,14.670933130000037],[121.000118318000091,14.670888929000171],[121.000422413000138,14.670546765000097],[121.00069996600007,14.670592633000183],[121.000722225000231,14.670596339000156],[121.001426668000022,14.672277756000085],[121.001526609000166,14.672526316000017],[121.001638318000118,14.672691373000077],[121.001749646000235,14.672821661000057],[121.001791924000031,14.672891948000085],[121.001944471000115,14.673145557],[121.001999109000053,14.673236584],[121.002113297000051,14.673431167000047],[121.002188991000253,14.673515795000128],[121.002998841000135,14.674229750000109],[121.003160023000305,14.674367836000158],[121.003595465000103,14.674551629000177],[121.003839155000037,14.674891909999985],[121.004054727000266,14.674596769],[121.004441194000037,14.674732975000097],[121.00457872700008,14.674384945999975],[121.004613571000164,14.674396124],[121.00488031600014,14.674484294000024],[121.005476748000092,14.674679194000191],[121.005410903000211,14.674810095000055],[121.005329221000011,14.674967324000022],[121.005191392000256,14.674972108000077],[121.005078366000134,14.675023148000037],[121.005017799000029,14.675086694000129],[121.00489352600016,14.675215638000168],[121.00469338400012,14.675491155000145],[121.00476307100007,14.676032595000152],[121.004702753000061,14.676044397000055],[121.004552108000098,14.676077017000125],[121.004374628000051,14.676115036000112],[121.004296809000039,14.676000141000145],[121.004244477000157,14.67591484400009],[121.004227258000242,14.675883357000089],[121.003994049000084,14.676468648000082],[121.00385331800021,14.677246630000127],[121.00375802200017,14.677793112000074],[121.003520233000131,14.677809870000033],[121.003406295000104,14.677879618000134],[121.00329252500012,14.67798344],[121.00316822700006,14.678026358000182],[121.003039852000029,14.677923030000159],[121.002970948000211,14.677935695000031],[121.002881893000222,14.678040428000088],[121.00266756200017,14.678125099999988],[121.002612819000205,14.678129050000166],[121.002519556000038,14.678115515],[121.002394817000095,14.678089712000087],[121.002312024000048,14.678047603999971],[121.00227699400034,14.677997816000129],[121.001936556000032,14.678054008000174],[121.001830661000099,14.678099407000104],[121.00162444800003,14.678108780000059],[121.000604462000183,14.678119926000136],[121.000643875000151,14.679907792000051],[120.999976541000024,14.680143160000171],[120.999798307000333,14.680199680000044],[120.999572620000095,14.680295191000084],[120.99938817300017,14.680390675000126],[120.999224700000013,14.680482062000181],[120.99915926000017,14.680570353000064],[120.9990852090001,14.680680300000063],[120.99904387800018,14.680776921000131],[120.999023230000034,14.680900170000086],[120.99901696500001,14.681083245000082]]]}},{"type":"Feature","properties":{"adm4_name":"Barangay 162","adm4_name1":null,"adm4_name2":null,"adm4_name3":null,"adm4_pcode":"PH1307501162","adm3_name":"Caloocan City","adm3_name1":null,"adm3_name2":null,"adm3_name3":null,"adm3_pcode":"PH1307501","adm2_name":"Metropolitan Manila Third District","adm2_name1":null,"adm2_name2":null,"adm2_name3":null,"adm2_pcode":"PH13075","adm1_name":"National Capital Region (NCR)","adm1_name1":null,"adm1_name2":null,"adm1_name3":null,"adm1_pcode":"PH13","adm0_name":"Philippines","adm0_name1":null,"adm0_name2":null,"adm0_name3":null,"adm0_pcode":"PH","valid_on":"2025-02-13","valid_to":null,"area_sqkm":0.56676963,"version":"v03","lang":"en","lang1":null,"lang2":null,"lang3":null,"adm4_ref_name":"Barangay 162","center_lat":14.6826444,"center_lon":121.00700287},"geometry":{"type":"Polygon","coordinates":[[[121.004138926000223,14.687267410000061],[121.003911305000088,14.687283396000169],[121.003744080000047,14.687272899000106],[121.00361177700006,14.687240883000072],[121.003389415000129,14.687155644000086],[121.003167849000079,14.687062874000048],[121.00292322100006,14.686941512000089],[121.002748903000224,14.686836705000076],[121.002553190000071,14.68667898800004],[121.002404308000223,14.686544752000145],[121.002264492000222,14.68639237400015],[121.002129595000156,14.686195205999979],[121.001617657000111,14.685360549000109],[121.001606537000043,14.685343126000191],[121.001441237000222,14.685167283000112],[121.00142350200008,14.685143583000126],[121.001245840000138,14.685021789000189],[121.001322135000123,14.684808246000159],[121.001520114000073,14.684850214999983],[121.002474180000149,14.68482566800003],[121.002372605000346,14.684409908000077],[121.002673498000149,14.684324404000108],[121.003461746000312,14.683167830000173],[121.003440407000085,14.682105514],[121.003374632000032,14.680734452000081],[121.003357619000099,14.680007029000024],[121.003750134000029,14.679957526000123],[121.00370285200006,14.679645694000044],[121.003698032000329,14.67948173200017],[121.003789807000203,14.679474738000124],[121.004103085000224,14.679412457000012],[121.004250139000078,14.67939595900009],[121.004734689000088,14.679365688000132],[121.005322561000185,14.678941630000054],[121.005758341000046,14.678681926000081],[121.005827303000046,14.67864614400014],[121.005975302000138,14.678524251000056],[121.006229319000113,14.678282018],[121.006341871000018,14.678158631000031],[121.006412896000029,14.678207563000171],[121.0065364740002,14.678285490000121],[121.006700593000119,14.67847222100005],[121.006765238000071,14.678549170999986],[121.006855192000103,14.678648209000016],[121.006921722000243,14.678707112000041],[121.006969149000042,14.678739977000191],[121.007078302000082,14.678787298000088],[121.007268999000075,14.678860477],[121.007355999000083,14.678893048000134],[121.007632864000129,14.678993349000166],[121.007807926000055,14.679054328000177],[121.007873057000211,14.679079205000164],[121.008017935000112,14.679131344000155],[121.008416450000141,14.679320007],[121.008446184000263,14.679335890000175],[121.008512604000089,14.679372941000111],[121.008553981000205,14.679397258000108],[121.008589675000167,14.679418530000078],[121.008618901000091,14.679441265000094],[121.00863999,14.679461662000108],[121.008658908000143,14.679486068000188],[121.008686020000027,14.67953305400016],[121.008928789000151,14.679978940000069],[121.008933749000221,14.679986707000126],[121.009031127000071,14.680139365000116],[121.009082762000048,14.680197754000062],[121.009127749000072,14.680255537000164],[121.009270153000102,14.680431725000176],[121.009303682000336,14.680470584000091],[121.00941509900008,14.68061529199997],[121.009733791000144,14.681054763000191],[121.009793922000085,14.681135764000089],[121.009829395000224,14.681200115000138],[121.009865306000052,14.681307177000122],[121.010244667000165,14.681219342000077],[121.010332105000089,14.681332439000073],[121.010351434000199,14.681368659000043],[121.010367193000093,14.681402647000027],[121.01037816500002,14.681441447000054],[121.010381902000063,14.681483004000029],[121.010430216000145,14.681973783000046],[121.01047399100014,14.682408702000032],[121.010475327000222,14.68244290500013],[121.010633689000201,14.682845892000159],[121.010461918000033,14.683000873000083],[121.010087386,14.683380001000046],[121.009944440000027,14.683482984000136],[121.009698564000018,14.683633559000043],[121.009496338000076,14.683781837000083],[121.009315135000179,14.683914368000103],[121.009159999000076,14.684045901000047],[121.008900500000209,14.684276412000031],[121.008576901000197,14.684598224000013],[121.008442676000186,14.684778589000132],[121.008294908000039,14.684936271000026],[121.008143052000037,14.685000982000133],[121.007988037000132,14.685049290000052],[121.007827675000158,14.685118939],[121.00776769200013,14.685165918999985],[121.00770054800023,14.685199222],[121.007590269000048,14.685320445000173],[121.007476711000095,14.685438086000033],[121.007377631000054,14.685553110000171],[121.007234208000341,14.685667464],[121.00704363400007,14.685828321000088],[121.006863547000194,14.685988639000072],[121.006774927000265,14.686070241000039],[121.006683442000053,14.686129997000023],[121.006556565000324,14.686232400000051],[121.00637789800021,14.686354851000146],[121.006160000000136,14.686440746000073],[121.005922781000095,14.68653044500013],[121.005630377000102,14.686630957999967],[121.005291322000176,14.686757741000065],[121.004960756000173,14.686956686000144],[121.004675463000126,14.687113374000091],[121.004497485000115,14.687179748000119],[121.0043180790002,14.687246274000074],[121.004138926000223,14.687267410000061]]]}},{"type":"Feature","properties":{"adm4_name":"Barangay 163","adm4_name1":null,"adm4_name2":null,"adm4_name3":null,"adm4_pcode":"PH1307501163","adm3_name":"Caloocan City","adm3_name1":null,"adm3_name2":null,"adm3_name3":null,"adm3_pcode":"PH1307501","adm2_name":"Metropolitan Manila Third District","adm2_name1":null,"adm2_name2":null,"adm2_name3":null,"adm2_pcode":"PH13075","adm1_name":"National Capital Region (NCR)","adm1_name1":null,"adm1_name2":null,"adm1_name3":null,"adm1_pcode":"PH13","adm0_name":"Philippines","adm0_name1":null,"adm0_name2":null,"adm0_name3":null,"adm0_pcode":"PH","valid_on":"2025-02-13","valid_to":null,"area_sqkm":0.59469404,"version":"v03","lang":"en","lang1":null,"lang2":null,"lang3":null,"adm4_ref_name":"Barangay 163","center_lat":14.68039269,"center_lon":121.01246052},"geometry":{"type":"Polygon","coordinates":[[[121.018058067000197,14.685802949000163],[121.017864355000142,14.685907409000095],[121.01762955300012,14.6858092330001],[121.017391264000025,14.685731818000022],[121.016986119000308,14.685635350000041],[121.016907551000031,14.685868766000169],[121.016424769000082,14.685783701000162],[121.01636145000009,14.685805530000096],[121.016284213000176,14.685827329],[121.016212545000258,14.685783772000036],[121.016118231000064,14.68568864700012],[121.015978710000013,14.685593408000102],[121.015925204000041,14.685586393000165],[121.015444987000024,14.685810302000107],[121.014980738000077,14.685249005000117],[121.014204360000122,14.685386647000144],[121.014170244000297,14.685395762000098],[121.013828845000035,14.685491509000144],[121.01372096800003,14.685534774000075],[121.013757394000095,14.68546826000005],[121.013797786000055,14.68539617700003],[121.01382597700001,14.685311718999969],[121.013858069000094,14.685229150000168],[121.013881974000242,14.685144006000087],[121.013897763000045,14.68505664700001],[121.01391744700004,14.684955541000022],[121.01392512100017,14.684868462000168],[121.013924870000096,14.684804796000037],[121.013920503,14.684751083000151],[121.013884264000126,14.684666866000043],[121.01383440900031,14.68460358800013],[121.013778750000029,14.684553552000068],[121.013647471000127,14.684443624000039],[121.013419989000113,14.684307984000156],[121.013286252000171,14.684224989000143],[121.013212343000191,14.684178579000047],[121.013157591000095,14.684116452000126],[121.013099734000207,14.684021837000046],[121.012980379000169,14.683786744000031],[121.0129309470002,14.683661406000112],[121.012921286000164,14.683594243000186],[121.012927668000202,14.683512372000052],[121.012916114000063,14.683432007000079],[121.012876730000016,14.683353637000153],[121.012796055000194,14.683250531000169],[121.012740489000066,14.68317769700019],[121.012718585000016,14.683097164000174],[121.012673576000111,14.68299199400019],[121.012623851000171,14.682903717000045],[121.012538101000018,14.682803611000111],[121.012430403000167,14.682682371000055],[121.012324454,14.682580098000187],[121.012258875000157,14.682514642000115],[121.012166244000014,14.682426649000035],[121.012091476000251,14.682371404000151],[121.011996585000134,14.682305808000081],[121.011906868000096,14.682258684999965],[121.011792796,14.682219488000044],[121.011713842000063,14.682227325000042],[121.011591482000085,14.682243165000102],[121.011445162000086,14.682269634000079],[121.011295104000055,14.682319350000114],[121.011169053000231,14.682366455000022],[121.010974535000287,14.682468940000035],[121.010773169000117,14.682637102000115],[121.010633689000201,14.682845892000159],[121.010475327000222,14.68244290500013],[121.01047399100014,14.682408702000032],[121.010430216000145,14.681973783000046],[121.010381902000063,14.681483004000029],[121.01037816500002,14.681441447000054],[121.010367193000093,14.681402647000027],[121.010351434000199,14.681368659000043],[121.010332105000089,14.681332439000073],[121.010244667000165,14.681219342000077],[121.009865306000052,14.681307177000122],[121.009829395000224,14.681200115000138],[121.009793922000085,14.681135764000089],[121.009733791000144,14.681054763000191],[121.00941509900008,14.68061529199997],[121.009303682000336,14.680470584000091],[121.009270153000102,14.680431725000176],[121.009127749000072,14.680255537000164],[121.009082762000048,14.680197754000062],[121.009031127000071,14.680139365000116],[121.008933749000221,14.679986707000126],[121.008928789000151,14.679978940000069],[121.008686020000027,14.67953305400016],[121.008658908000143,14.679486068000188],[121.00863999,14.679461662000108],[121.008618901000091,14.679441265000094],[121.008589675000167,14.679418530000078],[121.008553981000205,14.679397258000108],[121.008512604000089,14.679372941000111],[121.008446184000263,14.679335890000175],[121.008416450000141,14.679320007],[121.008017935000112,14.679131344000155],[121.007873057000211,14.679079205000164],[121.007807926000055,14.679054328000177],[121.007632864000129,14.678993349000166],[121.007355999000083,14.678893048000134],[121.007268999000075,14.678860477],[121.007078302000082,14.678787298000088],[121.006969149000042,14.678739977000191],[121.006921722000243,14.678707112000041],[121.006855192000103,14.678648209000016],[121.006765238000071,14.678549170999986],[121.006700593000119,14.67847222100005],[121.0065364740002,14.678285490000121],[121.007164981000074,14.678028122000171],[121.007182418000184,14.678016144000026],[121.007424613000012,14.67779744700016],[121.007463650000318,14.677778128000057],[121.007513439000263,14.677761381000039],[121.007551100000114,14.677748331000032],[121.007952028000091,14.677603919000148],[121.007982853000044,14.677585372000124],[121.008050459000287,14.677537265000126],[121.008103494000011,14.677499897000075],[121.008136119000142,14.677474706],[121.008161762000213,14.677452472000141],[121.008173631000204,14.677436635000163],[121.008195154000077,14.677401332000159],[121.008285216000104,14.677231857000095],[121.00843128300005,14.676965782000025],[121.008548076000011,14.676794194000024],[121.008571372,14.676765089000185],[121.00858485900028,14.676750846000175],[121.008604864000063,14.676733403000071],[121.008631268000158,14.676713268000071],[121.008662664000099,14.676698004000059],[121.008727688000135,14.676684435000084],[121.008768055000019,14.676676408000048],[121.008810191000066,14.676667502000043],[121.008839145000024,14.676658209000038],[121.008863301000019,14.676648898000053],[121.008881836000114,14.676634894000188],[121.008913141000107,14.676601421000157],[121.009077266000077,14.676418714000022],[121.00909722200015,14.676396087000057],[121.009197602000086,14.676284069000189],[121.009313369000211,14.676153347000024],[121.009389127000077,14.676056713000037],[121.009423092000134,14.676006207000114],[121.009597468000152,14.675688911000123],[121.00962821600001,14.67563960300015],[121.009724323000228,14.675447117000033],[121.00987922600018,14.675051422000081],[121.00995148100003,14.674866849000182],[121.010218110000324,14.674963691000187],[121.010112582000147,14.675305170000115],[121.010805025000082,14.676058125000111],[121.011179805000097,14.676077444000043],[121.011073130000227,14.676349659000095],[121.011077036000188,14.676353906000031],[121.01171835800028,14.677025677000074],[121.011968417000276,14.676860673000078],[121.012696307000283,14.676378772000135],[121.012861545000078,14.676617933999978],[121.012922417000027,14.676713330999974],[121.013204939000275,14.676800512],[121.013290628000163,14.67742499700006],[121.013319465000336,14.677550275000158],[121.013278583000329,14.677678351000054],[121.012957418000155,14.678113134000057],[121.012931932000015,14.678176571000108],[121.012942866000344,14.678252199000156],[121.013184217000116,14.678491259],[121.013516576000029,14.678837078000129],[121.013537672000211,14.678849373000162],[121.013558380000291,14.678868010000031],[121.013956745000087,14.679228843000089],[121.013977712000042,14.679238679000036],[121.013999455000089,14.679256280000175],[121.01484690500024,14.680076019000069],[121.015635236000207,14.680289496000057],[121.015674559000331,14.680353659000104],[121.015726667000195,14.680611579000129],[121.016251701000101,14.680589301000055],[121.015994461000332,14.680609693000122],[121.015371451000078,14.680616881000049],[121.016210349000062,14.68186554600004],[121.016340001000117,14.682058528000027],[121.016344856000273,14.682065755],[121.016529331000015,14.682305534000022],[121.017526780000026,14.683602012],[121.018355008000185,14.684678537000025],[121.018691965000016,14.685138639000058],[121.018643161000114,14.685183559000052],[121.018608781000125,14.685322585],[121.018406576000189,14.685740322000186],[121.018259633000184,14.68576428300014],[121.018058067000197,14.685802949000163]]]}},{"type":"Feature","properties":{"adm4_name":"Barangay 164","adm4_name1":null,"adm4_name2":null,"adm4_name3":null,"adm4_pcode":"PH1307501164","adm3_name":"Caloocan City","adm3_name1":null,"adm3_name2":null,"adm3_name3":null,"adm3_pcode":"PH1307501","adm2_name":"Metropolitan Manila Third District","adm2_name1":null,"adm2_name2":null,"adm2_name3":null,"adm2_pcode":"PH13075","adm1_name":"National Capital Region (NCR)","adm1_name1":null,"adm1_name2":null,"adm1_name3":null,"adm1_pcode":"PH13","adm0_name":"Philippines","adm0_name1":null,"adm0_name2":null,"adm0_name3":null,"adm0_pcode":"PH","valid_on":"2025-02-13","valid_to":null,"area_sqkm":0.60082964,"version":"v03","lang":"en","lang1":null,"lang2":null,"lang3":null,"adm4_ref_name":"Barangay 164","center_lat":14.6885915,"center_lon":121.01796634},"geometry":{"type":"Polygon","coordinates":[[[121.018094063000149,14.692091292000043],[121.018008246000022,14.692092839000111],[121.017851405000101,14.69208522200006],[121.017651314000204,14.692053292000082],[121.017428748000043,14.692002437000099],[121.017209409000316,14.691942008000126],[121.017003296000098,14.691904972000088],[121.016784015000098,14.691863344000012],[121.016583213000217,14.691804040000079],[121.016469468000082,14.691762250000181],[121.016340131000334,14.69172275000011],[121.016205069000193,14.69171178900018],[121.016082364000226,14.691731539000045],[121.015865371000132,14.691808550000133],[121.015620077000108,14.691911679000043],[121.015414923000208,14.691997113000184],[121.015309930000058,14.692052081000099],[121.015297768000323,14.692058589000112],[121.01528213000006,14.692060544000185],[121.015266508000082,14.692054282000186],[121.015220764000219,14.692016844000136],[121.014532129000145,14.691396341000029],[121.014112433000037,14.691090322000036],[121.013886564000131,14.690901506000046],[121.013658940000141,14.690672683000173],[121.013436362000107,14.690417353000043],[121.013286179000033,14.69025887000015],[121.013204347000055,14.690162091000047],[121.013083643000186,14.690015489000189],[121.013026727000124,14.689918641000133],[121.013004631000058,14.689806324000187],[121.013003081000079,14.689661324000099],[121.013006172000132,14.689491209000153],[121.013013231000059,14.689348789000064],[121.013021706000131,14.689252749000104],[121.013037018000318,14.689160339000125],[121.013066123000158,14.68906782],[121.013113371000031,14.688951215000031],[121.013156260000073,14.688861929000097],[121.01320531600004,14.688788873000078],[121.013246318000029,14.688728026000149],[121.013391921000107,14.688583974000096],[121.013529089000144,14.688453062000121],[121.0136231580002,14.688349291000122],[121.013662741000189,14.688301369000101],[121.013694939000175,14.688245676000179],[121.013720272000228,14.688183235999986],[121.013752494000187,14.688098020000041],[121.013775539000108,14.687993348000077],[121.013819419000129,14.687742786000172],[121.013863299000036,14.68755049900011],[121.013916350000045,14.687383921000048],[121.013990524000178,14.68718076],[121.014043769000068,14.68707792400005],[121.014080910000189,14.68699443100013],[121.01409508800009,14.686927279000088],[121.014107052000213,14.686852270000031],[121.014114662000111,14.686747268000033],[121.014099128000112,14.686668908000115],[121.014032097000154,14.686556554000049],[121.013941653000302,14.686389985000062],[121.013860343000147,14.686234439000145],[121.013767696000059,14.686032573000148],[121.013727050000057,14.685926374000132],[121.01370268200003,14.685820699000033],[121.01368241900002,14.685736365000139],[121.013678393000191,14.685671734000039],[121.013684497000213,14.685607161000121],[121.01372096800003,14.685534774000075],[121.013828845000035,14.685491509000144],[121.014170244000297,14.685395762000098],[121.014204360000122,14.685386647000144],[121.014980738000077,14.685249005000117],[121.015444987000024,14.685810302000107],[121.015925204000041,14.685586393000165],[121.015978710000013,14.685593408000102],[121.016118231000064,14.68568864700012],[121.016212545000258,14.685783772000036],[121.016284213000176,14.685827329],[121.01636145000009,14.685805530000096],[121.016424769000082,14.685783701000162],[121.016907551000031,14.685868766000169],[121.016986119000308,14.685635350000041],[121.017391264000025,14.685731818000022],[121.01762955300012,14.6858092330001],[121.017864355000142,14.685907409000095],[121.018058067000197,14.685802949000163],[121.018259633000184,14.68576428300014],[121.018406576000189,14.685740322000186],[121.018608781000125,14.685322585],[121.018643161000114,14.685183559000052],[121.018691965000016,14.685138639000058],[121.018745701000057,14.685089179000045],[121.019126174,14.685199919000183],[121.01943460200016,14.685295241000063],[121.019391635000034,14.685426596000184],[121.019514704000017,14.685493353000084],[121.019599509000045,14.685514685000101],[121.01968691400009,14.685530788000108],[121.019806833000075,14.685544432000142],[121.020117420000133,14.685594523000134],[121.020276124000134,14.685612810000123],[121.020359344000099,14.685729675000118],[121.020351338000182,14.685785819000159],[121.020755081000061,14.686073216000011],[121.021265885000048,14.686546546000102],[121.021780527000033,14.686526265000111],[121.022070039000141,14.686963495000043],[121.022653986000023,14.687140174000035],[121.022648018000268,14.687159778000023],[121.022385503000123,14.688096614000131],[121.022410802000195,14.688335295000059],[121.022420756000088,14.688410847000114],[121.022564215000216,14.688565641000082],[121.022553433000212,14.688579530000084],[121.02254519200028,14.68859902500003],[121.022524310000335,14.688739966000071],[121.022492314000033,14.688913808000052],[121.022465362000048,14.689078414000164],[121.022438837000095,14.689242242000034],[121.022443790000239,14.689270099000112],[121.022683147000066,14.689329404000148],[121.022670239000036,14.689399482999988],[121.022836620000021,14.689447449000056],[121.02278147100003,14.689655132000098],[121.022677445000113,14.690106619000062],[121.022636712,14.690255347000118],[121.02260440200007,14.690365114000031],[121.022574491000114,14.690437151000083],[121.022569499000042,14.690449173000161],[121.022323525000161,14.690411050000137],[121.022130777000029,14.690361555000038],[121.022013448000166,14.690342098000087],[121.021876826000039,14.690329008000106],[121.021751654000013,14.690324497000177],[121.021577380000167,14.690356434000023],[121.021470146000183,14.690377929000135],[121.021371831000124,14.690410287000134],[121.021313532000022,14.690479367000023],[121.021296092000171,14.690561604000152],[121.021321558000295,14.690739378000103],[121.021346058000063,14.690864974000021],[121.021350547000111,14.690973305],[121.021338444000094,14.691071932000114],[121.021308002000069,14.69113693200012],[121.021238572000016,14.691208436000181],[121.021109436000188,14.691301610999972],[121.020936970000093,14.69135145600012],[121.020793619000074,14.691366632000154],[121.020623500000056,14.691368811000075],[121.020441743000106,14.691349525000078],[121.020254495000017,14.691312867000022],[121.020075046000215,14.69124126700018],[121.01978938700006,14.69118906],[121.019486810000217,14.691154353000059],[121.019289626000045,14.691166322000072],[121.019205643000078,14.691167346000157],[121.019054838000329,14.69121956400005],[121.018919649000054,14.691300167000065],[121.018858432000115,14.691371052000136],[121.018805890000181,14.691458336000096],[121.018747316000145,14.691543483000089],[121.018670826000175,14.691635089000044],[121.018561597000144,14.691756287000146],[121.018455930000187,14.691863524000041],[121.018367449000039,14.691946821999977],[121.018291695000016,14.692003408000062],[121.018219663000082,14.692048702000079],[121.018150061000028,14.692074322000053],[121.018094063000149,14.692091292000043]]]}},{"type":"Feature","properties":{"adm4_name":"Barangay 165","adm4_name1":null,"adm4_name2":null,"adm4_name3":null,"adm4_pcode":"PH1307501165","adm3_name":"Caloocan City","adm3_name1":null,"adm3_name2":null,"adm3_name3":null,"adm3_pcode":"PH1307501","adm2_name":"Metropolitan Manila Third District","adm2_name1":null,"adm2_name2":null,"adm2_name3":null,"adm2_pcode":"PH13075","adm1_name":"National Capital Region (NCR)","adm1_name1":null,"adm1_name2":null,"adm1_name3":null,"adm1_pcode":"PH13","adm0_name":"Philippines","adm0_name1":null,"adm0_name2":null,"adm0_name3":null,"adm0_pcode":"PH","valid_on":"2025-02-13","valid_to":null,"area_sqkm":0.93681931,"version":"v03","lang":"en","lang1":null,"lang2":null,"lang3":null,"adm4_ref_name":"Barangay 165","center_lat":14.7193724,"center_lon":121.00411047},"geometry":{"type":"Polygon","coordinates":[[[121.00368672400009,14.727891155000179],[121.003521134000039,14.727911802],[121.003402525000297,14.727901773000156],[121.003303999000195,14.727885675000039],[121.003222612000059,14.727865244000043],[121.003159293000067,14.727840254000114],[121.00310693900019,14.727811743000188],[121.003087440000058,14.727737689000094],[121.003042857000082,14.727493412],[121.003011754000227,14.727448111000115],[121.002732569000159,14.725909834999982],[121.002711402000045,14.725734150000108],[121.002407443000038,14.724225254000146],[121.002569382000047,14.724157351000144],[121.0025027920002,14.72385165500009],[121.002427524000041,14.72342873100007],[121.002336509000202,14.72311099000018],[121.002247884000099,14.722867021000127],[121.002147285000206,14.722638889000109],[121.002067589000035,14.722553626000035],[121.00213335900014,14.722273490000134],[121.002199044000122,14.721774526000047],[121.002215280000087,14.721685083000011],[121.00228397900014,14.721538523000163],[121.002284738000071,14.721536585000024],[121.002271292000046,14.721530863000055],[121.002248190000273,14.721520635000104],[121.002235602000155,14.721515128000078],[121.001988494000102,14.721399428000097],[121.001934999000014,14.721373223000171],[121.00183568100033,14.721324718000176],[121.001805398000101,14.721303017000025],[121.001714773000117,14.721222820000094],[121.001517942000078,14.721047791000046],[121.001356738000027,14.720907806000127],[121.001283213000079,14.720856993000098],[121.001194653000084,14.720783459000018],[121.001169123000068,14.720756932000086],[121.000995065000097,14.720535193000103],[121.000755701000116,14.72044511200005],[121.000959248000072,14.719956585000034],[121.000712249000117,14.719817457000033],[121.000952165000058,14.71947116299998],[121.00064042300005,14.719273642000076],[121.000265950000085,14.719042462000118],[121.000538284000186,14.718686738000031],[121.000640151000198,14.717196227000045],[121.002032163000081,14.715567851000174],[121.001553518000037,14.715196918000117],[121.00109272300017,14.714861036],[121.000663967000037,14.714548508000121],[121.000541311,14.714453836000075],[121.000482809000118,14.714420342000153],[121.000381497000149,14.714347684000188],[121.000245515000074,14.714251075999982],[121.0004169030002,14.714180548000058],[121.000467578000212,14.714168870000151],[121.000539892,14.714154854000014],[121.000607270000046,14.714133924000066],[121.000830086000178,14.714073682000048],[121.00103105300002,14.714011208000045],[121.001169376,14.713961900000072],[121.001551856000219,14.713807281000129],[121.00200342800008,14.713607534000062],[121.002693885000099,14.713302118000172],[121.002796359000058,14.713257832000068],[121.002818609000087,14.713250997000102],[121.002921551000099,14.71322025600017],[121.003046918000109,14.713198948000183],[121.003100047000316,14.713187135000169],[121.003146032000132,14.713168316000122],[121.003203247000329,14.713154699000143],[121.003274642000292,14.713136550000172],[121.003345999000089,14.713136946000191],[121.003467685000032,14.713149667000096],[121.003509127000029,14.713153636000129],[121.003538123000112,14.713153612000156],[121.003558828000223,14.713152261000118],[121.003585057000123,14.713138910000168],[121.00362782600007,14.713101590000122],[121.003737893000334,14.712975371000084],[121.003795468000021,14.712891959000103],[121.003833743000087,14.712815332000048],[121.003901951000103,14.712837348999983],[121.00397316100009,14.712848010000073],[121.00402924700029,14.712852037000175],[121.004089375000149,14.712856065000153],[121.004151748000027,14.712863826000159],[121.004217005000214,14.712870519000091],[121.004277656000113,14.712871713000027],[121.004414086000111,14.71287524100012],[121.004581977000043,14.712873048],[121.00479754800017,14.712785594000081],[121.00502945400001,14.712714725000183],[121.005250924000052,14.712657283000055],[121.005839827000045,14.712437606000037],[121.00616023300006,14.712324389],[121.006636797000056,14.712240762000135],[121.00670956700003,14.712159549000035],[121.006897168000023,14.712262612000131],[121.007016636000117,14.712298432000068],[121.007172213000104,14.712309368000092],[121.007281056000011,14.71229578700013],[121.007534627000041,14.712004198000102],[121.007633462000172,14.712010787],[121.007702382000048,14.712150819000044],[121.007752885000059,14.712233039000125],[121.008309964000205,14.711934345000088],[121.008834498000056,14.711963953000065],[121.009152041000107,14.710862811000084],[121.009642841000073,14.710948394000127],[121.009611638000024,14.711069899000165],[121.009486935000155,14.711654944000145],[121.00931159400011,14.712339984000153],[121.009195963000025,14.712868786000058],[121.009092033000115,14.713504285000113],[121.009333922000224,14.713607823000189],[121.009186251000301,14.71451247300007],[121.009526536000294,14.714404326000079],[121.009647659000279,14.714501558000109],[121.009628571000121,14.714713396000093],[121.008960924,14.714913537000029],[121.008766374000288,14.714867944000048],[121.00858901100014,14.715351357000031],[121.008438208000143,14.715502599000104],[121.008413769000185,14.715760517000092],[121.008306979000054,14.715907996000169],[121.008176937000144,14.715956986000094],[121.007995552000125,14.716033943000184],[121.008017143000075,14.716170691000116],[121.007963997000047,14.71634643100009],[121.007924226000114,14.716471314000046],[121.007356175000041,14.716620256000112],[121.007464440000035,14.71702090500014],[121.006603651000091,14.716789505000179],[121.006705621000037,14.717157654000175],[121.007077386000333,14.718068301000073],[121.006450702000052,14.718106548000151],[121.006076162000113,14.718451614000116],[121.00606048800023,14.718523110000149],[121.005946299000129,14.718530460000068],[121.00598117200002,14.719031573000052],[121.006178979000197,14.71903463000001],[121.006417080000233,14.719044453000038],[121.007475126000031,14.719119933000059],[121.007384258000116,14.719574335000175],[121.007327368000233,14.719853044000047],[121.00725646900014,14.720062365000047],[121.007132960000149,14.72041531300016],[121.007000449000088,14.720810154000048],[121.006959751000068,14.721017409000012],[121.006926773000032,14.721142531000112],[121.006898376000095,14.721342284000173],[121.006896342000118,14.721396086000027],[121.006902967000201,14.721440973000085],[121.006926010000029,14.721519151000166],[121.006948374000103,14.721590999000057],[121.00697815400008,14.721746201000144],[121.006983562000073,14.721845715000029],[121.006971530000101,14.721869741000035],[121.006937385000015,14.721902372000159],[121.006753062000143,14.72205675500004],[121.006647555000086,14.72214437800011],[121.006606834000308,14.722195774999989],[121.006599386000062,14.722229637000169],[121.006604164000123,14.722360335000133],[121.006596764000051,14.722452177000093],[121.006590240000037,14.722536276000028],[121.006570997000267,14.722583574000055],[121.006551038000111,14.722608150000099],[121.006473067000343,14.722622716999979],[121.006316030000221,14.722602351999967],[121.006313391000276,14.722696912000174],[121.006242612000051,14.722863602000132],[121.006150791000323,14.7229974870001],[121.006046325000057,14.723079994000102],[121.00584718600021,14.723217235000163],[121.005452029000026,14.723522651],[121.005335187000014,14.723663200000033],[121.005241575000014,14.723736009999982],[121.004933598000093,14.724011670000095],[121.004894343000274,14.724055457000077],[121.004855249000116,14.72410058000014],[121.004641636000088,14.724408622000055],[121.004569306000121,14.724535428000081],[121.005253205000145,14.725051910000161],[121.005444003000093,14.72510534200012],[121.005356840000104,14.725337998000043],[121.005605837000189,14.725475405000111],[121.00572415900001,14.725576335000142],[121.005578631000049,14.725726857000154],[121.005664406000164,14.725790401000097],[121.005607345000158,14.72600202100017],[121.005943764000335,14.726026697000066],[121.005880360000106,14.726305596000145],[121.005665021000141,14.726915727000119],[121.005555901000093,14.727025654000045],[121.005351711000117,14.727276073000098],[121.005212495000137,14.727283656000054],[121.005168578000166,14.727256176000139],[121.005123559000026,14.727194697000073],[121.004845772000067,14.726676773000065],[121.0047020720001,14.726667670000097],[121.004573326000127,14.726730469000074],[121.004399811000212,14.72692240900011],[121.004243867000127,14.727207948000057],[121.003896546000078,14.727786102000096],[121.003813791000084,14.727853465000067],[121.00368672400009,14.727891155000179]]]}},{"type":"Feature","properties":{"adm4_name":"Barangay 166","adm4_name1":null,"adm4_name2":null,"adm4_name3":null,"adm4_pcode":"PH1307501166","adm3_name":"Caloocan City","adm3_name1":null,"adm3_name2":null,"adm3_name3":null,"adm3_pcode":"PH1307501","adm2_name":"Metropolitan Manila Third District","adm2_name1":null,"adm2_name2":null,"adm2_name3":null,"adm2_pcode":"PH13075","adm1_name":"National Capital Region (NCR)","adm1_name1":null,"adm1_name2":null,"adm1_name3":null,"adm1_pcode":"PH13","adm0_name":"Philippines","adm0_name1":null,"adm0_name2":null,"adm0_name3":null,"adm0_pcode":"PH","valid_on":"2025-02-13","valid_to":null,"area_sqkm":1.72775441,"version":"v03","lang":"en","lang1":null,"lang2":null,"lang3":null,"adm4_ref_name":"Barangay 166","center_lat":14.71791842,"center_lon":121.01076264},"geometry":{"type":"Polygon","coordinates":[[[121.019290744000159,14.727174401000184],[121.018883398000185,14.727678032000028],[121.017950894000137,14.726817658000073],[121.017067195000095,14.726258748000191],[121.016512371000204,14.726410287000022],[121.016240857000071,14.726326036000046],[121.015712214000018,14.72631319300018],[121.014740545000109,14.726268149000191],[121.014155790000018,14.72624104200014],[121.013720772000056,14.725906456000189],[121.013210854000135,14.724867145000076],[121.012554921000174,14.724676156000157],[121.012179359000015,14.724548727000183],[121.011925803000167,14.724563712000077],[121.011607865000087,14.724638711000182],[121.011201509000102,14.725057811000056],[121.010777273000144,14.725045534000174],[121.01020625600006,14.725031486999967],[121.009914897000044,14.724473631000023],[121.009513382000137,14.724424691000024],[121.009304440000051,14.724349317000019],[121.008793529000172,14.724397287999977],[121.009089617000086,14.724888685000053],[121.008280327000307,14.725523584000086],[121.008214509000027,14.725497334000067],[121.008133434000115,14.72551589],[121.007870060000073,14.725774434000073],[121.007765318000111,14.725826945000051],[121.007749918000059,14.725886911000089],[121.007291594000094,14.725995983000018],[121.0073162890003,14.726122444999987],[121.00740271400025,14.726625821000084],[121.00711509000007,14.726666826000042],[121.0068932920002,14.726699188000055],[121.006827101000113,14.726665347000164],[121.006710152000323,14.726521852000133],[121.006667223000022,14.72649164000012],[121.006596891000072,14.726472790000116],[121.006534369000065,14.726491839],[121.006577353000125,14.726878135],[121.006534246000342,14.726965198000187],[121.006479420000119,14.727014447000101],[121.005665021000141,14.726915727000119],[121.005880360000106,14.726305596000145],[121.005943764000335,14.726026697000066],[121.005607345000158,14.72600202100017],[121.005664406000164,14.725790401000097],[121.005578631000049,14.725726857000154],[121.00572415900001,14.725576335000142],[121.005605837000189,14.725475405000111],[121.005356840000104,14.725337998000043],[121.005444003000093,14.72510534200012],[121.005253205000145,14.725051910000161],[121.004569306000121,14.724535428000081],[121.004641636000088,14.724408622000055],[121.004855249000116,14.72410058000014],[121.004894343000274,14.724055457000077],[121.004933598000093,14.724011670000095],[121.005241575000014,14.723736009999982],[121.005335187000014,14.723663200000033],[121.005452029000026,14.723522651],[121.00584718600021,14.723217235000163],[121.006046325000057,14.723079994000102],[121.006150791000323,14.7229974870001],[121.006242612000051,14.722863602000132],[121.006313391000276,14.722696912000174],[121.006316030000221,14.722602351999967],[121.006473067000343,14.722622716999979],[121.006551038000111,14.722608150000099],[121.006570997000267,14.722583574000055],[121.006590240000037,14.722536276000028],[121.006596764000051,14.722452177000093],[121.006604164000123,14.722360335000133],[121.006599386000062,14.722229637000169],[121.006606834000308,14.722195774999989],[121.006647555000086,14.72214437800011],[121.006753062000143,14.72205675500004],[121.006937385000015,14.721902372000159],[121.006971530000101,14.721869741000035],[121.006983562000073,14.721845715000029],[121.00697815400008,14.721746201000144],[121.006948374000103,14.721590999000057],[121.006926010000029,14.721519151000166],[121.006902967000201,14.721440973000085],[121.006896342000118,14.721396086000027],[121.006898376000095,14.721342284000173],[121.006926773000032,14.721142531000112],[121.006959751000068,14.721017409000012],[121.007000449000088,14.720810154000048],[121.007132960000149,14.72041531300016],[121.00725646900014,14.720062365000047],[121.007327368000233,14.719853044000047],[121.007384258000116,14.719574335000175],[121.007475126000031,14.719119933000059],[121.006417080000233,14.719044453000038],[121.006178979000197,14.71903463000001],[121.00598117200002,14.719031573000052],[121.005946299000129,14.718530460000068],[121.00606048800023,14.718523110000149],[121.006076162000113,14.718451614000116],[121.006450702000052,14.718106548000151],[121.007077386000333,14.718068301000073],[121.006705621000037,14.717157654000175],[121.006603651000091,14.716789505000179],[121.007464440000035,14.71702090500014],[121.007356175000041,14.716620256000112],[121.007924226000114,14.716471314000046],[121.007963997000047,14.71634643100009],[121.008017143000075,14.716170691000116],[121.007995552000125,14.716033943000184],[121.008176937000144,14.715956986000094],[121.008306979000054,14.715907996000169],[121.008413769000185,14.715760517000092],[121.008438208000143,14.715502599000104],[121.00858901100014,14.715351357000031],[121.008766374000288,14.714867944000048],[121.008960924,14.714913537000029],[121.009628571000121,14.714713396000093],[121.009647659000279,14.714501558000109],[121.009526536000294,14.714404326000079],[121.009186251000301,14.71451247300007],[121.009333922000224,14.713607823000189],[121.009092033000115,14.713504285000113],[121.009195963000025,14.712868786000058],[121.00931159400011,14.712339984000153],[121.009486935000155,14.711654944000145],[121.009611638000024,14.711069899000165],[121.009642841000073,14.710948394000127],[121.009818002000088,14.710263767000072],[121.009839589000194,14.710166837000031],[121.009899687000029,14.709875417000092],[121.009901612000249,14.70986654800015],[121.010483699000019,14.709070783000129],[121.01136295900028,14.70798717200006],[121.012448379000034,14.708994707000045],[121.012223515000073,14.709475086000054],[121.012683442000025,14.709785618000183],[121.01467144500009,14.709301057000175],[121.014780903000087,14.709781858000042],[121.014809635,14.709835197000132],[121.014803477000214,14.709843326000168],[121.0147549510001,14.709884087000091],[121.014529792000076,14.710004431000073],[121.014141587000154,14.71092835900015],[121.014141587000154,14.71113022600008],[121.014351218000343,14.711545605000083],[121.014560655000196,14.712077194000074],[121.014654204000067,14.712647093999976],[121.01477436100015,14.713063488000159],[121.014813182000012,14.71392142100018],[121.014518146000114,14.713917539000022],[121.014470689000063,14.714330269000072],[121.014241296000137,14.71488368100006],[121.01412373200003,14.715316661000145],[121.014014770000017,14.715568993999966],[121.013954554000065,14.715692293000131],[121.013759569000172,14.715936024000143],[121.013588395000056,14.716207950000069],[121.013584513000069,14.716359350000175],[121.013646625000092,14.71645640100013],[121.013984364000066,14.716600037000092],[121.01415905600004,14.71694554000004],[121.01438033300019,14.716844606],[121.014500677000228,14.717768535000175],[121.014543379000202,14.71852941700007],[121.014430800000014,14.719158309000022],[121.014609374000088,14.719173837000085],[121.014822887000037,14.719216540000161],[121.015125687000022,14.719294181000123],[121.015158038000095,14.719300651000083],[121.015199446000224,14.719106549],[121.01522920900004,14.719115607000049],[121.01539743100011,14.719115607000049],[121.015410371000144,14.71902761399997],[121.015438314000107,14.719022125000151],[121.015555301000063,14.718999145],[121.015795988000036,14.71902761399997],[121.015869986000098,14.719378829000163],[121.015882687000158,14.719439110999986],[121.017206467000051,14.719454639000048],[121.017550142000346,14.719474952000041],[121.017698302000213,14.719483709000144],[121.017698302000213,14.719753651000076],[121.017698302000213,14.719868512000119],[121.017971873000192,14.719868512000119],[121.018010955000022,14.719868512000119],[121.018011736000176,14.719895076000171],[121.01801997400014,14.720175152000081],[121.018053172,14.720174209000106],[121.018167868000091,14.720174209000106],[121.018167868000091,14.720206707000102],[121.018307416000084,14.720206707000102],[121.018307416000084,14.720275525000091],[121.018347560000052,14.720275525000091],[121.018347560000052,14.720403603000079],[121.018345168000224,14.720437972000127],[121.018347560000052,14.720487714000171],[121.018415406000031,14.720486546000075],[121.018424929000162,14.72060578300011],[121.018482949000031,14.720627541000113],[121.018707777000145,14.720591278000029],[121.018860079000092,14.720540511000024],[121.018918099000075,14.720671056000072],[121.019012382000028,14.720979287000091],[121.019124796000256,14.720997419000184],[121.019127431000015,14.721109420000118],[121.019128693000312,14.722509719000072],[121.019614326000124,14.723312448000115],[121.019913058000157,14.723443652000128],[121.020214884000211,14.724787652000145],[121.020184715000141,14.72516312700003],[121.019607171000075,14.725275810000028],[121.019667771000172,14.725731658000086],[121.019685091000156,14.725999247000118],[121.019361324000101,14.727061146000153],[121.019290744000159,14.727174401000184]]]}},{"type":"Feature","properties":{"adm4_name":"Barangay 167","adm4_name1":null,"adm4_name2":null,"adm4_name3":null,"adm4_pcode":"PH1307501167","adm3_name":"Caloocan City","adm3_name1":null,"adm3_name2":null,"adm3_name3":null,"adm3_pcode":"PH1307501","adm2_name":"Metropolitan Manila Third District","adm2_name1":null,"adm2_name2":null,"adm2_name3":null,"adm2_pcode":"PH13075","adm1_name":"National Capital Region (NCR)","adm1_name1":null,"adm1_name2":null,"adm1_name3":null,"adm1_pcode":"PH13","adm0_name":"Philippines","adm0_name1":null,"adm0_name2":null,"adm0_name3":null,"adm0_pcode":"PH","valid_on":"2025-02-13","valid_to":null,"area_sqkm":2.87269362,"version":"v03","lang":"en","lang1":null,"lang2":null,"lang3":null,"adm4_ref_name":"Barangay 167","center_lat":14.73470249,"center_lon":121.01176647},"geometry":{"type":"Polygon","coordinates":[[[121.007311366000181,14.745455621000019],[121.00704788100029,14.745780776],[121.007002674000205,14.745588290000114],[121.006827063000173,14.743051526000158],[121.00588434000008,14.742625509000163],[121.006103936000045,14.742231159000028],[121.006243174000019,14.741988251],[121.005897730000129,14.741810126000132],[121.005867695,14.741565365000042],[121.00579863400003,14.741289292000033],[121.005756806000136,14.741107512999974],[121.005721124000047,14.740930415000093],[121.005686501000127,14.74075562500019],[121.005649074000075,14.740568222000036],[121.00561597,14.740395713000055],[121.0056108550001,14.740376143000049],[121.005558117000305,14.740039691999982],[121.00543168500019,14.739457837000089],[121.004754075000051,14.738388644000167],[121.004701068000031,14.738295739000023],[121.004521710000063,14.737997138000139],[121.004341660000136,14.737664530000131],[121.004204547000086,14.737298345000113],[121.004628721000017,14.737345628000014],[121.004565038000123,14.737009589000024],[121.004567278000309,14.736987334000048],[121.004583340000067,14.73696284000016],[121.004781198000046,14.736911723000105],[121.004799601000059,14.736896140000169],[121.004802208000228,14.736860470000011],[121.004746389000161,14.73662257899997],[121.004705785000169,14.736393970000165],[121.004664968000043,14.736187070000085],[121.004622377000032,14.735973329000103],[121.004585009000266,14.735781761000055],[121.00457794700003,14.735760238000125],[121.00455778900016,14.735625304000166],[121.004487782000297,14.735623978000035],[121.004412284000068,14.735637256000075],[121.004299446000346,14.73568598300011],[121.004142530000195,14.735727165000128],[121.003936552000027,14.735796133000179],[121.00386246000005,14.735828233000177],[121.003782846000036,14.73589852900011],[121.003681420000021,14.735965333000138],[121.003575487000035,14.736015737000059],[121.003427560000205,14.736097341000061],[121.003175891000069,14.736068310000064],[121.003213941000013,14.73604656700013],[121.003249274000154,14.735984056000177],[121.00323568400006,14.735940570000139],[121.003192199000182,14.735888931000034],[121.003121534000229,14.735848163000014],[121.00309435500003,14.735774780999975],[121.003122893000068,14.735718611000152],[121.003166379000163,14.735685997000132],[121.003238402000306,14.735698679999985],[121.003336245000014,14.735725859000013],[121.003390603000071,14.735714987000051],[121.003453114000308,14.735695962000136],[121.003499317000319,14.735679655000126],[121.003540085000168,14.735622580000097],[121.003510189000167,14.735486687000162],[121.003480292000063,14.735383408000018],[121.003488899000217,14.735301872000036],[121.003510189000167,14.735190439000121],[121.003556393000054,14.735049110000091],[121.00361075,14.734997471000156],[121.003697722000084,14.734973010000033],[121.003776540000104,14.734994753000137],[121.003802357000041,14.734916138000074],[121.004038315000116,14.733921723000151],[121.004252090000023,14.732930709000073],[121.004579751000051,14.731695912000134],[121.004637391000188,14.731405021000114],[121.004987930000084,14.729628423],[121.004145384000026,14.72933670600014],[121.003886135000016,14.728590187000066],[121.003693989000112,14.727896178000151],[121.00368672400009,14.727891155000179],[121.003813791000084,14.727853465000067],[121.003896546000078,14.727786102000096],[121.004243867000127,14.727207948000057],[121.004399811000212,14.72692240900011],[121.004573326000127,14.726730469000074],[121.0047020720001,14.726667670000097],[121.004845772000067,14.726676773000065],[121.005123559000026,14.727194697000073],[121.005168578000166,14.727256176000139],[121.005212495000137,14.727283656000054],[121.005351711000117,14.727276073000098],[121.005555901000093,14.727025654000045],[121.005665021000141,14.726915727000119],[121.006479420000119,14.727014447000101],[121.006534246000342,14.726965198000187],[121.006577353000125,14.726878135],[121.006534369000065,14.726491839],[121.006596891000072,14.726472790000116],[121.006667223000022,14.72649164000012],[121.006710152000323,14.726521852000133],[121.006827101000113,14.726665347000164],[121.0068932920002,14.726699188000055],[121.00711509000007,14.726666826000042],[121.00740271400025,14.726625821000084],[121.0073162890003,14.726122444999987],[121.007291594000094,14.725995983000018],[121.007749918000059,14.725886911000089],[121.007765318000111,14.725826945000051],[121.007870060000073,14.725774434000073],[121.008133434000115,14.72551589],[121.008214509000027,14.725497334000067],[121.008280327000307,14.725523584000086],[121.009089617000086,14.724888685000053],[121.008793529000172,14.724397287999977],[121.009304440000051,14.724349317000019],[121.009513382000137,14.724424691000024],[121.009914897000044,14.724473631000023],[121.01020625600006,14.725031486999967],[121.010777273000144,14.725045534000174],[121.011201509000102,14.725057811000056],[121.011607865000087,14.724638711000182],[121.011925803000167,14.724563712000077],[121.012179359000015,14.724548727000183],[121.012554921000174,14.724676156000157],[121.013210854000135,14.724867145000076],[121.013720772000056,14.725906456000189],[121.014155790000018,14.72624104200014],[121.014740545000109,14.726268149000191],[121.015712214000018,14.72631319300018],[121.016240857000071,14.726326036000046],[121.016512371000204,14.726410287000022],[121.017067195000095,14.726258748000191],[121.017950894000137,14.726817658000073],[121.018883398000185,14.727678032000028],[121.019290744000159,14.727174401000184],[121.019361324000101,14.727061146000153],[121.019685091000156,14.725999247000118],[121.019667771000172,14.725731658000086],[121.019607171000075,14.725275810000028],[121.020184715000141,14.72516312700003],[121.020214884000211,14.724787652000145],[121.021479164000198,14.724541330000022],[121.021997548000058,14.724420535000036],[121.022211619000132,14.724352971000144],[121.022313323000049,14.724255672000027],[121.022237235000148,14.724132931000042],[121.02224723300003,14.72413129500012],[121.022999478000088,14.724008266000169],[121.023252101000026,14.724047667000093],[121.023353206000024,14.724037700999986],[121.023438921000093,14.724156096000115],[121.023504573000196,14.72424391100003],[121.023607564000258,14.724360695000087],[121.023708820000138,14.724457787000119],[121.024067728000318,14.724791067000183],[121.024110178000115,14.724823569000023],[121.024186834000034,14.72486834100016],[121.024338084000306,14.724945356000035],[121.024602581000067,14.725084809000123],[121.024742920000222,14.725164389000156],[121.024965458000338,14.725281094000138],[121.025473726000087,14.725562341000057],[121.025548474000061,14.725601739000069],[121.025584281000079,14.725623835000135],[121.025597624000056,14.725648498000169],[121.025599499,14.725670469000079],[121.025596130000167,14.725694188000034],[121.025484668000104,14.725792901000091],[121.024886560000027,14.726241414000185],[121.024474032000057,14.726543672000162],[121.024346517000026,14.72663673],[121.024130270000342,14.726786395000033],[121.024051703000168,14.726824795000027],[121.023895967000044,14.726901940000118],[121.023763536000047,14.726947560000156],[121.023807902000158,14.727136340000129],[121.023811607000198,14.727326485000162],[121.023819340000045,14.728058825000176],[121.023839799000029,14.728499939000073],[121.024376517000064,14.728564437999978],[121.024899439000137,14.728532687000154],[121.02622533300007,14.728462440000101],[121.026442063000218,14.728549871000155],[121.027667246000078,14.72886524400019],[121.028136006000182,14.727949864000152],[121.0290289940001,14.728308590000154],[121.029020552000134,14.728471387000013],[121.028983787000016,14.72918034800017],[121.028787367000291,14.729425610000021],[121.027932971000155,14.729851434000068],[121.027360843000224,14.730136578000042],[121.027321627000333,14.730574770000089],[121.02731128400012,14.730949305000081],[121.027309090000131,14.731214769000189],[121.026967487000206,14.731214131000115],[121.026855193000074,14.731421732000172],[121.026627561000282,14.73142421],[121.026156314000104,14.731378083000038],[121.025963253000214,14.730893775000084],[121.025967245000061,14.730484002000026],[121.02549473900001,14.729935331000036],[121.025085985000146,14.729878730000053],[121.02396991500018,14.730038634000095],[121.023612401000037,14.730089857],[121.02340811900001,14.729874655000117],[121.022995601000162,14.729897605000076],[121.021979501000146,14.729343053000036],[121.02136792400006,14.730577014000062],[121.021515672000191,14.73112919700003],[121.020834501000081,14.731674970000142],[121.020833282000012,14.731675947000156],[121.020796263000079,14.731842110000116],[121.020706084000039,14.731879405000086],[121.02055761500003,14.731829777000087],[121.020254463000015,14.731761426000048],[121.020022150000045,14.731767657000091],[121.019313250000209,14.732419008000079],[121.01935472300022,14.732804277000071],[121.019473301000062,14.733251560000042],[121.019481696000298,14.733282188000089],[121.019490298000164,14.733314908000125],[121.019609374000197,14.733647607000023],[121.01978089000022,14.73389676100004],[121.019920863000152,14.734013187000073],[121.019754580000154,14.734488834999979],[121.019569078000245,14.735019453],[121.019640694000145,14.735115179000161],[121.019971513000087,14.735563803000105],[121.020212469000057,14.735890648000066],[121.021223453000061,14.73616328900016],[121.021216202000119,14.736259315000098],[121.021212551000076,14.736327496000172],[121.021217525000111,14.736428823000097],[121.021261910000021,14.736515071000156],[121.021370328000103,14.736625037000181],[121.021236253000097,14.73675205800015],[121.021010522000097,14.736986038000111],[121.020913879000091,14.737085162000142],[121.020772827000087,14.737016153000013],[121.02065656700006,14.736876362000089],[121.020462017000114,14.736628097000107],[121.020375935000175,14.73662491400006],[121.020199895000133,14.736421596000127],[121.01949898700002,14.736353143000088],[121.019259748000081,14.736329778000027],[121.019102599000121,14.736600293000095],[121.019094228000085,14.736896369000078],[121.019156914000064,14.737222747000089],[121.019203908,14.737314840000124],[121.019014722000065,14.737314831000049],[121.018882313000177,14.737295187000029],[121.01878941800021,14.737242816000048],[121.018696607000265,14.737162245000036],[121.018661123000015,14.737139921000164],[121.018572513000095,14.736970161000158],[121.018546706000052,14.736960801000066],[121.018396555000095,14.736906340000075],[121.01819782400014,14.737291072000119],[121.018011746000184,14.737236732000099],[121.017720562000022,14.737230723000039],[121.01709664100008,14.737193982000122],[121.01712449300021,14.736996393000027],[121.016718772000104,14.736773728000117],[121.016376267000169,14.736462115000052],[121.016338772000154,14.736268885000015],[121.016036966000229,14.736277271000176],[121.01577839000015,14.737197410000022],[121.014454608000051,14.736547895],[121.014586263000183,14.736119455999983],[121.013633754000011,14.735725349000177],[121.012823097000137,14.737500382000064],[121.012539492000201,14.738068345000045],[121.012758567000105,14.738287119000063],[121.012258048000035,14.738612728000078],[121.011982776000309,14.738722348000067],[121.011481092000054,14.739348417000087],[121.011341599000161,14.739428878000069],[121.011202051000282,14.739424159000123],[121.010848288000034,14.739609738000127],[121.010850975000039,14.739707344000067],[121.010882954000067,14.74008075200004],[121.010825239000042,14.740071142000147],[121.010569332000046,14.740027066000039],[121.01049690100001,14.740037476000168],[121.010446246000015,14.740065497000103],[121.010384737000209,14.740111096000078],[121.010119654000164,14.740294433000031],[121.010051950000047,14.740338731000122],[121.009982004000108,14.740380959000106],[121.009938257000044,14.740416865000043],[121.009896676000039,14.740442234999989],[121.009850442000129,14.740466612000148],[121.009806775000129,14.740484249000133],[121.009744860000069,14.740501898000048],[121.009697462000076,14.740505429000109],[121.009650029000113,14.740508962000092],[121.009576974000083,14.740498352000145],[121.009563822000018,14.740505926000026],[121.009481738000318,14.7405054030001],[121.009378141000184,14.740535015000034],[121.008992975000297,14.740640204000158],[121.008861232000186,14.740678672000115],[121.008817299000157,14.740695798000104],[121.008767578000061,14.740738639000028],[121.008738083000026,14.740795166000169],[121.008773110000106,14.740855360000182],[121.008787010000219,14.74094481100019],[121.008797041000093,14.74102659700003],[121.008806895000021,14.741055082000173],[121.008836262000045,14.741074038000136],[121.008881302000077,14.741089194000153],[121.008914657000219,14.741108183000051],[121.008948121000117,14.741146180000101],[121.008969774000093,14.741203083000073],[121.008979634000184,14.741275026000096],[121.008985559000052,14.741350601000022],[121.008985581000047,14.741388333000145],[121.008979732000171,14.741422269000111],[121.008958264000171,14.741480676000037],[121.008958292000216,14.741508884000041],[121.008958324000218,14.74154270400004],[121.008960316000184,14.741583993000177],[121.009032525000066,14.741740898999979],[121.009184683000171,14.742403879000108],[121.009326627000064,14.742445275000023],[121.009319369000082,14.742609581000124],[121.009276469000156,14.74289047200017],[121.009127083000067,14.743158020000067],[121.008715459000086,14.743405250000137],[121.008608437000134,14.744130309000184],[121.008552967000128,14.744507952000049],[121.008549125000172,14.744533214],[121.008165730000201,14.744601701000079],[121.007925369000077,14.744766222000123],[121.00769865600023,14.744807186000116],[121.007390478000161,14.745364962999986],[121.007311366000181,14.745455621000019]]]}},{"type":"Feature","properties":{"adm4_name":"Barangay 168","adm4_name1":null,"adm4_name2":null,"adm4_name3":null,"adm4_pcode":"PH1307501168","adm3_name":"Caloocan City","adm3_name1":null,"adm3_name2":null,"adm3_name3":null,"adm3_pcode":"PH1307501","adm2_name":"Metropolitan Manila Third District","adm2_name1":null,"adm2_name2":null,"adm2_name3":null,"adm2_pcode":"PH13075","adm1_name":"National Capital Region (NCR)","adm1_name1":null,"adm1_name2":null,"adm1_name3":null,"adm1_pcode":"PH13","adm0_name":"Philippines","adm0_name1":null,"adm0_name2":null,"adm0_name3":null,"adm0_pcode":"PH","valid_on":"2025-02-13","valid_to":null,"area_sqkm":2.15827493,"version":"v03","lang":"en","lang1":null,"lang2":null,"lang3":null,"adm4_ref_name":"Barangay 168","center_lat":14.74035957,"center_lon":121.02134203},"geometry":{"type":"Polygon","coordinates":[[[121.009328485000196,14.746232010000085],[121.009047154000086,14.746677317000035],[121.008324689000119,14.746281147000104],[121.008268545000078,14.746169179000105],[121.008110360000046,14.746066001000088],[121.00778249300015,14.746009290000131],[121.007592917000125,14.746043820000125],[121.007183954000084,14.746071741000037],[121.006770872000061,14.745995157000095],[121.006886343000247,14.745909577000134],[121.00704788100029,14.745780776],[121.007311366000181,14.745455621000019],[121.007390478000161,14.745364962999986],[121.00769865600023,14.744807186000116],[121.007925369000077,14.744766222000123],[121.008165730000201,14.744601701000079],[121.008549125000172,14.744533214],[121.008552967000128,14.744507952000049],[121.008608437000134,14.744130309000184],[121.008715459000086,14.743405250000137],[121.009127083000067,14.743158020000067],[121.009276469000156,14.74289047200017],[121.009319369000082,14.742609581000124],[121.009326627000064,14.742445275000023],[121.009184683000171,14.742403879000108],[121.009032525000066,14.741740898999979],[121.008960316000184,14.741583993000177],[121.008958324000218,14.74154270400004],[121.008958292000216,14.741508884000041],[121.008958264000171,14.741480676000037],[121.008979732000171,14.741422269000111],[121.008985581000047,14.741388333000145],[121.008985559000052,14.741350601000022],[121.008979634000184,14.741275026000096],[121.008969774000093,14.741203083000073],[121.008948121000117,14.741146180000101],[121.008914657000219,14.741108183000051],[121.008881302000077,14.741089194000153],[121.008836262000045,14.741074038000136],[121.008806895000021,14.741055082000173],[121.008797041000093,14.74102659700003],[121.008787010000219,14.74094481100019],[121.008773110000106,14.740855360000182],[121.008738083000026,14.740795166000169],[121.008767578000061,14.740738639000028],[121.008817299000157,14.740695798000104],[121.008861232000186,14.740678672000115],[121.008992975000297,14.740640204000158],[121.009378141000184,14.740535015000034],[121.009481738000318,14.7405054030001],[121.009563822000018,14.740505926000026],[121.009576974000083,14.740498352000145],[121.009650029000113,14.740508962000092],[121.009697462000076,14.740505429000109],[121.009744860000069,14.740501898000048],[121.009806775000129,14.740484249000133],[121.009850442000129,14.740466612000148],[121.009896676000039,14.740442234999989],[121.009938257000044,14.740416865000043],[121.009982004000108,14.740380959000106],[121.010051950000047,14.740338731000122],[121.010119654000164,14.740294433000031],[121.010384737000209,14.740111096000078],[121.010446246000015,14.740065497000103],[121.01049690100001,14.740037476000168],[121.010569332000046,14.740027066000039],[121.010825239000042,14.740071142000147],[121.010882954000067,14.74008075200004],[121.010850975000039,14.739707344000067],[121.010848288000034,14.739609738000127],[121.011202051000282,14.739424159000123],[121.011341599000161,14.739428878000069],[121.011481092000054,14.739348417000087],[121.011982776000309,14.738722348000067],[121.012258048000035,14.738612728000078],[121.012758567000105,14.738287119000063],[121.012539492000201,14.738068345000045],[121.012823097000137,14.737500382000064],[121.013633754000011,14.735725349000177],[121.014586263000183,14.736119455999983],[121.014454608000051,14.736547895],[121.01577839000015,14.737197410000022],[121.016036966000229,14.736277271000176],[121.016338772000154,14.736268885000015],[121.016376267000169,14.736462115000052],[121.016718772000104,14.736773728000117],[121.01712449300021,14.736996393000027],[121.01709664100008,14.737193982000122],[121.017720562000022,14.737230723000039],[121.018011746000184,14.737236732000099],[121.01819782400014,14.737291072000119],[121.018396555000095,14.736906340000075],[121.018546706000052,14.736960801000066],[121.018572513000095,14.736970161000158],[121.018661123000015,14.737139921000164],[121.018696607000265,14.737162245000036],[121.01878941800021,14.737242816000048],[121.018882313000177,14.737295187000029],[121.019014722000065,14.737314831000049],[121.019203908,14.737314840000124],[121.019156914000064,14.737222747000089],[121.019094228000085,14.736896369000078],[121.019102599000121,14.736600293000095],[121.019259748000081,14.736329778000027],[121.01949898700002,14.736353143000088],[121.020199895000133,14.736421596000127],[121.020375935000175,14.73662491400006],[121.020462017000114,14.736628097000107],[121.02065656700006,14.736876362000089],[121.020772827000087,14.737016153000013],[121.020913879000091,14.737085162000142],[121.021010522000097,14.736986038000111],[121.021236253000097,14.73675205800015],[121.021370328000103,14.736625037000181],[121.021261910000021,14.736515071000156],[121.021217525000111,14.736428823000097],[121.021212551000076,14.736327496000172],[121.021216202000119,14.736259315000098],[121.021223453000061,14.73616328900016],[121.021356757000149,14.736193704000129],[121.02142199900004,14.736264374000086],[121.021778765000022,14.736275983000098],[121.022367427000063,14.736109129000113],[121.023169635000045,14.735818774000165],[121.023878495000076,14.735816343000067],[121.025283629000114,14.735811524000098],[121.025503620000109,14.735811142999978],[121.027249893000089,14.734050415000127],[121.027467086000229,14.734092713999985],[121.0293573780001,14.73457042299998],[121.029594946000088,14.73480779],[121.029808937000098,14.735083947000021],[121.029932553000208,14.735270913000079],[121.030067881000036,14.735448206000058],[121.029984232000288,14.73578626300008],[121.030225425000253,14.735882345],[121.030227511000248,14.736075442000072],[121.030595239000149,14.736725547000162],[121.030170160000011,14.736710493000146],[121.030172482000012,14.738961542000141],[121.030348394000043,14.738939148999975],[121.030474238000011,14.738922653000031],[121.03052283500017,14.738917146],[121.030623040000023,14.73890564400017],[121.030865443000152,14.738876370000014],[121.031140227000151,14.738835473000108],[121.031367777000128,14.738796911000122],[121.031656824000152,14.73874715900007],[121.031700851000096,14.738717252000185],[121.03173595900023,14.738676797000153],[121.031764320000093,14.738639619000082],[121.031786252000188,14.73859412500002],[121.031929470000136,14.738322129000096],[121.032078105000096,14.73805907600007],[121.032620338000129,14.73707918700012],[121.0327103850002,14.736940408000066],[121.032633533000194,14.737239405000025],[121.032496729000059,14.737774827000123],[121.032474552000281,14.737886707000143],[121.032430819000297,14.738080436000075],[121.032401869000068,14.738280494000094],[121.032376958000214,14.738579651000066],[121.032374713000081,14.738875522000114],[121.032423849000111,14.739239613000166],[121.032460338000192,14.739424077000137],[121.032493542000111,14.739609386000097],[121.032578507000267,14.740013923999982],[121.03259601000002,14.74008511400001],[121.032657139000207,14.740322318000096],[121.032671949000019,14.740380408000135],[121.032698010000104,14.740436617000057],[121.03284073500015,14.740793588000031],[121.033073651000223,14.741247684000143],[121.033288991000063,14.74163014700008],[121.033312909000074,14.741676573000177],[121.033416295000166,14.741860600000052],[121.033777494000105,14.742548918000125],[121.034226810000177,14.743370602000084],[121.034267250000084,14.743447780999986],[121.034473531000231,14.743839472000161],[121.034762855000167,14.744312420000028],[121.034739191000199,14.744735604000084],[121.034733523000227,14.744799550000039],[121.03196964100016,14.744807992000176],[121.030884623000134,14.744810132],[121.03088996300005,14.744631971000103],[121.030378275000089,14.744633505000024],[121.030395830000089,14.744793739000158],[121.030428371000198,14.745049656000106],[121.03011218000006,14.745049743000038],[121.030019030000176,14.745050307000099],[121.029583321000246,14.745050992000017],[121.029014218000157,14.745047136999972],[121.028941490000193,14.745045720000121],[121.028919864000159,14.745049632000132],[121.028865898000163,14.745059222000179],[121.028547370000069,14.745183575000112],[121.028241236000099,14.745296107000172],[121.028010676000235,14.745107138000094],[121.027910097000017,14.745045248999986],[121.027801906000036,14.744990377000079],[121.027668055000049,14.744937527000161],[121.027608213000121,14.744920923000052],[121.027555070000062,14.744897855999966],[121.027525648000051,14.744873030000065],[121.027414547000035,14.744752044000165],[121.026723240000138,14.743968523000092],[121.026056563000111,14.743279720000032],[121.025782589000187,14.743525213],[121.025746255000058,14.743567410000026],[121.025738976000071,14.743591096000046],[121.025747878000061,14.743625683000175],[121.025800164000088,14.743687771000111],[121.024895782000044,14.744373525000015],[121.024882391,14.744316411999989],[121.024942462000013,14.744066832000158],[121.02480214000002,14.744035357000143],[121.024722527000222,14.743990355000108],[121.024605694000115,14.743994823000151],[121.024422038000012,14.744115028000067],[121.024019732000056,14.743890314000112],[121.023813418000032,14.743712215000016],[121.023411389000103,14.743551973000081],[121.023204003000046,14.743524854000043],[121.023218123000106,14.743382547000124],[121.023274574000084,14.743226320000076],[121.023297566000224,14.743170053000085],[121.023310581000146,14.743150146000175],[121.023382946000197,14.743044322000117],[121.023026868000215,14.742824068000175],[121.022909046000223,14.742705350000108],[121.022151767000196,14.742056176000062],[121.022053703000211,14.742164571000046],[121.021941989000197,14.742286894000131],[121.021677081,14.742573040000025],[121.021585850000179,14.742655171000138],[121.021514072000059,14.742714083000067],[121.021357573000159,14.742811303999986],[121.021236930000214,14.742882986999973],[121.02019231200029,14.742018871000084],[121.02010366200011,14.741994166999973],[121.01998298400008,14.742008853000129],[121.019809845000054,14.742548586000112],[121.019632823000279,14.742779968999969],[121.019503979000092,14.742755656000043],[121.019245415000228,14.742755652000028],[121.019141018000028,14.74266408200009],[121.019046104000154,14.742639599000086],[121.018865025000196,14.742406900000105],[121.018701534000229,14.742434234000086],[121.018527038000229,14.742446253000082],[121.018352905000029,14.742470757000149],[121.018219812000211,14.74244927400008],[121.018194624000216,14.74248913100007],[121.018198057000063,14.742559623000034],[121.018176069000219,14.742630058000088],[121.018134078000344,14.742743310000037],[121.017486456000029,14.743219745000147],[121.017235889000062,14.743430749000026],[121.017024886000058,14.743114244000026],[121.016418250000129,14.743602190000047],[121.015910396000208,14.743607924],[121.015651607000223,14.744262867000089],[121.015591309000229,14.744318255000053],[121.015216244000158,14.74444369400004],[121.014569812000104,14.744652802000132],[121.014411586000051,14.74466477500016],[121.014220441000134,14.744724795000138],[121.013887115000102,14.744826268000111],[121.013761893000037,14.744958758000053],[121.013488726000219,14.745611171000121],[121.013419710000221,14.745628183000122],[121.013140333000251,14.745592434000059],[121.012939374000098,14.74535562900013],[121.012898479000114,14.745108519000098],[121.012149789000205,14.744442110000136],[121.011890461,14.744412783000087],[121.01172240200026,14.744464187000062],[121.011460516000056,14.744759018000025],[121.011484541000073,14.745201176000023],[121.010822825000218,14.746148500000061],[121.010180255000137,14.746420397000122],[121.009966406000103,14.746333641000035],[121.009701273000132,14.746226080000099],[121.009328485000196,14.746232010000085]]]}},{"type":"Feature","properties":{"adm4_name":"Barangay 169","adm4_name1":null,"adm4_name2":null,"adm4_name3":null,"adm4_pcode":"PH1307501169","adm3_name":"Caloocan City","adm3_name1":null,"adm3_name2":null,"adm3_name3":null,"adm3_pcode":"PH1307501","adm2_name":"Metropolitan Manila Third District","adm2_name1":null,"adm2_name2":null,"adm2_name3":null,"adm2_pcode":"PH13075","adm1_name":"National Capital Region (NCR)","adm1_name1":null,"adm1_name2":null,"adm1_name3":null,"adm1_pcode":"PH13","adm0_name":"Philippines","adm0_name1":null,"adm0_name2":null,"adm0_name3":null,"adm0_pcode":"PH","valid_on":"2025-02-13","valid_to":null,"area_sqkm":0.46628798,"version":"v03","lang":"en","lang1":null,"lang2":null,"lang3":null,"adm4_ref_name":"Barangay 169","center_lat":14.73288769,"center_lon":121.02327201},"geometry":{"type":"Polygon","coordinates":[[[121.022367427000063,14.736109129000113],[121.021778765000022,14.736275983000098],[121.02142199900004,14.736264374000086],[121.021356757000149,14.736193704000129],[121.021223453000061,14.73616328900016],[121.020212469000057,14.735890648000066],[121.019971513000087,14.735563803000105],[121.019640694000145,14.735115179000161],[121.019569078000245,14.735019453],[121.019754580000154,14.734488834999979],[121.019920863000152,14.734013187000073],[121.01978089000022,14.73389676100004],[121.019609374000197,14.733647607000023],[121.019490298000164,14.733314908000125],[121.019481696000298,14.733282188000089],[121.019473301000062,14.733251560000042],[121.01935472300022,14.732804277000071],[121.019313250000209,14.732419008000079],[121.020022150000045,14.731767657000091],[121.020254463000015,14.731761426000048],[121.02055761500003,14.731829777000087],[121.020706084000039,14.731879405000086],[121.020796263000079,14.731842110000116],[121.020833282000012,14.731675947000156],[121.020834501000081,14.731674970000142],[121.021515672000191,14.73112919700003],[121.02136792400006,14.730577014000062],[121.021979501000146,14.729343053000036],[121.022995601000162,14.729897605000076],[121.02340811900001,14.729874655000117],[121.023612401000037,14.730089857],[121.02396991500018,14.730038634000095],[121.025085985000146,14.729878730000053],[121.02549473900001,14.729935331000036],[121.025967245000061,14.730484002000026],[121.025963253000214,14.730893775000084],[121.026156314000104,14.731378083000038],[121.026627561000282,14.73142421],[121.026855193000074,14.731421732000172],[121.026967487000206,14.731214131000115],[121.027309090000131,14.731214769000189],[121.027310912000075,14.731257766999988],[121.027312107000057,14.73128597800013],[121.027046809000012,14.731625936000171],[121.027069466000171,14.732180558000039],[121.027076623000312,14.732355773999984],[121.027089395000303,14.732668443000023],[121.027196792000041,14.732971096000085],[121.027328292000107,14.733341673000098],[121.027763262,14.733495925999989],[121.027249893000089,14.734050415000127],[121.025503620000109,14.735811142999978],[121.025283629000114,14.735811524000098],[121.023878495000076,14.735816343000067],[121.023169635000045,14.735818774000165],[121.022367427000063,14.736109129000113]]]}},{"type":"Feature","properties":{"adm4_name":"Barangay 170","adm4_name1":null,"adm4_name2":null,"adm4_name3":null,"adm4_pcode":"PH1307501170","adm3_name":"Caloocan City","adm3_name1":null,"adm3_name2":null,"adm3_name3":null,"adm3_pcode":"PH1307501","adm2_name":"Metropolitan Manila Third District","adm2_name1":null,"adm2_name2":null,"adm2_name3":null,"adm2_pcode":"PH13075","adm1_name":"National Capital Region (NCR)","adm1_name1":null,"adm1_name2":null,"adm1_name3":null,"adm1_pcode":"PH13","adm0_name":"Philippines","adm0_name1":null,"adm0_name2":null,"adm0_name3":null,"adm0_pcode":"PH","valid_on":"2025-02-13","valid_to":null,"area_sqkm":0.62488274,"version":"v03","lang":"en","lang1":null,"lang2":null,"lang3":null,"adm4_ref_name":"Barangay 170","center_lat":14.73740114,"center_lon":121.03524473},"geometry":{"type":"Polygon","coordinates":[[[121.034797501000185,14.744059194000044],[121.034762855000167,14.744312420000028],[121.034473531000231,14.743839472000161],[121.034267250000084,14.743447780999986],[121.034226810000177,14.743370602000084],[121.033777494000105,14.742548918000125],[121.033416295000166,14.741860600000052],[121.033312909000074,14.741676573000177],[121.033288991000063,14.74163014700008],[121.033073651000223,14.741247684000143],[121.03284073500015,14.740793588000031],[121.032698010000104,14.740436617000057],[121.032671949000019,14.740380408000135],[121.032657139000207,14.740322318000096],[121.03259601000002,14.74008511400001],[121.032578507000267,14.740013923999982],[121.032493542000111,14.739609386000097],[121.032460338000192,14.739424077000137],[121.032423849000111,14.739239613000166],[121.032374713000081,14.738875522000114],[121.032376958000214,14.738579651000066],[121.032401869000068,14.738280494000094],[121.032430819000297,14.738080436000075],[121.032474552000281,14.737886707000143],[121.032496729000059,14.737774827000123],[121.032633533000194,14.737239405000025],[121.0327103850002,14.736940408000066],[121.032620338000129,14.73707918700012],[121.032078105000096,14.73805907600007],[121.031929470000136,14.738322129000096],[121.031786252000188,14.73859412500002],[121.031764320000093,14.738639619000082],[121.03173595900023,14.738676797000153],[121.031700851000096,14.738717252000185],[121.031656824000152,14.73874715900007],[121.031367777000128,14.738796911000122],[121.031140227000151,14.738835473000108],[121.030865443000152,14.738876370000014],[121.030623040000023,14.73890564400017],[121.03052283500017,14.738917146],[121.030474238000011,14.738922653000031],[121.030348394000043,14.738939148999975],[121.030172482000012,14.738961542000141],[121.030170160000011,14.736710493000146],[121.030595239000149,14.736725547000162],[121.030227511000248,14.736075442000072],[121.030225425000253,14.735882345],[121.029984232000288,14.73578626300008],[121.030067881000036,14.735448206000058],[121.029932553000208,14.735270913000079],[121.029808937000098,14.735083947000021],[121.029594946000088,14.73480779],[121.0293573780001,14.73457042299998],[121.027467086000229,14.734092713999985],[121.027249893000089,14.734050415000127],[121.027763262,14.733495925999989],[121.027328292000107,14.733341673000098],[121.027196792000041,14.732971096000085],[121.027089395000303,14.732668443000023],[121.027076623000312,14.732355773999984],[121.027069466000171,14.732180558000039],[121.027046809000012,14.731625936000171],[121.027312107000057,14.73128597800013],[121.027310912000075,14.731257766999988],[121.027309090000131,14.731214769000189],[121.02731128400012,14.730949305000081],[121.027321627000333,14.730574770000089],[121.027516533000153,14.730546986000093],[121.02753240100003,14.730544724000083],[121.028043074000038,14.730683692000014],[121.028061162000199,14.730688614000087],[121.028149506000204,14.730714379000176],[121.028157680000163,14.730940213],[121.028326263000167,14.730940495000027],[121.028321110000206,14.731257766999988],[121.028311174000237,14.731869442000061],[121.027900620000196,14.732190385000081],[121.027774994000083,14.732288591000042],[121.027785757000061,14.732652818000076],[121.028001702000211,14.732691477000174],[121.028031816000066,14.732956144000127],[121.02808188400013,14.733364325000025],[121.028549346000091,14.733315473000062],[121.028572440000175,14.733174388000066],[121.029615912000054,14.733342706000144],[121.031222490000118,14.733026773000176],[121.031244729000036,14.733022400000095],[121.03135239400001,14.733001228000091],[121.031158582000103,14.732206911000048],[121.031908218000012,14.731987090000018],[121.032158255000127,14.73317169600017],[121.032233535000159,14.733245990000114],[121.032317707000175,14.733376069000144],[121.03279387900011,14.734112289000109],[121.032902513000067,14.734654643000056],[121.032928628000036,14.734785025000178],[121.033138891000135,14.734887714000081],[121.03356188600003,14.7353047900001],[121.033590805000017,14.735334936000129],[121.033623956000042,14.73536645400003],[121.033978766000018,14.735899964000168],[121.034541172000218,14.736003887000152],[121.035140257000307,14.736077244000057],[121.035407706000115,14.736113923000175],[121.035940848000223,14.736097643000051],[121.035941584000057,14.736097621000056],[121.035984344000099,14.736162399000079],[121.03639996000004,14.736150636000104],[121.036431328000276,14.735962432000179],[121.036683071000084,14.735988064000139],[121.037353204000169,14.736003887000152],[121.03789804500002,14.736018305000073],[121.037867033000111,14.737144654000076],[121.037865808000106,14.737173243000086],[121.037890312000059,14.73718794600012],[121.037902565000081,14.737210001000108],[121.037901340000076,14.737361931000066],[121.037893171000178,14.737440346000028],[121.037880102000031,14.737541632999978],[121.037865399000225,14.737582474000078],[121.037909508000212,14.737582474000078],[121.039419359000021,14.73759843199997],[121.039424195000038,14.738008265000076],[121.039419137000095,14.739902463000135],[121.039223176000178,14.739642524000033],[121.039101122000034,14.739757180000083],[121.03908078000029,14.739779372000157],[121.039060014000029,14.739798288000088],[121.038778121000064,14.740063725000141],[121.038678607000179,14.740320998000186],[121.038438014,14.740310759000124],[121.036151615000108,14.740301454000189],[121.034856014000184,14.740292783000086],[121.034835242000213,14.742179487000044],[121.034820358000047,14.743402684999978],[121.034797501000185,14.744059194000044]]]}},{"type":"Feature","properties":{"adm4_name":"Barangay 171","adm4_name1":null,"adm4_name2":null,"adm4_name3":null,"adm4_pcode":"PH1307501171","adm3_name":"Caloocan City","adm3_name1":null,"adm3_name2":null,"adm3_name3":null,"adm3_pcode":"PH1307501","adm2_name":"Metropolitan Manila Third District","adm2_name1":null,"adm2_name2":null,"adm2_name3":null,"adm2_pcode":"PH13075","adm1_name":"National Capital Region (NCR)","adm1_name1":null,"adm1_name2":null,"adm1_name3":null,"adm1_pcode":"PH13","adm0_name":"Philippines","adm0_name1":null,"adm0_name2":null,"adm0_name3":null,"adm0_pcode":"PH","valid_on":"2025-02-13","valid_to":null,"area_sqkm":6.15176799,"version":"v03","lang":"en","lang1":null,"lang2":null,"lang3":null,"adm4_ref_name":"Barangay 171","center_lat":14.75917809,"center_lon":121.02283646},"geometry":{"type":"Polygon","coordinates":[[[121.029917973000011,14.776312009000151],[121.02990945900001,14.776312217000168],[121.029902192000122,14.776312009000151],[121.029895132000206,14.776311385999975],[121.029887757000211,14.776310540000111],[121.029804130000116,14.776293924000129],[121.029562519000137,14.77629321500018],[121.029202446000113,14.776289821000091],[121.028843219000123,14.776283850000027],[121.028390333000175,14.776280611],[121.028016194000202,14.776273214000014],[121.027800977000084,14.776271798000096],[121.027682611000046,14.776267604000111],[121.027178236000282,14.776263344000085],[121.026826933000052,14.776261328000089],[121.026696641000171,14.776259167000035],[121.02641739500018,14.776256792000083],[121.026071458000047,14.776251990000048],[121.025901873000066,14.776250570000116],[121.025817142000164,14.776249918000076],[121.025811084000111,14.776123077000136],[121.0258091930001,14.776000059000069],[121.025848763000113,14.775888387000066],[121.025925886000095,14.775796095999965],[121.026045058000136,14.775739057000123],[121.026172619000135,14.775705823000067],[121.026304407000225,14.775700390000054],[121.02648114100009,14.775674608000031],[121.026681924000059,14.775660661000074],[121.026813340000103,14.775659275000123],[121.027050427000063,14.775613922],[121.027193812000178,14.77557958],[121.027356735000012,14.775489269000104],[121.027404606000232,14.77538161200016],[121.027435065000304,14.775183282000057],[121.027433391000045,14.775036698],[121.02740717000006,14.774882843000171],[121.027309613000057,14.774709380000104],[121.027157611000121,14.774589193000054],[121.027009890000045,14.774516204000122],[121.026853803000222,14.774466929000027],[121.026709831000176,14.774441067000055],[121.026502544000209,14.774437568],[121.026063047000093,14.774415347000058],[121.025795622000146,14.774414788000115],[121.025585264000142,14.774393537000037],[121.025395212000035,14.774364016000163],[121.025180378000186,14.774358739000149],[121.02502731900006,14.774352674000113],[121.02466382700004,14.774281202000054],[121.024469611000086,14.774250292000147],[121.024268376,14.774320531],[121.024073257000168,14.774323690000188],[121.023878444000161,14.774326453000128],[121.023656510000023,14.774268404000054],[121.023544899000171,14.774142134999977],[121.023530159000188,14.773981307000042],[121.023536390000231,14.773813576000066],[121.023604134000152,14.773658983000189],[121.023727967000013,14.773450021000087],[121.023818721000225,14.773335048000092],[121.023839457,14.773234534000153],[121.023834940000029,14.77302795200012],[121.023732171,14.772783646000107],[121.02385302800019,14.772648129],[121.024138445000062,14.772543339000038],[121.024336171000073,14.772496445000058],[121.02457412900003,14.772427915000094],[121.02477766800007,14.772389983000153],[121.025079503000143,14.772238982000033],[121.025361954000118,14.772191865000082],[121.025689294000017,14.772136372000034],[121.025893172000224,14.772211485000128],[121.026182894000044,14.772297328000036],[121.026184358000137,14.771952830000146],[121.026240638000331,14.771798060000094],[121.026310988000091,14.771615149000183],[121.026637340000093,14.771406580000075],[121.026399617000038,14.770776821000084],[121.025818913000194,14.769238143000166],[121.025591185000167,14.768634566],[121.02550508700017,14.768194724000068],[121.025181358000054,14.766549234000138],[121.024608578000084,14.765098698000031],[121.024603906000266,14.765077748000067],[121.024341709000169,14.764962156000081],[121.024282146000132,14.764664113000038],[121.024023991000035,14.763034879000088],[121.02305780800009,14.762646177000079],[121.021921651000298,14.762150704000021],[121.019309664000275,14.761010863000138],[121.01889804200016,14.760843414000021],[121.018068237000193,14.760594917000162],[121.017915117000257,14.760540165000066],[121.017309321000084,14.760323874000051],[121.016927363000036,14.760274970000069],[121.015884432,14.759794748000104],[121.015032108000014,14.759451674000161],[121.014497041000027,14.75928038100011],[121.014012776000072,14.759075791000043],[121.012351248000073,14.758329680000031],[121.011596847000078,14.757990648999964],[121.011227197000039,14.757825707],[121.010919632000082,14.757664640000087],[121.010543758000267,14.757460844000093],[121.009828834000132,14.757147992000171],[121.009261516000038,14.757005941000045],[121.008906065000019,14.756751727000164],[121.008996736000199,14.756076721000056],[121.008676026000103,14.754857511000068],[121.008631749000074,14.754676612000139],[121.008334606000062,14.754411855000171],[121.00719433800009,14.754499912000085],[121.007001688000287,14.754442102999974],[121.006805866000036,14.75436156100011],[121.006739559000039,14.754496056000107],[121.006288033000146,14.75438798100015],[121.004725982000082,14.753889054000183],[121.004514540000059,14.753802593000046],[121.004238471,14.753700158000186],[121.003921756000182,14.753822068000147],[121.003676495000036,14.753750794999974],[121.003217020000193,14.753616837000095],[121.002949259000275,14.753528747000075],[121.002652402000194,14.753474970000184],[121.002571634000219,14.753414910000174],[121.002264876000027,14.75344205500005],[121.001980225000011,14.753678316000105],[121.001987666000218,14.753840148],[121.001938495000104,14.753894028000047],[121.001567664000277,14.753938672000174],[121.000865282000063,14.753523324000071],[121.000907519000066,14.753499788000113],[121.000960365000083,14.75345696300019],[121.000959786000067,14.753426600000068],[121.000955199000146,14.753372202000037],[121.000959621000106,14.75330467800012],[121.000982796000017,14.753120140000135],[121.001003211000011,14.753069807000145],[121.001030466000088,14.752952306999987],[121.001073052000038,14.752817516000164],[121.001115365000032,14.752684215000045],[121.001159655000038,14.752551625000081],[121.001186195000059,14.752468234],[121.001252444000102,14.752269268000077],[121.001296584000102,14.75217309300001],[121.001331170000071,14.75206433600016],[121.001410106000208,14.751899468000033],[121.001458562000153,14.751790621000168],[121.001515562,14.751655659],[121.001561785000035,14.75154045700009],[121.001625561000196,14.751373923000131],[121.001680655000087,14.751249979000022],[121.00173709500018,14.751126484],[121.001757064000117,14.751040337000063],[121.001779253000109,14.750963075000072],[121.001812344000086,14.750845121000111],[121.001854382000033,14.750738508999973],[121.001903208000158,14.750635898000098],[121.001963521000107,14.750567308000143],[121.002028091000057,14.750511467000024],[121.002139880000186,14.750459436000085],[121.002269195000167,14.750405299000136],[121.00237590200004,14.750353502],[121.00243797600001,14.750297568000178],[121.002517580000017,14.750216019000106],[121.002579550000178,14.750103455000044],[121.002627526000083,14.749945920000016],[121.002667916000178,14.749783594000121],[121.002700387000118,14.749566095000148],[121.002740342000152,14.749354032000099],[121.002807806000078,14.74917031200016],[121.002872609000178,14.748952185000178],[121.002909551000016,14.74882299900014],[121.002958675000173,14.748742239000023],[121.003047999000273,14.748693657999979],[121.003178889000083,14.748643301000186],[121.003369642000166,14.748530541000093],[121.003477949000171,14.748463983000079],[121.003550995000182,14.748414637999986],[121.003619178,14.748393789000147],[121.003726809000113,14.74833818400009],[121.00382908500012,14.748315083000023],[121.003899191000187,14.748281861000123],[121.003977666000196,14.748228292000022],[121.00405167800011,14.748185177000096],[121.00413191500013,14.748154455000076],[121.004194924000103,14.748112800000058],[121.004263461000164,14.74809342500015],[121.004324826000015,14.748085124999989],[121.004367362000153,14.748093419000156],[121.004408763000242,14.748094799000114],[121.004476777000036,14.748097562000055],[121.004548167000053,14.748097557000165],[121.004608133000033,14.74809617000011],[121.004669156000205,14.748080065000124],[121.004711989000157,14.748066220000112],[121.004756241000223,14.748035800000082],[121.004789028000232,14.747999915000037],[121.004808928000102,14.747950346000152],[121.004818836000027,14.747911925000039],[121.004824470000131,14.747873601000094],[121.004847025000117,14.747779402],[121.00486831600017,14.747668295000153],[121.004893011000036,14.747535546000108],[121.004892933000178,14.747431514000027],[121.004891456000109,14.747357548000082],[121.004889997000078,14.747310849000087],[121.004904189000058,14.747246195000059],[121.004934072000083,14.747209014000077],[121.004971110000156,14.747180038000181],[121.005022451000059,14.747157929000025],[121.00511098000004,14.747127486000068],[121.005249858000298,14.747077355000101],[121.005368223000232,14.747024938000095],[121.005478023000251,14.746965339000099],[121.005564017000097,14.7469140930001],[121.005625724000311,14.746860098000184],[121.005691343000194,14.746792469000184],[121.005781167000123,14.746709281000051],[121.005831453000042,14.746671780000042],[121.005897577000155,14.746638412000095],[121.005953612000098,14.746602048000113],[121.005992434000063,14.7465853490001],[121.006019754000022,14.746561743000086],[121.006068688000028,14.746513112000059],[121.006119216000116,14.746450079000056],[121.006171443000085,14.746391966000147],[121.006242494000048,14.746330558000068],[121.006329573000016,14.746279706000109],[121.006479743000227,14.746188293999978],[121.006609941000079,14.74611038300003],[121.006707048000067,14.746047477000161],[121.006770872000061,14.745995157000095],[121.007183954000084,14.746071741000037],[121.007592917000125,14.746043820000125],[121.00778249300015,14.746009290000131],[121.008110360000046,14.746066001000088],[121.008268545000078,14.746169179000105],[121.008324689000119,14.746281147000104],[121.009047154000086,14.746677317000035],[121.009328485000196,14.746232010000085],[121.009701273000132,14.746226080000099],[121.009966406000103,14.746333641000035],[121.010180255000137,14.746420397000122],[121.010822825000218,14.746148500000061],[121.011484541000073,14.745201176000023],[121.011460516000056,14.744759018000025],[121.01172240200026,14.744464187000062],[121.011890461,14.744412783000087],[121.012149789000205,14.744442110000136],[121.012898479000114,14.745108519000098],[121.012939374000098,14.74535562900013],[121.013140333000251,14.745592434000059],[121.013419710000221,14.745628183000122],[121.013488726000219,14.745611171000121],[121.013761893000037,14.744958758000053],[121.013887115000102,14.744826268000111],[121.014220441000134,14.744724795000138],[121.014411586000051,14.74466477500016],[121.014569812000104,14.744652802000132],[121.015216244000158,14.74444369400004],[121.015591309000229,14.744318255000053],[121.015651607000223,14.744262867000089],[121.015910396000208,14.743607924],[121.016418250000129,14.743602190000047],[121.017024886000058,14.743114244000026],[121.017235889000062,14.743430749000026],[121.017486456000029,14.743219745000147],[121.018134078000344,14.742743310000037],[121.018176069000219,14.742630058000088],[121.018198057000063,14.742559623000034],[121.018194624000216,14.74248913100007],[121.018219812000211,14.74244927400008],[121.018352905000029,14.742470757000149],[121.018527038000229,14.742446253000082],[121.018701534000229,14.742434234000086],[121.018865025000196,14.742406900000105],[121.019046104000154,14.742639599000086],[121.019141018000028,14.74266408200009],[121.019245415000228,14.742755652000028],[121.019503979000092,14.742755656000043],[121.019632823000279,14.742779968999969],[121.019809845000054,14.742548586000112],[121.01998298400008,14.742008853000129],[121.02010366200011,14.741994166999973],[121.02019231200029,14.742018871000084],[121.021236930000214,14.742882986999973],[121.021357573000159,14.742811303999986],[121.021514072000059,14.742714083000067],[121.021585850000179,14.742655171000138],[121.021677081,14.742573040000025],[121.021941989000197,14.742286894000131],[121.022053703000211,14.742164571000046],[121.022151767000196,14.742056176000062],[121.022909046000223,14.742705350000108],[121.023026868000215,14.742824068000175],[121.023382946000197,14.743044322000117],[121.023310581000146,14.743150146000175],[121.023297566000224,14.743170053000085],[121.023274574000084,14.743226320000076],[121.023218123000106,14.743382547000124],[121.023204003000046,14.743524854000043],[121.023411389000103,14.743551973000081],[121.023813418000032,14.743712215000016],[121.024019732000056,14.743890314000112],[121.024422038000012,14.744115028000067],[121.024605694000115,14.743994823000151],[121.024722527000222,14.743990355000108],[121.02480214000002,14.744035357000143],[121.024942462000013,14.744066832000158],[121.024882391,14.744316411999989],[121.024895782000044,14.744373525000015],[121.025800164000088,14.743687771000111],[121.025747878000061,14.743625683000175],[121.025738976000071,14.743591096000046],[121.025746255000058,14.743567410000026],[121.025782589000187,14.743525213],[121.026056563000111,14.743279720000032],[121.026723240000138,14.743968523000092],[121.027414547000035,14.744752044000165],[121.027525648000051,14.744873030000065],[121.027555070000062,14.744897855999966],[121.027608213000121,14.744920923000052],[121.027668055000049,14.744937527000161],[121.027801906000036,14.744990377000079],[121.027910097000017,14.745045248999986],[121.028010676000235,14.745107138000094],[121.028241236000099,14.745296107000172],[121.028547370000069,14.745183575000112],[121.028865898000163,14.745059222000179],[121.028919864000159,14.745049632000132],[121.028941490000193,14.745045720000121],[121.029014218000157,14.745047136999972],[121.029583321000246,14.745050992000017],[121.030019030000176,14.745050307000099],[121.03011218000006,14.745049743000038],[121.030428371000198,14.745049656000106],[121.030395830000089,14.744793739000158],[121.030378275000089,14.744633505000024],[121.03088996300005,14.744631971000103],[121.030884623000134,14.744810132],[121.03196964100016,14.744807992000176],[121.034733523000227,14.744799550000039],[121.034647417000201,14.745125330000178],[121.034430056000247,14.746044888000029],[121.034379064000291,14.746264115000145],[121.034261109000226,14.74666913100009],[121.033901734000096,14.747720624000124],[121.033788942000115,14.74818292100008],[121.033691834000138,14.748560924],[121.033553457000153,14.749130840000078],[121.033491413000093,14.749350813000092],[121.033475235000083,14.749393854],[121.033331763000092,14.749777455000071],[121.033197065000081,14.750119601000108],[121.033114245000206,14.75030319900003],[121.033059295000044,14.75044581200018],[121.032994102000089,14.750599467000029],[121.032495324000024,14.751856234000172],[121.03237991900005,14.752138352000088],[121.0322430760001,14.752442180000173],[121.031845948000182,14.753432543000145],[121.031845806000092,14.753432896000049],[121.031635261000019,14.754033188],[121.031547138000064,14.754224861000125],[121.031497048,14.754321387000118],[121.031401586000015,14.754467582000075],[121.030971892000139,14.755071554000097],[121.030806307000034,14.755304875000149],[121.03041089300018,14.755820797000013],[121.030237743000043,14.75593568000005],[121.030136320000111,14.756025529999988],[121.030145633000075,14.758351024000035],[121.030490786000087,14.758403531000056],[121.031689987000163,14.759405274000073],[121.033315504000029,14.760747681],[121.033713893000026,14.761097605000032],[121.033703095000078,14.761167736000061],[121.033693244,14.76133753300013],[121.03368067200006,14.761514362000128],[121.033610566000107,14.761740517000078],[121.033574945000282,14.761834045],[121.033539848000146,14.761915988000112],[121.033508867000023,14.761953998000081],[121.033456910000041,14.761968017000072],[121.033376647000068,14.761968659000161],[121.033231004000186,14.761943905000066],[121.033065892000195,14.761904457000128],[121.032946612000046,14.761864612000124],[121.032831117000228,14.761810570000137],[121.032735173000106,14.761785950000046],[121.032608843000162,14.761772872],[121.032471214000225,14.761774585000069],[121.032368302,14.761823631000027],[121.032308002000036,14.761935018000088],[121.032278488000088,14.762068345000046],[121.032276732000128,14.762308873000052],[121.032244300000229,14.762557502000107],[121.032178089000013,14.762812397000118],[121.032121445000143,14.762935112999969],[121.032049639000206,14.763098936000119],[121.031977539000081,14.763233343000138],[121.031939865000027,14.763362774000086],[121.031936598000016,14.76347038900002],[121.031944721000059,14.763552005000065],[121.031972033000216,14.763603784000168],[121.032013872000221,14.763660988000083],[121.032095387000254,14.763712069000121],[121.032172550000155,14.76371108800015],[121.032265201000087,14.763709964000043],[121.032373135000171,14.763698141000077],[121.03254279600003,14.763712005000116],[121.032635401000221,14.763737463000098],[121.032697707000011,14.763803974000041],[121.032725579000044,14.763881862000062],[121.032749760000115,14.763970953000069],[121.032750713000155,14.764045375000023],[121.03273330900015,14.764187059],[121.032688295000071,14.76430686000009],[121.032616021000194,14.764426825000157],[121.032520696,14.764524521000055],[121.032413801000189,14.764603697000041],[121.032329566000044,14.764638089000016],[121.032176173000039,14.76467292500007],[121.032061307000276,14.764684842000065],[121.031903978000173,14.764693961000035],[121.031792269000221,14.764695394000057],[121.031607892000011,14.764681858000188],[121.031427411000095,14.764659132000077],[121.031269497000153,14.764657052000075],[121.031137166000121,14.76468746300003],[121.031063,14.764738487000159],[121.03104359200006,14.764850734000106],[121.031040374000099,14.76494744300004],[121.031070329000045,14.765066309000133],[121.031139035000024,14.765165892000084],[121.031243509000092,14.765258860000131],[121.031325218,14.765320803],[121.031460186000231,14.765494507000028],[121.031516731000011,14.765626215000054],[121.031601106000153,14.765834629999972],[121.031656217000204,14.766049239999973],[121.031670808000058,14.766175869000051],[121.03167191700004,14.766274044000113],[121.031643970000118,14.766417445000172],[121.031583543000011,14.766573344],[121.031480805000228,14.766717077000067],[121.031335868000042,14.766876825000168],[121.031183537000175,14.766998591000117],[121.031080529000178,14.767084900000043],[121.030921215000149,14.767197308000107],[121.030800740000018,14.767306549000182],[121.03066823000006,14.76742211800007],[121.030590349000249,14.767492132000029],[121.030456749000223,14.767619194000019],[121.030370533000223,14.76780693000012],[121.030294031000039,14.767929191],[121.03017478400011,14.768070096000031],[121.030154605000121,14.769703106000179],[121.030131839000205,14.771621632000063],[121.030137889000116,14.772277733000124],[121.030145306000122,14.773135244000116],[121.030137960000047,14.774176689],[121.030134775000079,14.774522928000181],[121.030125374000022,14.775544802000127],[121.030121894000104,14.775923111000111],[121.030119889000048,14.776134367000168],[121.030118577000167,14.776283629000091],[121.029992466000067,14.776304748000143],[121.029946702000075,14.776309614000184],[121.029932538000139,14.776310341000169],[121.029917973000011,14.776312009000151]]]}},{"type":"Feature","properties":{"adm4_name":"Barangay 172","adm4_name1":null,"adm4_name2":null,"adm4_name3":null,"adm4_pcode":"PH1307501172","adm3_name":"Caloocan City","adm3_name1":null,"adm3_name2":null,"adm3_name3":null,"adm3_pcode":"PH1307501","adm2_name":"Metropolitan Manila Third District","adm2_name1":null,"adm2_name2":null,"adm2_name3":null,"adm2_pcode":"PH13075","adm1_name":"National Capital Region (NCR)","adm1_name1":null,"adm1_name2":null,"adm1_name3":null,"adm1_pcode":"PH13","adm0_name":"Philippines","adm0_name1":null,"adm0_name2":null,"adm0_name3":null,"adm0_pcode":"PH","valid_on":"2025-02-13","valid_to":null,"area_sqkm":1.32367668,"version":"v03","lang":"en","lang1":null,"lang2":null,"lang3":null,"adm4_ref_name":"Barangay 172","center_lat":14.74811513,"center_lon":121.04108075000001},"geometry":{"type":"Polygon","coordinates":[[[121.043718507000108,14.755540316000179],[121.043695458000229,14.756025241000088],[121.042843400000038,14.755947517000038],[121.042540285000086,14.755904372000089],[121.042338008000115,14.755872602000125],[121.042176868000183,14.755839039000136],[121.042114638000157,14.75582582200019],[121.042009420000113,14.755788893000044],[121.041869666000139,14.755741285],[121.041682673000196,14.755678273000115],[121.041565373000253,14.755622466000034],[121.041491003000147,14.755584194000107],[121.041428107000115,14.755541680000135],[121.04136518100006,14.755496113000163],[121.041289639000183,14.755441410000174],[121.041232948000015,14.755395804000102],[121.041141417000176,14.755313636000096],[121.041052803000298,14.755237425000075],[121.040941806000092,14.755127519000041],[121.040558235000049,14.754689527000039],[121.040514346000123,14.754636168000161],[121.040307510000048,14.754265490000023],[121.040220187000159,14.754112857000109],[121.040094523000107,14.753892023000162],[121.040056867000317,14.75382782700018],[121.040018350000082,14.75375442100011],[121.039807322000229,14.753352665000079],[121.039501274000145,14.75278758800016],[121.0392955880003,14.752402813],[121.0387473950002,14.751437010000132],[121.03850090100002,14.751030415000173],[121.038253023000152,14.750591062000126],[121.037896755000133,14.749933873000032],[121.037664460000201,14.749521469000172],[121.03751792800017,14.749256832000071],[121.037372117000018,14.748996887000146],[121.037275771000054,14.748826585000074],[121.037064949000069,14.748440529999982],[121.036926817000335,14.748187583000117],[121.036802351,14.747952186000077],[121.036688201000175,14.747736299999985],[121.036614547000113,14.747607082000172],[121.036554432000344,14.747501967000062],[121.036210079000057,14.746873691000133],[121.03610019700011,14.746660861000123],[121.036050604000025,14.746566071000075],[121.035624042000109,14.745825249000063],[121.035461112000121,14.745538312000065],[121.035115060000066,14.744891833000111],[121.03484671700005,14.744458503000146],[121.034762855000167,14.744312420000028],[121.034797501000185,14.744059194000044],[121.034820358000047,14.743402684999978],[121.034835242000213,14.742179487000044],[121.034856014000184,14.740292783000086],[121.036151615000108,14.740301454000189],[121.038438014,14.740310759000124],[121.038678607000179,14.740320998000186],[121.038678689000335,14.740321001000098],[121.038590617000182,14.740548478],[121.038718760000052,14.74060154700004],[121.038747237000166,14.740614491000031],[121.038767415000052,14.740554238000129],[121.039329600000087,14.74087971300014],[121.039508057000035,14.741059865000125],[121.03953613800013,14.741062742000111],[121.039666028000056,14.74123881200012],[121.039653947000033,14.741250030000117],[121.039643592000175,14.741262110999969],[121.039631511000152,14.741278506000185],[121.03964618100008,14.74130266800006],[121.039660931000071,14.741331094000088],[121.039668405000157,14.741336052000179],[121.040109453000014,14.741628624000043],[121.040829816000041,14.742106482000111],[121.040836909000063,14.742111187000091],[121.041298092000261,14.742111815000101],[121.041516524000031,14.742112112000086],[121.041542873000026,14.742111653000109],[121.041573400000175,14.742113753000126],[121.043565502000092,14.742118660000074],[121.043888901000173,14.742119457000058],[121.043919318000121,14.742119457000058],[121.04395480900007,14.742121851000093],[121.044072248000134,14.742121851000093],[121.044072248000134,14.742123821000064],[121.044072248000134,14.742169982000064],[121.044077383000058,14.742169982000064],[121.044090875000165,14.742763504000152],[121.044087053000226,14.742898557000046],[121.044149350000112,14.742835498000034],[121.044241319000207,14.742783221000082],[121.044324975000109,14.742741549000186],[121.044445428000131,14.742700418000084],[121.044571280000014,14.74269355500013],[121.044700477000106,14.742696895000051],[121.044867476000036,14.742746995000118],[121.045039643000109,14.74279964800013],[121.045117874000084,14.74284412600008],[121.045295225000132,14.742883693000067],[121.045448633000092,14.742904860000124],[121.045682314000146,14.742913184000088],[121.045808264000016,14.742910867000148],[121.045969031000141,14.742911213000184],[121.046165205000193,14.742901305999965],[121.046309788000144,14.742882518000044],[121.046278751000159,14.743035202000044],[121.046204320000129,14.743396050000058],[121.046181531000116,14.743495522000103],[121.046063650000065,14.744086079000056],[121.045966177000082,14.74453196200011],[121.045910551000247,14.744810488000041],[121.045873505000031,14.74499903200018],[121.045855291000294,14.745089354000186],[121.04576692,14.745525058],[121.04572572800032,14.745727539000143],[121.045663471000012,14.746031087000063],[121.045641124000099,14.746153077000031],[121.045477318000053,14.746971685000062],[121.045391388000212,14.747507129000155],[121.045289453,14.748032845000125],[121.04528753000011,14.748042675000022],[121.045052653000312,14.749212714000123],[121.045009610000079,14.749407572000109],[121.044974846000059,14.749563035000051],[121.044789065000032,14.750426951000122],[121.044751760000054,14.750611592000041],[121.044491504,14.751904731000025],[121.0443400260001,14.752565062000031],[121.044127668000101,14.753560761000074],[121.044069038000202,14.75382594000007],[121.043943045000219,14.754405800000086],[121.043938670000102,14.754425964000177],[121.043935626,14.754438900000025],[121.043758740000158,14.755248835000145],[121.043742810000026,14.755300553000154],[121.043721569000013,14.755519560000039],[121.043718507000108,14.755540316000179]]]}},{"type":"Feature","properties":{"adm4_name":"Barangay 173","adm4_name1":null,"adm4_name2":null,"adm4_name3":null,"adm4_pcode":"PH1307501173","adm3_name":"Caloocan City","adm3_name1":null,"adm3_name2":null,"adm3_name3":null,"adm3_pcode":"PH1307501","adm2_name":"Metropolitan Manila Third District","adm2_name1":null,"adm2_name2":null,"adm2_name3":null,"adm2_pcode":"PH13075","adm1_name":"National Capital Region (NCR)","adm1_name1":null,"adm1_name2":null,"adm1_name3":null,"adm1_pcode":"PH13","adm0_name":"Philippines","adm0_name1":null,"adm0_name2":null,"adm0_name3":null,"adm0_pcode":"PH","valid_on":"2025-02-13","valid_to":null,"area_sqkm":0.91353087,"version":"v03","lang":"en","lang1":null,"lang2":null,"lang3":null,"adm4_ref_name":"Barangay 173","center_lat":14.75261488,"center_lon":121.03579139},"geometry":{"type":"Polygon","coordinates":[[[121.033732149000116,14.761009035000143],[121.033713893000026,14.761097605000032],[121.033315504000029,14.760747681],[121.031689987000163,14.759405274000073],[121.030490786000087,14.758403531000056],[121.030145633000075,14.758351024000035],[121.030136320000111,14.756025529999988],[121.030237743000043,14.75593568000005],[121.03041089300018,14.755820797000013],[121.030806307000034,14.755304875000149],[121.030971892000139,14.755071554000097],[121.031401586000015,14.754467582000075],[121.031497048,14.754321387000118],[121.031547138000064,14.754224861000125],[121.031635261000019,14.754033188],[121.031845806000092,14.753432896000049],[121.031845948000182,14.753432543000145],[121.0322430760001,14.752442180000173],[121.03237991900005,14.752138352000088],[121.032495324000024,14.751856234000172],[121.032994102000089,14.750599467000029],[121.033059295000044,14.75044581200018],[121.033114245000206,14.75030319900003],[121.033197065000081,14.750119601000108],[121.033331763000092,14.749777455000071],[121.033475235000083,14.749393854],[121.033491413000093,14.749350813000092],[121.033553457000153,14.749130840000078],[121.033691834000138,14.748560924],[121.033788942000115,14.74818292100008],[121.033901734000096,14.747720624000124],[121.034261109000226,14.74666913100009],[121.034379064000291,14.746264115000145],[121.034430056000247,14.746044888000029],[121.034647417000201,14.745125330000178],[121.034733523000227,14.744799550000039],[121.034739191000199,14.744735604000084],[121.034762855000167,14.744312420000028],[121.03484671700005,14.744458503000146],[121.035115060000066,14.744891833000111],[121.035461112000121,14.745538312000065],[121.035624042000109,14.745825249000063],[121.036050604000025,14.746566071000075],[121.03610019700011,14.746660861000123],[121.036210079000057,14.746873691000133],[121.036554432000344,14.747501967000062],[121.036614547000113,14.747607082000172],[121.036688201000175,14.747736299999985],[121.036802351,14.747952186000077],[121.036926817000335,14.748187583000117],[121.037064949000069,14.748440529999982],[121.037275771000054,14.748826585000074],[121.037372117000018,14.748996887000146],[121.03751792800017,14.749256832000071],[121.037664460000201,14.749521469000172],[121.037896755000133,14.749933873000032],[121.038253023000152,14.750591062000126],[121.03850090100002,14.751030415000173],[121.0387473950002,14.751437010000132],[121.0392955880003,14.752402813],[121.039501274000145,14.75278758800016],[121.039807322000229,14.753352665000079],[121.040018350000082,14.75375442100011],[121.040056867000317,14.75382782700018],[121.039821136000114,14.753850821000128],[121.039697143000012,14.753852055000038],[121.039422378000154,14.753920204000053],[121.039256900000169,14.753961293000032],[121.039050161000205,14.754043255000056],[121.038908191000132,14.754142913000123],[121.038882807000164,14.75433500500003],[121.038909607000051,14.75463442500012],[121.038920708000205,14.754804352000065],[121.038909471000238,14.755050264000147],[121.038877844000012,14.755117651000091],[121.038790555000219,14.755168027000025],[121.038728454000079,14.755232385],[121.03861030500002,14.755452408],[121.038605818000065,14.755470219000131],[121.038541971000086,14.75555996300011],[121.038437061000081,14.755690220000133],[121.038308910000069,14.75579786500009],[121.038198554000132,14.755834943000139],[121.038073530000133,14.755819484000028],[121.037957410000104,14.755794871000035],[121.037845603000164,14.755761169000095],[121.037676873,14.755633942000088],[121.03759269000011,14.755581230000189],[121.037457651000068,14.755556038000066],[121.037429465000173,14.755556049000177],[121.037271637000117,14.755558387000178],[121.037071858000218,14.755596827000147],[121.036882177000052,14.75562120800015],[121.036648539000225,14.755682597000146],[121.03645020700003,14.755813980000084],[121.03638548400022,14.755860486000017],[121.036213479000139,14.756001732000186],[121.03611922600021,14.756274059000077],[121.036031361000141,14.756501682000135],[121.03603289800003,14.75667686900016],[121.036004093000201,14.756808726000145],[121.035967044000017,14.756874903000039],[121.035901323000076,14.75713482600014],[121.03580414600026,14.757303579000165],[121.035790375000147,14.75747173100001],[121.035814801000015,14.757668880999972],[121.035892766000302,14.757909529000187],[121.036060338000311,14.757973724000067],[121.036205425000162,14.758074710000074],[121.036327599000174,14.758161279000035],[121.036335251000082,14.758168519000151],[121.036404485000276,14.758277593000116],[121.036435872000084,14.758394424000073],[121.036429407000014,14.758511701000089],[121.036430306000057,14.75860695900019],[121.036469224000029,14.758716512999968],[121.036432938000075,14.758856090000108],[121.036306445000037,14.758984010000177],[121.036235045000126,14.759050695000099],[121.036143863,14.759051445000182],[121.036010246000046,14.759004758000117],[121.035895665000112,14.758968907999986],[121.035724244000221,14.758970267000052],[121.035618054000111,14.759008096000059],[121.035497079000038,14.759079290000102],[121.035357042000214,14.759190871000158],[121.035292357000117,14.759294149000027],[121.035300518000327,14.75981357500018],[121.035390224000139,14.759971528],[121.035433419000015,14.760078098000122],[121.03543082200008,14.760192432000167],[121.035413804000086,14.76038078400012],[121.035345611000025,14.760451617],[121.035300420000112,14.760503815999982],[121.035224279000204,14.760519264000038],[121.03514794900002,14.760516142000142],[121.034975539000015,14.76046186300016],[121.034791401,14.760408585],[121.034581016000175,14.760385463000034],[121.03441651300011,14.760383026000113],[121.034183265000024,14.760405172],[121.034038886000076,14.760463226000184],[121.033929116000195,14.760534920000055],[121.033865164000076,14.760616691],[121.033797358000129,14.760694845999978],[121.033753205000153,14.760846442000116],[121.033732149000116,14.761009035000143]]]}},{"type":"Feature","properties":{"adm4_name":"Barangay 174","adm4_name1":null,"adm4_name2":null,"adm4_name3":null,"adm4_pcode":"PH1307501174","adm3_name":"Caloocan City","adm3_name1":null,"adm3_name2":null,"adm3_name3":null,"adm3_pcode":"PH1307501","adm2_name":"Metropolitan Manila Third District","adm2_name1":null,"adm2_name2":null,"adm2_name3":null,"adm2_pcode":"PH13075","adm1_name":"National Capital Region (NCR)","adm1_name1":null,"adm1_name2":null,"adm1_name3":null,"adm1_pcode":"PH13","adm0_name":"Philippines","adm0_name1":null,"adm0_name2":null,"adm0_name3":null,"adm0_pcode":"PH","valid_on":"2025-02-13","valid_to":null,"area_sqkm":0.9128316,"version":"v03","lang":"en","lang1":null,"lang2":null,"lang3":null,"adm4_ref_name":"Barangay 174","center_lat":14.76190529,"center_lon":121.05019218},"geometry":{"type":"Polygon","coordinates":[[[121.051241175000087,14.76764617800012],[121.051087577000317,14.767702494],[121.051020145000052,14.767617167000139],[121.051011682000194,14.767606142000034],[121.050988807000181,14.767577128000084],[121.05089493000014,14.767473469000151],[121.05082715900005,14.767399276000162],[121.050788611000144,14.76732746600004],[121.050746867000043,14.767268041000023],[121.050673795000193,14.767224886000122],[121.050586391000024,14.767197482000142],[121.05052030600018,14.767177685000036],[121.050436282000192,14.7671755020001],[121.050375260000123,14.767174632000035],[121.050328883000248,14.767165654000166],[121.050291718000153,14.767123192000042],[121.050262530000168,14.767069409000101],[121.050228175000257,14.767009175000112],[121.050177263000137,14.767091617000176],[121.050121332000231,14.767196004000027],[121.050059108000028,14.767246792000151],[121.049975981000216,14.767299674000071],[121.049823805000074,14.767383199000164],[121.049650082000085,14.767424026000072],[121.049524645000133,14.767454747000045],[121.04938865400004,14.767455226000152],[121.049238832000015,14.767455529000074],[121.049096224000095,14.767405226999983],[121.048780266000108,14.767306829000063],[121.048603611000317,14.767257680000171],[121.048560229000145,14.767157958000041],[121.048532308000063,14.767059294000092],[121.048531935000028,14.767026311999985],[121.048560841000153,14.766978737000045],[121.048594842000057,14.766916765000076],[121.048599571000182,14.766836398000123],[121.048594502000014,14.766702435000127],[121.048584719000019,14.766629982999973],[121.048553262000155,14.766578964000132],[121.048488126000052,14.766512137000177],[121.048452024000085,14.766473033000125],[121.048382671000013,14.766311900000062],[121.048354687000142,14.766257307000046],[121.048307546000046,14.766212240000129],[121.04825035500005,14.766174830000068],[121.048222294000084,14.766117546000146],[121.048250049000217,14.766072128000133],[121.048326178000025,14.766029860000174],[121.048389248000035,14.766010252000115],[121.048448456000187,14.765997521000088],[121.048473448000095,14.76595586100018],[121.048503621,14.765861169000175],[121.048523231000104,14.765864287000056],[121.048537576000058,14.765888020000148],[121.048557335000055,14.765916876000063],[121.048584162000225,14.765916488000187],[121.04860579300032,14.765844467000022],[121.04868637900006,14.765636961000098],[121.048677506000104,14.765579215000116],[121.048680590000231,14.765547702000049],[121.048714277000045,14.765512825000087],[121.048712336000335,14.765446855000164],[121.048684657000081,14.765378167000165],[121.048652397000069,14.765345668000066],[121.04864903400005,14.765306667000118],[121.048645560000182,14.76523812500011],[121.048652054000172,14.765205374000175],[121.048391920000086,14.765198054999985],[121.04838828700008,14.764845051000123],[121.048388288000183,14.764647413000091],[121.04838049100033,14.764521520000073],[121.04837617800024,14.764460653000071],[121.048364869000125,14.764412290999985],[121.04835132300002,14.764375003000112],[121.0483243030003,14.764313767000033],[121.04829287400014,14.764259296000034],[121.048246526000185,14.764206668000099],[121.048195748000012,14.76416067700012],[121.048131121000097,14.764100147000079],[121.047917293000069,14.763945898000031],[121.047832902000096,14.763851663000139],[121.04769717500028,14.763702180000109],[121.046993453000141,14.762976693000041],[121.047706080000012,14.762462571000128],[121.047428599000114,14.76209156200008],[121.047138365000023,14.761719024000172],[121.046849281000164,14.761351508000132],[121.04656107400001,14.760966872000097],[121.046238285000186,14.760547441000142],[121.045643876000099,14.760942121000085],[121.044893856000044,14.761436129000117],[121.04477291,14.761517456000036],[121.044683127000098,14.761572081],[121.044411830000172,14.761141891000136],[121.044150758000228,14.760773307000022],[121.044078873000217,14.760659856000132],[121.043962316000034,14.760474778000059],[121.043774030000122,14.760198543000058],[121.043749830000252,14.759100433000128],[121.043737557000213,14.758668201999967],[121.043720066000105,14.757518457000174],[121.043713882000134,14.757247785000175],[121.043704235000178,14.756642493000186],[121.04369529600001,14.756221371000152],[121.043695458000229,14.756025241000088],[121.044982254000047,14.756115088000115],[121.047320729000035,14.756297179],[121.047933419000287,14.756345379000095],[121.048741322000069,14.756409695000059],[121.049396652000155,14.756462250000084],[121.049503020000088,14.756470856000078],[121.049947022000197,14.756506428000023],[121.052810899000065,14.756762151000089],[121.053122661000089,14.756789523000066],[121.05312347600011,14.757308597000019],[121.053114859000061,14.757729615000073],[121.053119521000212,14.758147712000095],[121.053121462000149,14.75866789000014],[121.053104308000115,14.75866789000014],[121.053111426000214,14.760343647000127],[121.053112137000312,14.760483747000023],[121.053108705000227,14.760616321000157],[121.053110323000169,14.760925659000179],[121.053111609000098,14.761073338000017],[121.053103220000025,14.761446160000162],[121.053101457000139,14.761524517000169],[121.053099909000025,14.762545048000106],[121.053087846000039,14.763165531000027],[121.05309451700009,14.765097138000101],[121.053087597000058,14.765324053000143],[121.053111418000185,14.765572733999988],[121.053148844000248,14.765559871000107],[121.053176751000024,14.765561845000093],[121.053184195000085,14.765608764000149],[121.053203116000077,14.765652064000165],[121.053253483000162,14.765737663000039],[121.053284703000031,14.76576740500002],[121.053320468000038,14.765804773000127],[121.053342591000046,14.765863123000145],[121.053386613000157,14.765992135000147],[121.05337421500019,14.767530731000079],[121.053138502000138,14.767305025000041],[121.052513222000016,14.767278766000118],[121.052326217000086,14.767311991000099],[121.052187331000027,14.7673513740001],[121.052080204000163,14.767412637000064],[121.051858245000176,14.767479564000041],[121.051731727000174,14.767527667000024],[121.05161905500006,14.767565899000147],[121.051465661000179,14.767578308000054],[121.051241175000087,14.76764617800012]]]}},{"type":"Feature","properties":{"adm4_name":"Barangay 175","adm4_name1":null,"adm4_name2":null,"adm4_name3":null,"adm4_pcode":"PH1307501175","adm3_name":"Caloocan City","adm3_name1":null,"adm3_name2":null,"adm3_name3":null,"adm3_pcode":"PH1307501","adm2_name":"Metropolitan Manila Third District","adm2_name1":null,"adm2_name2":null,"adm2_name3":null,"adm2_pcode":"PH13075","adm1_name":"National Capital Region (NCR)","adm1_name1":null,"adm1_name2":null,"adm1_name3":null,"adm1_pcode":"PH13","adm0_name":"Philippines","adm0_name1":null,"adm0_name2":null,"adm0_name3":null,"adm0_pcode":"PH","valid_on":"2025-02-13","valid_to":null,"area_sqkm":2.83702541,"version":"v03","lang":"en","lang1":null,"lang2":null,"lang3":null,"adm4_ref_name":"Barangay 175","center_lat":14.76500688,"center_lon":121.03972265},"geometry":{"type":"Polygon","coordinates":[[[121.030521398000019,14.776101107999978],[121.0303793920001,14.77615184900003],[121.030119889000048,14.776134367000168],[121.030121894000104,14.775923111000111],[121.030125374000022,14.775544802000127],[121.030134775000079,14.774522928000181],[121.030137960000047,14.774176689],[121.030145306000122,14.773135244000116],[121.030137889000116,14.772277733000124],[121.030131839000205,14.771621632000063],[121.030154605000121,14.769703106000179],[121.03017478400011,14.768070096000031],[121.030294031000039,14.767929191],[121.030370533000223,14.76780693000012],[121.030456749000223,14.767619194000019],[121.030590349000249,14.767492132000029],[121.03066823000006,14.76742211800007],[121.030800740000018,14.767306549000182],[121.030921215000149,14.767197308000107],[121.031080529000178,14.767084900000043],[121.031183537000175,14.766998591000117],[121.031335868000042,14.766876825000168],[121.031480805000228,14.766717077000067],[121.031583543000011,14.766573344],[121.031643970000118,14.766417445000172],[121.03167191700004,14.766274044000113],[121.031670808000058,14.766175869000051],[121.031656217000204,14.766049239999973],[121.031601106000153,14.765834629999972],[121.031516731000011,14.765626215000054],[121.031460186000231,14.765494507000028],[121.031325218,14.765320803],[121.031243509000092,14.765258860000131],[121.031139035000024,14.765165892000084],[121.031070329000045,14.765066309000133],[121.031040374000099,14.76494744300004],[121.03104359200006,14.764850734000106],[121.031063,14.764738487000159],[121.031137166000121,14.76468746300003],[121.031269497000153,14.764657052000075],[121.031427411000095,14.764659132000077],[121.031607892000011,14.764681858000188],[121.031792269000221,14.764695394000057],[121.031903978000173,14.764693961000035],[121.032061307000276,14.764684842000065],[121.032176173000039,14.76467292500007],[121.032329566000044,14.764638089000016],[121.032413801000189,14.764603697000041],[121.032520696,14.764524521000055],[121.032616021000194,14.764426825000157],[121.032688295000071,14.76430686000009],[121.03273330900015,14.764187059],[121.032750713000155,14.764045375000023],[121.032749760000115,14.763970953000069],[121.032725579000044,14.763881862000062],[121.032697707000011,14.763803974000041],[121.032635401000221,14.763737463000098],[121.03254279600003,14.763712005000116],[121.032373135000171,14.763698141000077],[121.032265201000087,14.763709964000043],[121.032172550000155,14.76371108800015],[121.032095387000254,14.763712069000121],[121.032013872000221,14.763660988000083],[121.031972033000216,14.763603784000168],[121.031944721000059,14.763552005000065],[121.031936598000016,14.76347038900002],[121.031939865000027,14.763362774000086],[121.031977539000081,14.763233343000138],[121.032049639000206,14.763098936000119],[121.032121445000143,14.762935112999969],[121.032178089000013,14.762812397000118],[121.032244300000229,14.762557502000107],[121.032276732000128,14.762308873000052],[121.032278488000088,14.762068345000046],[121.032308002000036,14.761935018000088],[121.032368302,14.761823631000027],[121.032471214000225,14.761774585000069],[121.032608843000162,14.761772872],[121.032735173000106,14.761785950000046],[121.032831117000228,14.761810570000137],[121.032946612000046,14.761864612000124],[121.033065892000195,14.761904457000128],[121.033231004000186,14.761943905000066],[121.033376647000068,14.761968659000161],[121.033456910000041,14.761968017000072],[121.033508867000023,14.761953998000081],[121.033539848000146,14.761915988000112],[121.033574945000282,14.761834045],[121.033610566000107,14.761740517000078],[121.03368067200006,14.761514362000128],[121.033693244,14.76133753300013],[121.033703095000078,14.761167736000061],[121.033713893000026,14.761097605000032],[121.033732149000116,14.761009035000143],[121.033753205000153,14.760846442000116],[121.033797358000129,14.760694845999978],[121.033865164000076,14.760616691],[121.033929116000195,14.760534920000055],[121.034038886000076,14.760463226000184],[121.034183265000024,14.760405172],[121.03441651300011,14.760383026000113],[121.034581016000175,14.760385463000034],[121.034791401,14.760408585],[121.034975539000015,14.76046186300016],[121.03514794900002,14.760516142000142],[121.035224279000204,14.760519264000038],[121.035300420000112,14.760503815999982],[121.035345611000025,14.760451617],[121.035413804000086,14.76038078400012],[121.03543082200008,14.760192432000167],[121.035433419000015,14.760078098000122],[121.035390224000139,14.759971528],[121.035300518000327,14.75981357500018],[121.035292357000117,14.759294149000027],[121.035357042000214,14.759190871000158],[121.035497079000038,14.759079290000102],[121.035618054000111,14.759008096000059],[121.035724244000221,14.758970267000052],[121.035895665000112,14.758968907999986],[121.036010246000046,14.759004758000117],[121.036143863,14.759051445000182],[121.036235045000126,14.759050695000099],[121.036306445000037,14.758984010000177],[121.036432938000075,14.758856090000108],[121.036469224000029,14.758716512999968],[121.036430306000057,14.75860695900019],[121.036429407000014,14.758511701000089],[121.036435872000084,14.758394424000073],[121.036404485000276,14.758277593000116],[121.036335251000082,14.758168519000151],[121.036327599000174,14.758161279000035],[121.036205425000162,14.758074710000074],[121.036060338000311,14.757973724000067],[121.035892766000302,14.757909529000187],[121.035814801000015,14.757668880999972],[121.035790375000147,14.75747173100001],[121.03580414600026,14.757303579000165],[121.035901323000076,14.75713482600014],[121.035967044000017,14.756874903000039],[121.036004093000201,14.756808726000145],[121.03603289800003,14.75667686900016],[121.036031361000141,14.756501682000135],[121.03611922600021,14.756274059000077],[121.036213479000139,14.756001732000186],[121.03638548400022,14.755860486000017],[121.03645020700003,14.755813980000084],[121.036648539000225,14.755682597000146],[121.036882177000052,14.75562120800015],[121.037071858000218,14.755596827000147],[121.037271637000117,14.755558387000178],[121.037429465000173,14.755556049000177],[121.037457651000068,14.755556038000066],[121.03759269000011,14.755581230000189],[121.037676873,14.755633942000088],[121.037845603000164,14.755761169000095],[121.037957410000104,14.755794871000035],[121.038073530000133,14.755819484000028],[121.038198554000132,14.755834943000139],[121.038308910000069,14.75579786500009],[121.038437061000081,14.755690220000133],[121.038541971000086,14.75555996300011],[121.038605818000065,14.755470219000131],[121.03861030500002,14.755452408],[121.038728454000079,14.755232385],[121.038790555000219,14.755168027000025],[121.038877844000012,14.755117651000091],[121.038909471000238,14.755050264000147],[121.038920708000205,14.754804352000065],[121.038909607000051,14.75463442500012],[121.038882807000164,14.75433500500003],[121.038908191000132,14.754142913000123],[121.039050161000205,14.754043255000056],[121.039256900000169,14.753961293000032],[121.039422378000154,14.753920204000053],[121.039697143000012,14.753852055000038],[121.039821136000114,14.753850821000128],[121.040056867000317,14.75382782700018],[121.040094523000107,14.753892023000162],[121.040220187000159,14.754112857000109],[121.040307510000048,14.754265490000023],[121.040514346000123,14.754636168000161],[121.040558235000049,14.754689527000039],[121.040941806000092,14.755127519000041],[121.041052803000298,14.755237425000075],[121.041141417000176,14.755313636000096],[121.041232948000015,14.755395804000102],[121.041289639000183,14.755441410000174],[121.04136518100006,14.755496113000163],[121.041428107000115,14.755541680000135],[121.041491003000147,14.755584194000107],[121.041565373000253,14.755622466000034],[121.041682673000196,14.755678273000115],[121.041869666000139,14.755741285],[121.042009420000113,14.755788893000044],[121.042114638000157,14.75582582200019],[121.042176868000183,14.755839039000136],[121.042338008000115,14.755872602000125],[121.042540285000086,14.755904372000089],[121.042843400000038,14.755947517000038],[121.043695458000229,14.756025241000088],[121.04369529600001,14.756221371000152],[121.043704235000178,14.756642493000186],[121.043713882000134,14.757247785000175],[121.043720066000105,14.757518457000174],[121.043737557000213,14.758668201999967],[121.043749830000252,14.759100433000128],[121.043774030000122,14.760198543000058],[121.043962316000034,14.760474778000059],[121.044078873000217,14.760659856000132],[121.044150758000228,14.760773307000022],[121.044411830000172,14.761141891000136],[121.044683127000098,14.761572081],[121.04477291,14.761517456000036],[121.044893856000044,14.761436129000117],[121.045643876000099,14.760942121000085],[121.046238285000186,14.760547441000142],[121.04656107400001,14.760966872000097],[121.046849281000164,14.761351508000132],[121.047138365000023,14.761719024000172],[121.047428599000114,14.76209156200008],[121.047706080000012,14.762462571000128],[121.046993453000141,14.762976693000041],[121.04769717500028,14.763702180000109],[121.047832902000096,14.763851663000139],[121.047917293000069,14.763945898000031],[121.048131121000097,14.764100147000079],[121.048195748000012,14.76416067700012],[121.048246526000185,14.764206668000099],[121.04829287400014,14.764259296000034],[121.0483243030003,14.764313767000033],[121.04835132300002,14.764375003000112],[121.048364869000125,14.764412290999985],[121.04837617800024,14.764460653000071],[121.04838049100033,14.764521520000073],[121.048388288000183,14.764647413000091],[121.04838828700008,14.764845051000123],[121.048391920000086,14.765198054999985],[121.048652054000172,14.765205374000175],[121.048645560000182,14.76523812500011],[121.04864903400005,14.765306667000118],[121.048652397000069,14.765345668000066],[121.048684657000081,14.765378167000165],[121.048712336000335,14.765446855000164],[121.048714277000045,14.765512825000087],[121.048680590000231,14.765547702000049],[121.048677506000104,14.765579215000116],[121.04868637900006,14.765636961000098],[121.04860579300032,14.765844467000022],[121.048584162000225,14.765916488000187],[121.048557335000055,14.765916876000063],[121.048537576000058,14.765888020000148],[121.048523231000104,14.765864287000056],[121.048503621,14.765861169000175],[121.048473448000095,14.76595586100018],[121.048448456000187,14.765997521000088],[121.048389248000035,14.766010252000115],[121.048326178000025,14.766029860000174],[121.048250049000217,14.766072128000133],[121.048222294000084,14.766117546000146],[121.04825035500005,14.766174830000068],[121.048307546000046,14.766212240000129],[121.048354687000142,14.766257307000046],[121.048382671000013,14.766311900000062],[121.048452024000085,14.766473033000125],[121.048488126000052,14.766512137000177],[121.048553262000155,14.766578964000132],[121.048584719000019,14.766629982999973],[121.048594502000014,14.766702435000127],[121.048599571000182,14.766836398000123],[121.048594842000057,14.766916765000076],[121.048560841000153,14.766978737000045],[121.048531935000028,14.767026311999985],[121.048532308000063,14.767059294000092],[121.048560229000145,14.767157958000041],[121.048603611000317,14.767257680000171],[121.048400943000047,14.767236799000102],[121.048318439000013,14.767239061000112],[121.04812637100008,14.767253489000041],[121.047951457000181,14.767257193000034],[121.047703016000014,14.7672752470001],[121.047458035000204,14.767345304000116],[121.047371232000046,14.767370836999987],[121.047311968000145,14.76736161700012],[121.047266678000142,14.767350832000034],[121.047251196000047,14.767357910999976],[121.047207573000264,14.767382299000076],[121.04720477800015,14.767383861000042],[121.047147659000075,14.76742740200018],[121.047100519000082,14.76748881300017],[121.047056068000074,14.767559274000064],[121.047030344000063,14.767642121000051],[121.046941286000219,14.767750950000107],[121.046916132000092,14.767808378000041],[121.046842514000218,14.767879510000057],[121.0467801530001,14.767938973000128],[121.046760726000116,14.767958071000123],[121.046603086000118,14.768030837000083],[121.046459602000141,14.768059415000153],[121.046385152000198,14.768054335000045],[121.046296490000145,14.768055127000139],[121.046217913000078,14.768070758000079],[121.046137790000103,14.76810578400017],[121.046073125000021,14.768136364000043],[121.046016974000054,14.768182147000175],[121.045988531000148,14.768258379000088],[121.045980007000139,14.768300886000134],[121.045973347000086,14.768369078000092],[121.045975487000078,14.768408312000133],[121.046002903000044,14.768496817000084],[121.046065048000173,14.768582107000043],[121.046156463000216,14.768719389000012],[121.046336850000102,14.769047329000159],[121.046355347000144,14.769162138000183],[121.046346687000096,14.769231590000061],[121.046294648000185,14.769288607000078],[121.046189979000133,14.769327694000026],[121.046095908000211,14.769329109000012],[121.045988264000016,14.769259313000134],[121.045839658000205,14.769150936000131],[121.045724217000156,14.76907401800014],[121.045496278000201,14.7688917750001],[121.045241187000101,14.768670665000059],[121.045106111000109,14.768550841000092],[121.044929832000207,14.768460945000129],[121.044823794000081,14.768434957000125],[121.044743191000293,14.768443729000126],[121.044651406000071,14.76846899200018],[121.044587633000219,14.768507500000169],[121.044571529000109,14.768567058000144],[121.044586364000224,14.76865597],[121.044612884000117,14.76880125100007],[121.044641884000043,14.768914008000081],[121.044676707000121,14.769053503000123],[121.044691476000025,14.769182990000104],[121.044684335000056,14.769325558],[121.044632773000217,14.769446787000163],[121.044548067000164,14.769562813],[121.04444401600017,14.769663055000137],[121.044347778000201,14.769728723000071],[121.044226130000084,14.769784150000135],[121.044153852000136,14.769798669000181],[121.044073594000224,14.769791327000064],[121.043890717000068,14.769769217000032],[121.04367764500023,14.769749077000142],[121.043522995000103,14.769729786000028],[121.043421267000213,14.769729208000172],[121.043317551000086,14.769730260000074],[121.043193116000225,14.769731487000115],[121.043134305000081,14.769732046000058],[121.043061820000048,14.769744131000095],[121.043003056000089,14.769780585999968],[121.042949339000188,14.769820316999983],[121.042921823000029,14.769853233000049],[121.042888501000107,14.769887868000183],[121.042834944000106,14.769921232000058],[121.042764129000147,14.769935449000116],[121.042718025000113,14.769915057],[121.042687082000043,14.769897606000086],[121.042654049000134,14.769860351000091],[121.042639880000252,14.769827599000052],[121.04263048100006,14.769776554000032],[121.042629896000108,14.769738495000126],[121.042629642000293,14.769679814000028],[121.0425855310001,14.769558614000118],[121.042498067000338,14.769452337000075],[121.042371054000228,14.76937640500006],[121.042253450000089,14.769259352],[121.042179134000321,14.76915693400008],[121.042114422000168,14.769078281000077],[121.042053523000163,14.768974473000185],[121.041996368000127,14.768894834999969],[121.041921629000058,14.768873627000175],[121.041864892000262,14.768889301000058],[121.041828517000226,14.768935750000082],[121.041826298000046,14.768953377],[121.041824288000271,14.768952631000161],[121.041733788000101,14.768902835000119],[121.0416737930002,14.768924109000068],[121.041649766000091,14.768985691000012],[121.041570041000114,14.769420436000019],[121.04139415800023,14.770239738000157],[121.04123215900006,14.770610662000081],[121.041057222000063,14.770844328000067],[121.040930058000185,14.771045842000035],[121.040754468000046,14.771295049000173],[121.040632753000182,14.771482560000152],[121.040506347000019,14.771674394],[121.040432678000116,14.77179488400003],[121.040322236000179,14.771975280000049],[121.040260839000325,14.772065169000086],[121.040076690000092,14.772283579000032],[121.040023225000027,14.772354687000075],[121.039943276000031,14.772309220000125],[121.03982378600017,14.772286246000021],[121.039575125000056,14.772252053000102],[121.039382899000202,14.772229287000187],[121.039179487000069,14.772232327999973],[121.038723861000335,14.772236829000121],[121.038634150000121,14.77225985900003],[121.038578546000167,14.772293624999975],[121.038445488000093,14.772415542000033],[121.038408978,14.772448043000168],[121.038277523000033,14.772562688000164],[121.038241017000018,14.772595687000148],[121.038234853000063,14.773150019000184],[121.03822871300008,14.773774637000145],[121.038224341000046,14.774045773000012],[121.038208887000224,14.774197499000138],[121.038202960000149,14.774305297000183],[121.038203341000099,14.774414322000041],[121.038191690000076,14.774563253000053],[121.038100385000121,14.774610360000111],[121.037996898000188,14.774682957000152],[121.037968229000171,14.774754093000183],[121.037912750000146,14.774863093000135],[121.037820350000061,14.774939370000141],[121.037715013000025,14.774974211000085],[121.037634689000129,14.775112809],[121.037499761000163,14.775222222000082],[121.037310909000098,14.775307539000153],[121.037110114000143,14.775453238000011],[121.037000876000207,14.775529557000027],[121.036945493000076,14.77553553000007],[121.036820593000243,14.775548575000187],[121.036631217000036,14.775598425000055],[121.036365514000181,14.775607975000128],[121.03616386300007,14.775622185000088],[121.03594118,14.775782066999966],[121.035665698000344,14.775722452000082],[121.035484133000182,14.775767419000033],[121.035483270000213,14.775767633000044],[121.035387006000065,14.775791442000127],[121.034927986000071,14.775776544000166],[121.034717269000112,14.775756368000089],[121.034447780000164,14.775730569000132],[121.03421068300031,14.775778299000024],[121.033933286000206,14.775804955000069],[121.033690468000032,14.775763505000043],[121.033532350000087,14.775758876999987],[121.033507525000232,14.775762347000125],[121.033497677000128,14.775749105000102],[121.033483307000211,14.775743526000099],[121.033414341000139,14.775739510999983],[121.033370819000083,14.775733692000131],[121.033361910000167,14.775720503000059],[121.033349394000197,14.775688199],[121.033330558000102,14.7756997890001],[121.033296902000075,14.775702189000128],[121.033279377000213,14.775941169000191],[121.032757417000198,14.775929270000177],[121.03263452900012,14.775926475],[121.032462238000107,14.775923017000082],[121.032425791000037,14.775937872000156],[121.032410140000138,14.775965073],[121.032390483000199,14.776019280000128],[121.032372205000115,14.776083096000093],[121.032363648000342,14.776125803000184],[121.032344077000062,14.77612581000011],[121.032138807000138,14.776088967000135],[121.031880904000218,14.776004754000041],[121.031675634000067,14.77599949100005],[121.031523067000194,14.776002386000187],[121.031396678000078,14.776004754000041],[121.031222356000058,14.775990229000172],[121.031144039000083,14.775983701000143],[121.030854556,14.775994227000126],[121.030532606000179,14.775998145000074],[121.030533879000018,14.776102359],[121.030521398000019,14.776101107999978]]]}},{"type":"Feature","properties":{"adm4_name":"Barangay 176","adm4_name1":null,"adm4_name2":null,"adm4_name3":null,"adm4_pcode":"PH1307501176","adm3_name":"Caloocan City","adm3_name1":null,"adm3_name2":null,"adm3_name3":null,"adm3_pcode":"PH1307501","adm2_name":"Metropolitan Manila Third District","adm2_name1":null,"adm2_name2":null,"adm2_name3":null,"adm2_pcode":"PH13075","adm1_name":"National Capital Region (NCR)","adm1_name1":null,"adm1_name2":null,"adm1_name3":null,"adm1_pcode":"PH13","adm0_name":"Philippines","adm0_name1":null,"adm0_name2":null,"adm0_name3":null,"adm0_pcode":"PH","valid_on":"2025-02-13","valid_to":null,"area_sqkm":4.53850269,"version":"v03","lang":"en","lang1":null,"lang2":null,"lang3":null,"adm4_ref_name":"Barangay 176","center_lat":14.77524703,"center_lon":121.04975668},"geometry":{"type":"Polygon","coordinates":[[[121.038416598000026,14.78524708100008],[121.038152938000053,14.785291728000175],[121.03798724100011,14.785258927000029],[121.037863259000233,14.78520995100007],[121.037733244000037,14.785158707000051],[121.037641787000211,14.785160614000119],[121.037442978000172,14.785154368000178],[121.036812699000166,14.785208626000042],[121.036608939000189,14.78521448500004],[121.036495110000033,14.785199173000024],[121.036391930000036,14.785159689000125],[121.036283825000055,14.785040751000054],[121.036254997000015,14.784942486000034],[121.03623456400021,14.78486485000019],[121.036220280000066,14.784694722000154],[121.036275118000162,14.784477460000119],[121.036343566000141,14.784207651000088],[121.036373560000129,14.784091455000066],[121.036357805000193,14.783937876000039],[121.036282744000118,14.78384515800019],[121.036199300000135,14.78377384200013],[121.036114998000016,14.783735314000182],[121.036050470000077,14.783707014000129],[121.035984857000017,14.783695028000011],[121.035891706000029,14.783681028000103],[121.035697480000181,14.783664970000189],[121.035514484000146,14.783684387000108],[121.035255125000049,14.783724126000095],[121.035043059000259,14.783823830000188],[121.034898483,14.783957778000115],[121.034858149000229,14.78402121],[121.034776885000042,14.784269768000172],[121.034698875000231,14.784508153000047],[121.034598017,14.784616885],[121.034516375000067,14.784665833000133],[121.034474526000054,14.784690923000085],[121.03433558200004,14.784728321000159],[121.034239137000213,14.784713135000175],[121.034158068000124,14.784662811999965],[121.034066121000251,14.784544012000083],[121.033983349000323,14.78432113100007],[121.033965309000109,14.784171800000024],[121.033977154000127,14.783803529000011],[121.03395759100033,14.783687857000075],[121.033889665000061,14.783564930000068],[121.033818603000213,14.783521520000079],[121.033757433000119,14.783486416000187],[121.033595562000301,14.783430726000176],[121.033344786000157,14.783372759000088],[121.033240948000071,14.783318358000145],[121.033092518000103,14.783219037000151],[121.032738853000069,14.783050893000109],[121.032584803000077,14.782979191000038],[121.032458261000102,14.782928769000137],[121.032247223000013,14.782899105000183],[121.032126049000112,14.78288531700008],[121.031947459000094,14.782894072000033],[121.031847722000066,14.782908045],[121.031746769000051,14.782937383000103],[121.031452080000236,14.783102807000148],[121.031361411000148,14.783176419000029],[121.031289100000095,14.783240272000057],[121.031241588000057,14.783310502000177],[121.031199429000026,14.783393206000085],[121.031144440000048,14.783532708999985],[121.031106609000176,14.783647459000065],[121.031046543000343,14.783841745000188],[121.030953645000295,14.784041785],[121.030907898,14.784112888000152],[121.030860156000131,14.784167998999976],[121.03082154800029,14.784205061000023],[121.030772026000136,14.784231403999968],[121.030726266000215,14.784252412000114],[121.030664121000314,14.784253929000158],[121.030602071000203,14.784248399000091],[121.030479924000133,14.784200424000119],[121.030386275000069,14.784121421000066],[121.030306340000152,14.783957193000106],[121.030231988000196,14.78373774500011],[121.030176601000107,14.783256881000113],[121.030166294000082,14.783025176000024],[121.030171646000213,14.782975645000079],[121.030295102000082,14.782727526000087],[121.030486792000147,14.782412566000119],[121.03054200400004,14.782296941000084],[121.030683147000104,14.781990379000092],[121.030677631000231,14.781841514000121],[121.030606820000116,14.781636457000161],[121.030516063000164,14.781532319000064],[121.03043202400022,14.781451529000094],[121.030286684000089,14.781408028000158],[121.030088240000055,14.781390382000097],[121.029953971000054,14.781416548000152],[121.029848740000261,14.781457470000134],[121.02979382500007,14.781479247999982],[121.02969655600009,14.781560818000173],[121.029592035000064,14.781668329000127],[121.029312873000094,14.781734460000166],[121.028912821000063,14.781845572000123],[121.028719120000233,14.781884457000046],[121.02849178800011,14.78189473000009],[121.028329718,14.781832778000137],[121.028221387000031,14.781699648000142],[121.028077824000093,14.781486514000051],[121.027968895000072,14.781271736000065],[121.027930128000321,14.781020990000115],[121.027944408000053,14.780612716000064],[121.027953591000028,14.780252007000172],[121.027878374000124,14.78002340900008],[121.027688422000097,14.779842706000125],[121.027607429000227,14.779783324],[121.027545617000214,14.779738990000055],[121.027389864000043,14.779673287000037],[121.027027097000087,14.779590937000023],[121.026831668000227,14.779575399000123],[121.026672883000174,14.779571758000088],[121.026335276000168,14.779576261000045],[121.026178614000173,14.779541780000102],[121.025885925000011,14.779437133000044],[121.025692793000076,14.779347694000023],[121.025531417000025,14.779316883000035],[121.025267924000104,14.779318065000155],[121.025087184000085,14.779331163000165],[121.025006136000115,14.779326235000099],[121.024927723000019,14.779296972000111],[121.024876150000068,14.779236322000031],[121.024862295000048,14.779164490000142],[121.024882905000027,14.779089494000175],[121.024939534000168,14.779007352000122],[121.025020021000159,14.778947987000095],[121.025100238000164,14.778918379000118],[121.02522776100011,14.778865082000095],[121.025306432000093,14.778827869000111],[121.025420976000191,14.77873058900002],[121.025503922000098,14.778606026000148],[121.025766087000079,14.778312872000015],[121.025921420000032,14.778206564000129],[121.026147243000196,14.778104109000083],[121.026326833000098,14.778031824000038],[121.026458744000138,14.778014697000117],[121.02657901200007,14.778009188000112],[121.026752692000059,14.778053201000148],[121.026908472000173,14.778083413000161],[121.027056516000016,14.778120178000052],[121.027207675000113,14.778149048000159],[121.027580280000166,14.778157286000123],[121.027840801000139,14.778130063999981],[121.027965060000042,14.778119345000107],[121.028051479000169,14.77805530400002],[121.028078674000199,14.777946337000174],[121.028090620000285,14.777862723000169],[121.028070796000065,14.777772152000068],[121.028057071000262,14.777713108000171],[121.02793930200005,14.777582240000129],[121.027516522000042,14.777268792000143],[121.027039097000056,14.776995331000023],[121.02677893800012,14.776833145000069],[121.026651826000034,14.776788336000038],[121.026522791000161,14.776765855],[121.026342136000039,14.776728898000044],[121.026209008000023,14.776668048000033],[121.026059377000024,14.776585845000056],[121.026003318000107,14.776554988000044],[121.02590363600018,14.776462777000177],[121.02585619100023,14.77638299500012],[121.025817142000164,14.776249918000076],[121.025901873000066,14.776250570000116],[121.026071458000047,14.776251990000048],[121.02641739500018,14.776256792000083],[121.026696641000171,14.776259167000035],[121.026826933000052,14.776261328000089],[121.027178236000282,14.776263344000085],[121.027682611000046,14.776267604000111],[121.027800977000084,14.776271798000096],[121.028016194000202,14.776273214000014],[121.028390333000175,14.776280611],[121.028843219000123,14.776283850000027],[121.029202446000113,14.776289821000091],[121.029562519000137,14.77629321500018],[121.029804130000116,14.776293924000129],[121.029887757000211,14.776310540000111],[121.029895132000206,14.776311385999975],[121.029902192000122,14.776312009000151],[121.02990945900001,14.776312217000168],[121.029917973000011,14.776312009000151],[121.029932538000139,14.776310341000169],[121.029946702000075,14.776309614000184],[121.029992466000067,14.776304748000143],[121.030118577000167,14.776283629000091],[121.030119889000048,14.776134367000168],[121.0303793920001,14.77615184900003],[121.030521398000019,14.776101107999978],[121.030533879000018,14.776102359],[121.030532606000179,14.775998145000074],[121.030854556,14.775994227000126],[121.031144039000083,14.775983701000143],[121.031222356000058,14.775990229000172],[121.031396678000078,14.776004754000041],[121.031523067000194,14.776002386000187],[121.031675634000067,14.77599949100005],[121.031880904000218,14.776004754000041],[121.032138807000138,14.776088967000135],[121.032344077000062,14.77612581000011],[121.032363648000342,14.776125803000184],[121.032372205000115,14.776083096000093],[121.032390483000199,14.776019280000128],[121.032410140000138,14.775965073],[121.032425791000037,14.775937872000156],[121.032462238000107,14.775923017000082],[121.03263452900012,14.775926475],[121.032757417000198,14.775929270000177],[121.033279377000213,14.775941169000191],[121.033296902000075,14.775702189000128],[121.033330558000102,14.7756997890001],[121.033349394000197,14.775688199],[121.033361910000167,14.775720503000059],[121.033370819000083,14.775733692000131],[121.033414341000139,14.775739510999983],[121.033483307000211,14.775743526000099],[121.033497677000128,14.775749105000102],[121.033507525000232,14.775762347000125],[121.033532350000087,14.775758876999987],[121.033690468000032,14.775763505000043],[121.033933286000206,14.775804955000069],[121.03421068300031,14.775778299000024],[121.034447780000164,14.775730569000132],[121.034717269000112,14.775756368000089],[121.034927986000071,14.775776544000166],[121.035387006000065,14.775791442000127],[121.035483270000213,14.775767633000044],[121.035484133000182,14.775767419000033],[121.035665698000344,14.775722452000082],[121.03594118,14.775782066999966],[121.03616386300007,14.775622185000088],[121.036365514000181,14.775607975000128],[121.036631217000036,14.775598425000055],[121.036820593000243,14.775548575000187],[121.036945493000076,14.77553553000007],[121.037000876000207,14.775529557000027],[121.037110114000143,14.775453238000011],[121.037310909000098,14.775307539000153],[121.037499761000163,14.775222222000082],[121.037634689000129,14.775112809],[121.037715013000025,14.774974211000085],[121.037820350000061,14.774939370000141],[121.037912750000146,14.774863093000135],[121.037968229000171,14.774754093000183],[121.037996898000188,14.774682957000152],[121.038100385000121,14.774610360000111],[121.038191690000076,14.774563253000053],[121.038203341000099,14.774414322000041],[121.038202960000149,14.774305297000183],[121.038208887000224,14.774197499000138],[121.038224341000046,14.774045773000012],[121.03822871300008,14.773774637000145],[121.038234853000063,14.773150019000184],[121.038241017000018,14.772595687000148],[121.038277523000033,14.772562688000164],[121.038408978,14.772448043000168],[121.038445488000093,14.772415542000033],[121.038578546000167,14.772293624999975],[121.038634150000121,14.77225985900003],[121.038723861000335,14.772236829000121],[121.039179487000069,14.772232327999973],[121.039382899000202,14.772229287000187],[121.039575125000056,14.772252053000102],[121.03982378600017,14.772286246000021],[121.039943276000031,14.772309220000125],[121.040023225000027,14.772354687000075],[121.040076690000092,14.772283579000032],[121.040260839000325,14.772065169000086],[121.040322236000179,14.771975280000049],[121.040432678000116,14.77179488400003],[121.040506347000019,14.771674394],[121.040632753000182,14.771482560000152],[121.040754468000046,14.771295049000173],[121.040930058000185,14.771045842000035],[121.041057222000063,14.770844328000067],[121.04123215900006,14.770610662000081],[121.04139415800023,14.770239738000157],[121.041570041000114,14.769420436000019],[121.041649766000091,14.768985691000012],[121.0416737930002,14.768924109000068],[121.041733788000101,14.768902835000119],[121.041824288000271,14.768952631000161],[121.041826298000046,14.768953377],[121.041828517000226,14.768935750000082],[121.041864892000262,14.768889301000058],[121.041921629000058,14.768873627000175],[121.041996368000127,14.768894834999969],[121.042053523000163,14.768974473000185],[121.042114422000168,14.769078281000077],[121.042179134000321,14.76915693400008],[121.042253450000089,14.769259352],[121.042371054000228,14.76937640500006],[121.042498067000338,14.769452337000075],[121.0425855310001,14.769558614000118],[121.042629642000293,14.769679814000028],[121.042629896000108,14.769738495000126],[121.04263048100006,14.769776554000032],[121.042639880000252,14.769827599000052],[121.042654049000134,14.769860351000091],[121.042687082000043,14.769897606000086],[121.042718025000113,14.769915057],[121.042764129000147,14.769935449000116],[121.042834944000106,14.769921232000058],[121.042888501000107,14.769887868000183],[121.042921823000029,14.769853233000049],[121.042949339000188,14.769820316999983],[121.043003056000089,14.769780585999968],[121.043061820000048,14.769744131000095],[121.043134305000081,14.769732046000058],[121.043193116000225,14.769731487000115],[121.043317551000086,14.769730260000074],[121.043421267000213,14.769729208000172],[121.043522995000103,14.769729786000028],[121.04367764500023,14.769749077000142],[121.043890717000068,14.769769217000032],[121.044073594000224,14.769791327000064],[121.044153852000136,14.769798669000181],[121.044226130000084,14.769784150000135],[121.044347778000201,14.769728723000071],[121.04444401600017,14.769663055000137],[121.044548067000164,14.769562813],[121.044632773000217,14.769446787000163],[121.044684335000056,14.769325558],[121.044691476000025,14.769182990000104],[121.044676707000121,14.769053503000123],[121.044641884000043,14.768914008000081],[121.044612884000117,14.76880125100007],[121.044586364000224,14.76865597],[121.044571529000109,14.768567058000144],[121.044587633000219,14.768507500000169],[121.044651406000071,14.76846899200018],[121.044743191000293,14.768443729000126],[121.044823794000081,14.768434957000125],[121.044929832000207,14.768460945000129],[121.045106111000109,14.768550841000092],[121.045241187000101,14.768670665000059],[121.045496278000201,14.7688917750001],[121.045724217000156,14.76907401800014],[121.045839658000205,14.769150936000131],[121.045988264000016,14.769259313000134],[121.046095908000211,14.769329109000012],[121.046189979000133,14.769327694000026],[121.046294648000185,14.769288607000078],[121.046346687000096,14.769231590000061],[121.046355347000144,14.769162138000183],[121.046336850000102,14.769047329000159],[121.046156463000216,14.768719389000012],[121.046065048000173,14.768582107000043],[121.046002903000044,14.768496817000084],[121.045975487000078,14.768408312000133],[121.045973347000086,14.768369078000092],[121.045980007000139,14.768300886000134],[121.045988531000148,14.768258379000088],[121.046016974000054,14.768182147000175],[121.046073125000021,14.768136364000043],[121.046137790000103,14.76810578400017],[121.046217913000078,14.768070758000079],[121.046296490000145,14.768055127000139],[121.046385152000198,14.768054335000045],[121.046459602000141,14.768059415000153],[121.046603086000118,14.768030837000083],[121.046760726000116,14.767958071000123],[121.0467801530001,14.767938973000128],[121.046842514000218,14.767879510000057],[121.046916132000092,14.767808378000041],[121.046941286000219,14.767750950000107],[121.047030344000063,14.767642121000051],[121.047056068000074,14.767559274000064],[121.047100519000082,14.76748881300017],[121.047147659000075,14.76742740200018],[121.04720477800015,14.767383861000042],[121.047207573000264,14.767382299000076],[121.047251196000047,14.767357910999976],[121.047266678000142,14.767350832000034],[121.047311968000145,14.76736161700012],[121.047371232000046,14.767370836999987],[121.047458035000204,14.767345304000116],[121.047703016000014,14.7672752470001],[121.047951457000181,14.767257193000034],[121.04812637100008,14.767253489000041],[121.048318439000013,14.767239061000112],[121.048400943000047,14.767236799000102],[121.048603611000317,14.767257680000171],[121.048780266000108,14.767306829000063],[121.049096224000095,14.767405226999983],[121.049238832000015,14.767455529000074],[121.04938865400004,14.767455226000152],[121.049524645000133,14.767454747000045],[121.049650082000085,14.767424026000072],[121.049823805000074,14.767383199000164],[121.049975981000216,14.767299674000071],[121.050059108000028,14.767246792000151],[121.050121332000231,14.767196004000027],[121.050177263000137,14.767091617000176],[121.050228175000257,14.767009175000112],[121.050262530000168,14.767069409000101],[121.050291718000153,14.767123192000042],[121.050328883000248,14.767165654000166],[121.050375260000123,14.767174632000035],[121.050436282000192,14.7671755020001],[121.05052030600018,14.767177685000036],[121.050586391000024,14.767197482000142],[121.050673795000193,14.767224886000122],[121.050746867000043,14.767268041000023],[121.050788611000144,14.76732746600004],[121.05082715900005,14.767399276000162],[121.05089493000014,14.767473469000151],[121.050988807000181,14.767577128000084],[121.051011682000194,14.767606142000034],[121.051020145000052,14.767617167000139],[121.051087577000317,14.767702494],[121.051241175000087,14.76764617800012],[121.051465661000179,14.767578308000054],[121.05161905500006,14.767565899000147],[121.051731727000174,14.767527667000024],[121.051858245000176,14.767479564000041],[121.052080204000163,14.767412637000064],[121.052187331000027,14.7673513740001],[121.052326217000086,14.767311991000099],[121.052513222000016,14.767278766000118],[121.053138502000138,14.767305025000041],[121.05337421500019,14.767530731000079],[121.053386613000157,14.765992135000147],[121.053342591000046,14.765863123000145],[121.053320468000038,14.765804773000127],[121.053284703000031,14.76576740500002],[121.053253483000162,14.765737663000039],[121.053203116000077,14.765652064000165],[121.053184195000085,14.765608764000149],[121.053176751000024,14.765561845000093],[121.053221625000106,14.765562673000147],[121.053301404000081,14.765559972000176],[121.053372280000076,14.765532555000163],[121.053476038000099,14.76551001100006],[121.053522438000073,14.765494678000096],[121.053593363000346,14.765461045000109],[121.053661494000039,14.76542445399997],[121.05371145700019,14.7653955400001],[121.053861684000253,14.765321475000064],[121.053934608000077,14.765284956000187],[121.053985222000165,14.765279236000026],[121.054041781000137,14.765279143000157],[121.054073757000083,14.765283329000113],[121.054101378000041,14.765281873],[121.0541260990002,14.765274760000011],[121.054140630000234,14.765260578000095],[121.054172644000232,14.765217952000114],[121.054202891000159,14.765170824000165],[121.054796253000063,14.765890133000084],[121.055364390000022,14.766563596000083],[121.055033685000012,14.76673945400006],[121.054827106000062,14.766854401000103],[121.054841582000108,14.76690544000013],[121.054625295000278,14.766974621000088],[121.054639230000134,14.767008955999984],[121.05466855300017,14.767081201],[121.055129459000113,14.767527864000101],[121.055209085000115,14.767667660000143],[121.0552633960001,14.767846583000107],[121.055299766000076,14.768021810000107],[121.055319431000157,14.768254813000112],[121.055347035000182,14.768402496000022],[121.05548985300004,14.768446351000023],[121.055943253000123,14.768552879000083],[121.056106119000106,14.768542620000062],[121.056264858000191,14.768513048000102],[121.056505679000111,14.768459294000081],[121.056579010000064,14.768442888000152],[121.057331003000172,14.768244860000095],[121.057440345000145,14.768581750000124],[121.057505542000172,14.768778892000057],[121.057522780000113,14.768851815000176],[121.057631533000176,14.769165708000116],[121.057677417000036,14.769265173000065],[121.057709924000164,14.769306020000158],[121.057659465000029,14.769339568000078],[121.057356142000231,14.76950524200015],[121.057104933000119,14.769664611000053],[121.057025678000059,14.769736720000083],[121.05696417300021,14.769811638000078],[121.056930174000172,14.769864963000146],[121.056849967000176,14.770051275000071],[121.05675098800009,14.770322061000115],[121.056711176000135,14.770427586000039],[121.056649845000152,14.770555119000051],[121.056580949000136,14.770665437000105],[121.056499707000171,14.77077464700011],[121.05641597400006,14.770872525000186],[121.056953309000164,14.771325405000027],[121.056995756000219,14.771347519000074],[121.057085578000056,14.771380309000108],[121.05746642500003,14.771462342000063],[121.057726049000166,14.771514978000141],[121.058042037000064,14.771581180000112],[121.058289255000091,14.77163027600011],[121.058960397000192,14.77173693800006],[121.059262262000175,14.771783798000172],[121.059588667000071,14.771833041000093],[121.059715517000086,14.771854755000106],[121.060298989000103,14.771974924000176],[121.060586754000155,14.772101973000133],[121.06074655000009,14.772166938999987],[121.060904106000294,14.772236363000047],[121.061045687000046,14.77230649500018],[121.061177145000102,14.772389590000046],[121.06127398000001,14.772471684999971],[121.061404418000166,14.772593996000069],[121.061602887000163,14.772997382000028],[121.061692883000092,14.773221252000099],[121.061825750000025,14.773486438000191],[121.061835052000106,14.773515555000017],[121.061834128000328,14.773572100000024],[121.0618307310001,14.773779920000152],[121.061830358000066,14.773802782000075],[121.062124854000103,14.773741465000057],[121.062413814000024,14.773689324000088],[121.062833251000143,14.773601510000105],[121.062869980000073,14.773807442000134],[121.062819590000117,14.773869526000112],[121.062759167000081,14.773970096000085],[121.062542901000143,14.774277828000152],[121.062398765000239,14.774527082000134],[121.062353835000067,14.774602695999988],[121.062334707000105,14.774645571000065],[121.062222444000099,14.774961641000118],[121.062194373000011,14.775037184999974],[121.062161089000142,14.775108038999974],[121.0621359390002,14.775153730000113],[121.062106732000188,14.775199256000178],[121.062048663000041,14.775271835000012],[121.062044268000136,14.775276837000092],[121.062045788000091,14.775278550000166],[121.062234108000212,14.775421875],[121.062412009000127,14.775546292000115],[121.062394789000109,14.775653831],[121.062366179000037,14.775880616000052],[121.062388675000079,14.776325968000151],[121.062574291000033,14.777111694000098],[121.062689410000075,14.777700914000036],[121.062726517000215,14.777870920000055],[121.062817052000128,14.778272510000079],[121.062838394000096,14.778558788000112],[121.062811892000013,14.778688669000132],[121.062379148000105,14.779038592000063],[121.06196595900019,14.779353767000089],[121.061760333000052,14.779399764000061],[121.061610366000082,14.779321996000021],[121.061401866000097,14.779166082000131],[121.061180623000041,14.778944105000107],[121.060826931000065,14.778557691000117],[121.060458287000074,14.778259882999976],[121.06031208100012,14.778064638000103],[121.060176919000128,14.77777308400016],[121.060070914000107,14.777490520000015],[121.059889443000088,14.776986644999965],[121.059853031000102,14.77692842100015],[121.059834830000113,14.776919150000026],[121.059807265000018,14.77690688000007],[121.059755842000186,14.776918612000145],[121.059642902000064,14.776998151000043],[121.059583018000239,14.777060199000061],[121.059576395000136,14.777064667000047],[121.059542696000108,14.777101461000086],[121.059481576000053,14.777212],[121.059451209000258,14.777332116000082],[121.059467626000128,14.777495714000111],[121.059467928000117,14.777600782000093],[121.059452020000094,14.777740591],[121.059444280000093,14.777792481000063],[121.059418204000281,14.777970503000063],[121.059432759000174,14.778153521999968],[121.059467093000194,14.778300061000152],[121.059535528000083,14.778418154000065],[121.059555895000017,14.778555421000135],[121.059540222000123,14.77876437000009],[121.059506018000093,14.778906312000117],[121.059425779000094,14.779026021000163],[121.05935412600013,14.779177502000152],[121.059326594000026,14.779262147000168],[121.059321823000232,14.779341639000165],[121.05934450600023,14.77938846100011],[121.059332914000152,14.779505463000021],[121.059326969000153,14.77963225700006],[121.05935190300022,14.779809295000121],[121.059375227000032,14.780192433000025],[121.059385072000055,14.780246992],[121.05940438600021,14.780324859000132],[121.059383305000324,14.780401062000124],[121.059356523000019,14.780516],[121.059299692000081,14.780619770000101],[121.059249879000163,14.780689055000096],[121.059219100000178,14.780731798000147],[121.059140511000123,14.780785165000054],[121.059067236000033,14.780814530999976],[121.058887616000106,14.780849809000074],[121.058823056000051,14.780876365000154],[121.058776495000075,14.780882021000082],[121.058729340000127,14.780861466000033],[121.058698756000126,14.780814798999984],[121.058636428000113,14.780684615000098],[121.058590644000219,14.780610598000067],[121.058429505000277,14.780523052000092],[121.058195599000101,14.780432197000152],[121.05789320000008,14.780328766000025],[121.057477528000163,14.780195000000163],[121.05739440900004,14.780185169000163],[121.057345949000023,14.780208452000011],[121.057275654000136,14.780294285000082],[121.057204758000125,14.780367783000145],[121.056897779000224,14.780568321000032],[121.05655868000008,14.780805467000107],[121.056478356000071,14.780902469000182],[121.056306544000222,14.781127737000133],[121.05608776400004,14.78152234800001],[121.055930948000082,14.781772254000089],[121.055857312000171,14.781889600000056],[121.055748243000153,14.782082222000156],[121.055687723000119,14.782187786000179],[121.055652935000012,14.782329748000052],[121.055646358000104,14.78239650200004],[121.055608550000215,14.782449738000025],[121.055532512000127,14.782511563000071],[121.055420507,14.782563240000172],[121.055347341000015,14.782572915000173],[121.055235200000084,14.782589623000149],[121.055110430000013,14.782609868000122],[121.055030594000186,14.782581908000111],[121.054983266000022,14.782536250000078],[121.054945969000187,14.782469727000148],[121.054929331000039,14.782396732000052],[121.054935079000188,14.78230369500011],[121.054976285000066,14.781995414999983],[121.054975156000182,14.781763736000073],[121.054891313000098,14.781543404000161],[121.05480757600003,14.781335677000129],[121.054743956000038,14.78124477700004],[121.054666028000042,14.781202205000113],[121.054627839000318,14.781192229000169],[121.054582225000104,14.781180080000127],[121.054444643000124,14.781184992000021],[121.054333929000336,14.781191037000042],[121.054226166000035,14.781217229999982],[121.054090883000299,14.781305951000149],[121.053975524000066,14.781441389000179],[121.053907075000211,14.781517681000082],[121.05389567300017,14.781534646000125],[121.053849800000194,14.781595626000069],[121.053845544000183,14.781606849000184],[121.053794268000047,14.781717712000045],[121.053770563000057,14.781891981000115],[121.053741072000093,14.782182067000178],[121.053733905000058,14.782338051000124],[121.053683188000036,14.782601995999983],[121.053594524000346,14.782745773000102],[121.053511818000061,14.782802039000103],[121.053376685000217,14.782849658999965],[121.052967882000189,14.782888909],[121.052656687000081,14.782835337000051],[121.052643027000045,14.782830202000071],[121.052522235000197,14.782785818000093],[121.052387733000046,14.782769742000028],[121.052152410000076,14.782767173000082],[121.051799898000013,14.78275405100004],[121.051550810000208,14.782721284000104],[121.051451310000175,14.782705516000021],[121.051319927,14.782690734000084],[121.05116450100013,14.78264690900005],[121.051015318000282,14.782603874000131],[121.050905604000263,14.782605076999971],[121.050817167000105,14.782630297000139],[121.050788505000128,14.782642618000182],[121.050682184000038,14.78273486900008],[121.050581559000193,14.782837690000122],[121.050509439000052,14.782908974000179],[121.050233918000117,14.783029928000076],[121.0500428590002,14.783144038000103],[121.04992521500003,14.783156044000179],[121.049843216000113,14.783114812000179],[121.049797880000142,14.783074599000088],[121.049735845000214,14.783015597000031],[121.049617242000068,14.782967929000165],[121.04951190900033,14.782928776000062],[121.049460052000086,14.782886120000057],[121.049433183000019,14.782780844000058],[121.049422631000084,14.782582917000127],[121.049366125,14.782280289000141],[121.049324994000017,14.782128605000025],[121.049207918000093,14.781907408000109],[121.049124793000146,14.781831535000094],[121.049017568000068,14.781779997000115],[121.0488946910001,14.781755786000133],[121.048801145000311,14.78176846100007],[121.048658404000321,14.781876022000176],[121.048490617000198,14.782001052],[121.048311235000142,14.782188686000097],[121.048250239000026,14.782252495000137],[121.048103235000099,14.782531498000026],[121.047807073000172,14.782186820000106],[121.046330425000178,14.781540250000091],[121.045251112000301,14.780866359000186],[121.043943839000235,14.780403640000031],[121.04393002300003,14.780430042000035],[121.043857043000116,14.780493998],[121.042839154000035,14.78110117500006],[121.042650531000163,14.78121096000018],[121.042534438000075,14.781276117000175],[121.04218579000019,14.781471047000139],[121.041841967000096,14.781663160000107],[121.041832252000063,14.782150565000052],[121.041828477000195,14.782165664000161],[121.04158668100024,14.783183736000183],[121.041588583000021,14.78331471700011],[121.04159203800009,14.78345160300006],[121.041527767000161,14.783554132000063],[121.041453870000055,14.783753129000104],[121.041283501000066,14.783765649000088],[121.041305906000048,14.783869140000036],[121.04130584100028,14.783938283000168],[121.041131769000117,14.784004022000033],[121.041015702000209,14.784066437000092],[121.04091366900002,14.784111301999985],[121.040824090000115,14.784019349000118],[121.040743836000047,14.783994258000064],[121.040628088000062,14.783981525],[121.040564797000116,14.783996408000064],[121.040389346000211,14.784080150000079],[121.040261730000111,14.784196736000126],[121.040154384000175,14.784325423000041],[121.040012130000264,14.784422719000077],[121.039599698000075,14.784599201000162],[121.039393685000164,14.784664840000175],[121.039328390000037,14.784750821000046],[121.03890663000027,14.785031622000133],[121.038760170000046,14.785095868000099],[121.038416598000026,14.78524708100008]]]}},{"type":"Feature","properties":{"adm4_name":"Barangay 177","adm4_name1":null,"adm4_name2":null,"adm4_name3":null,"adm4_pcode":"PH1307501177","adm3_name":"Caloocan City","adm3_name1":null,"adm3_name2":null,"adm3_name3":null,"adm3_pcode":"PH1307501","adm2_name":"Metropolitan Manila Third District","adm2_name1":null,"adm2_name2":null,"adm2_name3":null,"adm2_pcode":"PH13075","adm1_name":"National Capital Region (NCR)","adm1_name1":null,"adm1_name2":null,"adm1_name3":null,"adm1_pcode":"PH13","adm0_name":"Philippines","adm0_name1":null,"adm0_name2":null,"adm0_name3":null,"adm0_pcode":"PH","valid_on":"2025-02-13","valid_to":null,"area_sqkm":2.78736742,"version":"v03","lang":"en","lang1":null,"lang2":null,"lang3":null,"adm4_ref_name":"Barangay 177","center_lat":14.74876909,"center_lon":121.05434786},"geometry":{"type":"Polygon","coordinates":[[[121.053645811000024,14.756285414],[121.053634543000044,14.756827971000064],[121.053122661000089,14.756789523000066],[121.052810899000065,14.756762151000089],[121.049947022000197,14.756506428000023],[121.049503020000088,14.756470856000078],[121.049396652000155,14.756462250000084],[121.048741322000069,14.756409695000059],[121.047933419000287,14.756345379000095],[121.047320729000035,14.756297179],[121.044982254000047,14.756115088000115],[121.043695458000229,14.756025241000088],[121.043718507000108,14.755540316000179],[121.043721569000013,14.755519560000039],[121.043742810000026,14.755300553000154],[121.043758740000158,14.755248835000145],[121.043935626,14.754438900000025],[121.043938670000102,14.754425964000177],[121.043943045000219,14.754405800000086],[121.044069038000202,14.75382594000007],[121.044127668000101,14.753560761000074],[121.0443400260001,14.752565062000031],[121.044491504,14.751904731000025],[121.044751760000054,14.750611592000041],[121.044789065000032,14.750426951000122],[121.044974846000059,14.749563035000051],[121.045009610000079,14.749407572000109],[121.045052653000312,14.749212714000123],[121.04528753000011,14.748042675000022],[121.045289453,14.748032845000125],[121.045391388000212,14.747507129000155],[121.045477318000053,14.746971685000062],[121.045641124000099,14.746153077000031],[121.045663471000012,14.746031087000063],[121.04572572800032,14.745727539000143],[121.04576692,14.745525058],[121.045855291000294,14.745089354000186],[121.045873505000031,14.74499903200018],[121.045910551000247,14.744810488000041],[121.045966177000082,14.74453196200011],[121.046063650000065,14.744086079000056],[121.046181531000116,14.743495522000103],[121.046204320000129,14.743396050000058],[121.046278751000159,14.743035202000044],[121.046309788000144,14.742882518000044],[121.046165205000193,14.742901305999965],[121.045969031000141,14.742911213000184],[121.045808264000016,14.742910867000148],[121.045682314000146,14.742913184000088],[121.045448633000092,14.742904860000124],[121.045295225000132,14.742883693000067],[121.045117874000084,14.74284412600008],[121.045039643000109,14.74279964800013],[121.044867476000036,14.742746995000118],[121.044700477000106,14.742696895000051],[121.044571280000014,14.74269355500013],[121.044445428000131,14.742700418000084],[121.044324975000109,14.742741549000186],[121.044241319000207,14.742783221000082],[121.044149350000112,14.742835498000034],[121.044087053000226,14.742898557000046],[121.044090875000165,14.742763504000152],[121.044077383000058,14.742169982000064],[121.045369852000022,14.742169982000064],[121.046401774000174,14.742166132000079],[121.046454274000212,14.742163859000186],[121.046512015000076,14.742163832000074],[121.046474223000018,14.742390629000113],[121.047596759000157,14.742161832000079],[121.048052118000101,14.742087441000081],[121.048740192000196,14.742087119000018],[121.04995996900027,14.742089111000041],[121.050251897000066,14.741633056000012],[121.050906452000163,14.741549368000051],[121.051698493000231,14.742006660000015],[121.051816220000092,14.741862532000027],[121.051803609000103,14.741331847000083],[121.051800952000121,14.74128402600013],[121.051794634000089,14.740975844],[121.051783958000101,14.740567631999966],[121.052119743000276,14.740570956999989],[121.052119743000276,14.740447946000018],[121.052325869000128,14.740437972999985],[121.052339167000127,14.740304988000105],[121.052577302000032,14.740301945000112],[121.052613584000028,14.740303687999983],[121.052613584000028,14.740044656000066],[121.05281881700023,14.740060596000149],[121.053139619000149,14.740092477000189],[121.053308986000047,14.740118380000126],[121.053308573000095,14.740149497000118],[121.053324461000102,14.740600709000148],[121.053326907000155,14.742122499000118],[121.0537519720001,14.742121595000071],[121.05440313500003,14.742130639000095],[121.054401327000051,14.742241879000062],[121.054538794000109,14.742245496000066],[121.054585823000025,14.742163197000139],[121.054595771000322,14.742152344000033],[121.054610241000091,14.74213877800014],[121.054630138000107,14.742127021000158],[121.054646417000072,14.74211978600016],[121.054661792000047,14.742116168000052],[121.054683497000156,14.74211435899997],[121.054869802000212,14.742173145000038],[121.054962050000199,14.742181285000186],[121.055066960000318,14.742216556000187],[121.055710888000135,14.742205703000081],[121.056521224000221,14.742197564000037],[121.056941767000126,14.742190329000039],[121.056979287000217,14.742234934000123],[121.057003556000154,14.742259202000128],[121.057032678000041,14.742286706000129],[121.057045788000096,14.742296070000179],[121.057077978000052,14.742319064000128],[121.057092171000136,14.742319064000128],[121.05712166100011,14.742319064000128],[121.058589083000015,14.742332007000073],[121.058613351000076,14.742332007000073],[121.058660270000132,14.742246259000069],[121.058712042000138,14.742188015000011],[121.058788083000081,14.742105503000118],[121.058826115000102,14.742074963999983],[121.0590113840002,14.742258850000098],[121.059074983000073,14.742314154000098],[121.05912752200004,14.742347335999966],[121.059199417000059,14.742380519000164],[121.059286521000104,14.742410936000113],[121.05934873800004,14.742427527000132],[121.059395747000281,14.742442736000044],[121.05943860800005,14.742451032000019],[121.059486999000228,14.742460710000103],[121.059521564000306,14.742463475000079],[121.059604520000107,14.742467623000096],[121.059691624000038,14.742466240000056],[121.059803614000202,14.742460710000103],[121.059856153000055,14.742453797000167],[121.059905927000045,14.742444119000083],[121.059957083000199,14.742428910000172],[121.060013770000182,14.742406788000096],[121.060064926000109,14.742381901000101],[121.06010502200013,14.742358397000089],[121.060138204000168,14.742333510000094],[121.060160326000073,14.742308624000145],[121.060200421000104,14.742260233000138],[121.060239134000199,14.742210459000091],[121.060277847000066,14.742149624000149],[121.060400898000012,14.742148242000042],[121.060656680000079,14.742362545000105],[121.060796323000204,14.742164833000061],[121.061132295000107,14.742311389000122],[121.061169625000161,14.742217372000084],[121.061188981000328,14.742155155000148],[121.061204190000126,14.742084642000123],[121.061215251000021,14.742005834000167],[121.061234867000053,14.742009228000086],[121.06198652400019,14.742139290000182],[121.062246082000115,14.742173744000183],[121.062298912000074,14.742182932000048],[121.062349445000109,14.742196714000158],[121.062432136000098,14.742221981000171],[121.062673318000179,14.742221981000171],[121.06270547500003,14.742194417],[121.063564936000034,14.742178129000081],[121.06357021600013,14.742178213000102],[121.064444702000173,14.742192168000088],[121.065021853000076,14.742195288],[121.065091015000121,14.742195218000177],[121.065664445000266,14.742176915000186],[121.06565889400008,14.742228240000088],[121.065685996000184,14.74223024700018],[121.066429803,14.742286459000184],[121.06643288600003,14.742181919000075],[121.066695109000079,14.742188315000078],[121.066701505000083,14.742211766000139],[121.06725153500031,14.742203238000116],[121.067254702000128,14.742203238000116],[121.06725003300005,14.742951738999977],[121.067259868000065,14.743311511000115],[121.067261362000181,14.744834373000174],[121.06727151400014,14.747077754000031],[121.065635110000017,14.747094034000156],[121.065406772000188,14.747098121000022],[121.064075571000103,14.747086135000131],[121.06409609100001,14.747988879000047],[121.063620271000104,14.747982969000077],[121.063549661000252,14.747981927000183],[121.063550707000218,14.747985763000145],[121.063551666000194,14.748434030000169],[121.063556352000205,14.74910415700009],[121.063547050000125,14.749411026000189],[121.063538732000325,14.749514702000056],[121.063358023000205,14.749901838000142],[121.063050034000071,14.750474566999969],[121.062628178000182,14.750474440000062],[121.062588232000053,14.750482131000069],[121.06238055100016,14.750448750999965],[121.062392196000019,14.75071945600007],[121.062142450000124,14.750725961],[121.061957234000033,14.750723283000127],[121.061776099000099,14.750619308000182],[121.061726633000035,14.750605705],[121.06167884800027,14.750522018000083],[121.061547340000061,14.750252061000083],[121.061478503000103,14.75011207700004],[121.061464438000144,14.750043892000178],[121.061430943000119,14.749977409000053],[121.061393817000067,14.749977302000161],[121.061325342000032,14.75001869800019],[121.061164034000171,14.75014692200017],[121.061092439000163,14.750179712000033],[121.061080914000058,14.750183150000112],[121.06099501600022,14.750204680000138],[121.060958480000181,14.750206929000058],[121.060927706000143,14.75017211800008],[121.060921825000037,14.75012767700008],[121.060912434000102,14.750033229000053],[121.060905403000106,14.749961660999986],[121.060865425000202,14.749929813000051],[121.060827780000068,14.749909309000145],[121.060799508000173,14.749911516000054],[121.060787678000111,14.749937607000163],[121.060779317000197,14.749995564000074],[121.060769611000069,14.750131134000071],[121.060792285000048,14.750201871000172],[121.060824606000097,14.750289259000112],[121.060833535000029,14.75033243200005],[121.060814561000257,14.750349702000051],[121.060753175000173,14.750324877000025],[121.060329005000085,14.75009564200019],[121.060265254000228,14.750047623],[121.06016076100002,14.749985012000081],[121.060079731000087,14.749942550000128],[121.06002481400003,14.749929662000113],[121.059963229000346,14.749948897000024],[121.059926004000204,14.749972860000128],[121.059913121000136,14.750023826000074],[121.05991590300016,14.750057681000158],[121.059920989000034,14.750091408000173],[121.0599391530003,14.750126540000053],[121.059926074000032,14.750139188000048],[121.059903550000286,14.750142701000073],[121.059817071000111,14.750148626000112],[121.059740795000039,14.750147618000028],[121.059438937000095,14.750162534000026],[121.059032038000169,14.750161886000171],[121.058831306000229,14.750149866000015],[121.058754475000342,14.750150006000069],[121.058692842000141,14.750146395],[121.058671141000218,14.750116636000143],[121.058631452000213,14.750085623000132],[121.058578750000152,14.750105582000117],[121.058511840000051,14.750144229],[121.058407544000147,14.750170541000045],[121.058339275000094,14.75017748300013],[121.058283088000167,14.750178856000105],[121.058241386000077,14.750178846000153],[121.058211236000034,14.750174690000165],[121.058198355000172,14.7501539430001],[121.058161121000126,14.750115234000191],[121.058133915000326,14.750100049000082],[121.058093389000192,14.750101481000058],[121.05805752300023,14.750134657000103],[121.058025996000197,14.750182929],[121.058001782000019,14.75022153000009],[121.057959032000213,14.750242224000033],[121.057917687000213,14.750247744000148],[121.057854958000121,14.750225672999989],[121.057726674000151,14.750221539],[121.057728060000045,14.750383930000055],[121.05773389,14.750736400000051],[121.057733398000323,14.751399095000124],[121.057732837000231,14.752154379000046],[121.057636184000103,14.752154587000064],[121.057405277000043,14.752159386000017],[121.057214780000095,14.752172184000017],[121.056727729000158,14.752140026000063],[121.056540441000152,14.752121881000051],[121.056246148000014,14.752080819000014],[121.055934547000106,14.75205078700003],[121.05574240500016,14.752042074000087],[121.055493701000046,14.752051767000125],[121.055309198000145,14.752055510000162],[121.055136945000186,14.75207754600001],[121.054971684000066,14.752107529000114],[121.054789402000097,14.752147684000136],[121.054593495000177,14.752199746000031],[121.054581785000096,14.75220319500005],[121.054282915000044,14.752261647000068],[121.054113423000217,14.752269058000081],[121.053644074000204,14.752244697000094],[121.053643877000127,14.752299420000099],[121.053648415000112,14.753431322000097],[121.053643481000222,14.754234097],[121.053653871000051,14.755000534000089],[121.053645811000024,14.756285414]]]}},{"type":"Feature","properties":{"adm4_name":"Barangay 178","adm4_name1":null,"adm4_name2":null,"adm4_name3":null,"adm4_pcode":"PH1307501178","adm3_name":"Caloocan City","adm3_name1":null,"adm3_name2":null,"adm3_name3":null,"adm3_pcode":"PH1307501","adm2_name":"Metropolitan Manila Third District","adm2_name1":null,"adm2_name2":null,"adm2_name3":null,"adm2_pcode":"PH13075","adm1_name":"National Capital Region (NCR)","adm1_name1":null,"adm1_name2":null,"adm1_name3":null,"adm1_pcode":"PH13","adm0_name":"Philippines","adm0_name1":null,"adm0_name2":null,"adm0_name3":null,"adm0_pcode":"PH","valid_on":"2025-02-13","valid_to":null,"area_sqkm":2.18357107,"version":"v03","lang":"en","lang1":null,"lang2":null,"lang3":null,"adm4_ref_name":"Barangay 178","center_lat":14.75653747,"center_lon":121.06045102},"geometry":{"type":"Polygon","coordinates":[[[121.053148844000248,14.765559871000107],[121.053111418000185,14.765572733999988],[121.053087597000058,14.765324053000143],[121.05309451700009,14.765097138000101],[121.053087846000039,14.763165531000027],[121.053099909000025,14.762545048000106],[121.053101457000139,14.761524517000169],[121.053103220000025,14.761446160000162],[121.053111609000098,14.761073338000017],[121.053110323000169,14.760925659000179],[121.053108705000227,14.760616321000157],[121.053112137000312,14.760483747000023],[121.053111426000214,14.760343647000127],[121.053104308000115,14.75866789000014],[121.053121462000149,14.75866789000014],[121.053119521000212,14.758147712000095],[121.053114859000061,14.757729615000073],[121.05312347600011,14.757308597000019],[121.053122661000089,14.756789523000066],[121.053634543000044,14.756827971000064],[121.053645811000024,14.756285414],[121.053653871000051,14.755000534000089],[121.053643481000222,14.754234097],[121.053648415000112,14.753431322000097],[121.053643877000127,14.752299420000099],[121.053644074000204,14.752244697000094],[121.054113423000217,14.752269058000081],[121.054282915000044,14.752261647000068],[121.054581785000096,14.75220319500005],[121.054593495000177,14.752199746000031],[121.054789402000097,14.752147684000136],[121.054971684000066,14.752107529000114],[121.055136945000186,14.75207754600001],[121.055309198000145,14.752055510000162],[121.055493701000046,14.752051767000125],[121.05574240500016,14.752042074000087],[121.055934547000106,14.75205078700003],[121.056246148000014,14.752080819000014],[121.056540441000152,14.752121881000051],[121.056727729000158,14.752140026000063],[121.057214780000095,14.752172184000017],[121.057405277000043,14.752159386000017],[121.057636184000103,14.752154587000064],[121.057732837000231,14.752154379000046],[121.057733398000323,14.751399095000124],[121.05773389,14.750736400000051],[121.057728060000045,14.750383930000055],[121.057726674000151,14.750221539],[121.057854958000121,14.750225672999989],[121.057917687000213,14.750247744000148],[121.057959032000213,14.750242224000033],[121.058001782000019,14.75022153000009],[121.058025996000197,14.750182929],[121.05805752300023,14.750134657000103],[121.058093389000192,14.750101481000058],[121.058133915000326,14.750100049000082],[121.058161121000126,14.750115234000191],[121.058198355000172,14.7501539430001],[121.058211236000034,14.750174690000165],[121.058241386000077,14.750178846000153],[121.058283088000167,14.750178856000105],[121.058339275000094,14.75017748300013],[121.058407544000147,14.750170541000045],[121.058511840000051,14.750144229],[121.058578750000152,14.750105582000117],[121.058631452000213,14.750085623000132],[121.058671141000218,14.750116636000143],[121.058692842000141,14.750146395],[121.058754475000342,14.750150006000069],[121.058831306000229,14.750149866000015],[121.059032038000169,14.750161886000171],[121.059438937000095,14.750162534000026],[121.059740795000039,14.750147618000028],[121.059817071000111,14.750148626000112],[121.059903550000286,14.750142701000073],[121.059926074000032,14.750139188000048],[121.0599391530003,14.750126540000053],[121.059920989000034,14.750091408000173],[121.05991590300016,14.750057681000158],[121.059913121000136,14.750023826000074],[121.059926004000204,14.749972860000128],[121.059963229000346,14.749948897000024],[121.06002481400003,14.749929662000113],[121.060079731000087,14.749942550000128],[121.06016076100002,14.749985012000081],[121.060265254000228,14.750047623],[121.060329005000085,14.75009564200019],[121.060753175000173,14.750324877000025],[121.060814561000257,14.750349702000051],[121.060833535000029,14.75033243200005],[121.060824606000097,14.750289259000112],[121.060792285000048,14.750201871000172],[121.060769611000069,14.750131134000071],[121.060779317000197,14.749995564000074],[121.060787678000111,14.749937607000163],[121.060799508000173,14.749911516000054],[121.060827780000068,14.749909309000145],[121.060865425000202,14.749929813000051],[121.060905403000106,14.749961660999986],[121.060912434000102,14.750033229000053],[121.060921825000037,14.75012767700008],[121.060927706000143,14.75017211800008],[121.060958480000181,14.750206929000058],[121.06099501600022,14.750204680000138],[121.061080914000058,14.750183150000112],[121.061092439000163,14.750179712000033],[121.061164034000171,14.75014692200017],[121.061325342000032,14.75001869800019],[121.061393817000067,14.749977302000161],[121.061430943000119,14.749977409000053],[121.061464438000144,14.750043892000178],[121.061478503000103,14.75011207700004],[121.061547340000061,14.750252061000083],[121.06167884800027,14.750522018000083],[121.061726633000035,14.750605705],[121.061776099000099,14.750619308000182],[121.061957234000033,14.750723283000127],[121.062142450000124,14.750725961],[121.062392196000019,14.75071945600007],[121.06238055100016,14.750448750999965],[121.062588232000053,14.750482131000069],[121.062628178000182,14.750474440000062],[121.063050034000071,14.750474566999969],[121.063358023000205,14.749901838000142],[121.063538732000325,14.749514702000056],[121.063547050000125,14.749411026000189],[121.063556352000205,14.74910415700009],[121.063551666000194,14.748434030000169],[121.063550707000218,14.747985763000145],[121.063549661000252,14.747981927000183],[121.063620271000104,14.747982969000077],[121.06409609100001,14.747988879000047],[121.064075571000103,14.747086135000131],[121.065406772000188,14.747098121000022],[121.065635110000017,14.747094034000156],[121.06727151400014,14.747077754000031],[121.067273563000185,14.748192774000131],[121.067270771000153,14.748733859000026],[121.067270897000185,14.749210793000032],[121.067269259000227,14.749520956000026],[121.067271030000029,14.749821178000047],[121.067269360000068,14.751260832000128],[121.067267345000232,14.752547653000079],[121.067258457000207,14.753179594000073],[121.067256643000064,14.753947614000026],[121.067264352000052,14.754832531000147],[121.067259720000038,14.75521207100013],[121.067260863000229,14.755377662000058],[121.067256853000231,14.755771224999989],[121.067254378000143,14.756053271000098],[121.067267174000108,14.756927073999975],[121.067268125000055,14.757923488000188],[121.067262302000017,14.758175036000068],[121.067725055000096,14.758154203000174],[121.067717951000191,14.758514062000017],[121.067733040000121,14.758592958000179],[121.068191866,14.75915225600005],[121.068153220000227,14.75920555100015],[121.068087198000057,14.759280791000151],[121.068020514000068,14.75936100600012],[121.067951064000226,14.759449276000112],[121.067891776000124,14.759497237000119],[121.067798241000105,14.759556307000025],[121.067484695000076,14.759829504000152],[121.068045363000124,14.760378203000187],[121.067639212000017,14.760776756000041],[121.067513860000076,14.761263707000069],[121.067465197000047,14.761418982000066],[121.06744178800011,14.761656256000151],[121.067342267000186,14.761647274000097],[121.067290739000214,14.761649107000153],[121.067230561000201,14.761662590000128],[121.067161741000177,14.761664491000033],[121.067106048000255,14.76165068],[121.067073888000095,14.761641533000045],[121.067008323000096,14.761610146000066],[121.066657135000014,14.761937775000092],[121.066379908000044,14.762198246000025],[121.06650817000002,14.762225162000107],[121.066684315000089,14.762269085000128],[121.066583586000206,14.762591734000068],[121.066484026000126,14.762572075000151],[121.06632515400031,14.762528160000159],[121.066211050000106,14.762500818000035],[121.065788626000199,14.762758231000078],[121.06516868600022,14.763029943],[121.065034581000191,14.7630554160001],[121.0649738850002,14.763072176000037],[121.064887228000202,14.763096105000159],[121.064803049000034,14.763113931000021],[121.064828738000301,14.763391245999969],[121.064711911000018,14.763402774000042],[121.064460255000085,14.763519480000127],[121.064383700000121,14.763413863000153],[121.064247703000092,14.763368756000091],[121.064109488000099,14.763290721000089],[121.063882374000173,14.763106185000083],[121.063670747000174,14.762910975000125],[121.063653703000341,14.763144253000064],[121.063572439000041,14.763126903000057],[121.063468406000197,14.763081114999977],[121.063362583000071,14.763047916000176],[121.063285988000075,14.763024145000088],[121.063189619000127,14.763006534000112],[121.063084432000096,14.763446841000075],[121.062967680000156,14.763390446000074],[121.062894063000044,14.763336042000049],[121.062872378000066,14.763308815000187],[121.062866268000107,14.763306377000163],[121.062758846000065,14.763273573000106],[121.062662760000194,14.76319704000008],[121.062503346000085,14.763103871999988],[121.062113013000044,14.763283232000106],[121.061926248000191,14.763342647000115],[121.061898094000298,14.763295583000172],[121.061794382000244,14.763219763999984],[121.061741002000076,14.763157389000071],[121.061703715000135,14.762939577000168],[121.061628591000158,14.762581444000148],[121.061423753000213,14.761771906000092],[121.061406513000065,14.761751358000026],[121.06138693000014,14.761728208000022],[121.061337145000152,14.761698826000099],[121.061277284000084,14.761699619000069],[121.06117580800003,14.761709934000123],[121.061007093000057,14.761745305000147],[121.060857361000103,14.761788175000106],[121.060732745000109,14.761849154000117],[121.060705512000027,14.761883547000025],[121.06066580200013,14.761964226000032],[121.060622012000067,14.761998547000132],[121.060603274000073,14.762010669000063],[121.060569146000148,14.76203426800015],[121.060531145000255,14.762076029000127],[121.060499,14.762126653000053],[121.060458136000193,14.762148095000043],[121.060392077000301,14.762161644],[121.060333314000104,14.762163858],[121.060195959000112,14.762188438000123],[121.060093213000073,14.762213435000149],[121.059964293000121,14.762303809000173],[121.059856686000103,14.762402718999965],[121.059714408000104,14.762600518000113],[121.059648011000036,14.762687597000138],[121.059586101000036,14.76280635500018],[121.059526082000161,14.762865902000044],[121.059482843000069,14.76288121400006],[121.059430478000081,14.762884557000064],[121.059208149000028,14.762897676000023],[121.059076525000023,14.762898958000108],[121.058910376000199,14.762900273000128],[121.058602786000165,14.76287101700018],[121.058481983000206,14.762873385000034],[121.058414417000108,14.762884298000131],[121.058295600000292,14.762917878000053],[121.05820651800002,14.762969337000129],[121.058143683000253,14.763032018000104],[121.058104860000185,14.763091889000179],[121.058067720000054,14.763181062000172],[121.058032204000028,14.763293703000159],[121.058017104000214,14.763369472000136],[121.057989676000034,14.763462574000187],[121.057922223000219,14.763531666000063],[121.057808986000055,14.763563015000045],[121.057680556000037,14.763537710000037],[121.057564300000195,14.763505549000115],[121.057462863000069,14.76338820400008],[121.057426465000049,14.763224293000121],[121.057433802000219,14.763124942000161],[121.057467839000083,14.762992802000042],[121.057502920000047,14.762934806000032],[121.057589248000113,14.762886043000037],[121.057769142000097,14.762762606000024],[121.057809845000179,14.762728068000172],[121.057814688000121,14.762711583000169],[121.057818417000021,14.762693163000051],[121.057807845000184,14.762641256999984],[121.057653545000221,14.762526900000069],[121.057547905000206,14.762447802000054],[121.057491867000181,14.762413478999974],[121.057442962000096,14.762405201000036],[121.05734804500014,14.762411053000164],[121.057276288000025,14.76242563400001],[121.057249517000173,14.762438764000024],[121.057207867000102,14.762501462000102],[121.057180398000014,14.762527578000118],[121.057121852000023,14.762545053000053],[121.05703126700007,14.762538678000112],[121.056997521000085,14.762538280000115],[121.056971421000071,14.762549397000043],[121.056862351000063,14.762639131000185],[121.056800132000035,14.762700092000159],[121.056710837000196,14.762789584000132],[121.056698306000158,14.762806438000098],[121.056645860000231,14.762876847000143],[121.056590375000155,14.762936671000091],[121.056523163000065,14.762994720000052],[121.056475183000089,14.763048349000144],[121.056445452000162,14.763088481000068],[121.056411146000187,14.763117925000188],[121.056384199000149,14.763125326000022],[121.056291544000032,14.763133963000087],[121.056212500000242,14.763142807000122],[121.056170799000256,14.763157964000015],[121.056135520000112,14.763166019999971],[121.056077415000345,14.763182277],[121.056035913000073,14.763185693000139],[121.05594484900007,14.763219007000032],[121.055899920000115,14.763233352000043],[121.055837993000068,14.763236905999975],[121.055808884000044,14.763230863000103],[121.055754048000153,14.763204341000062],[121.055719180000096,14.763186258000076],[121.055696302000342,14.763181251000105],[121.055657382000163,14.763172823000104],[121.055594429000053,14.763166919000184],[121.055470194000122,14.763149929000178],[121.055354045000058,14.763149840000096],[121.055341521000059,14.763147139000125],[121.055308640000248,14.763100840000106],[121.055292177000069,14.763072418999968],[121.055222582000056,14.763072219000151],[121.055151236000029,14.763076333000129],[121.055128625000179,14.763143431000174],[121.055027186000075,14.763159046000112],[121.054951821000145,14.763181053999972],[121.054897197000059,14.763196109000091],[121.054855341,14.763218906000134],[121.054819955000085,14.763240791000044],[121.054785124000091,14.763293714000099],[121.054765584000052,14.763346041000034],[121.054748036000092,14.763442081],[121.054736616000014,14.76348848400005],[121.054707642000039,14.763577827000063],[121.054664033000108,14.763685487000089],[121.054652863000115,14.763744422000059],[121.054631599000118,14.76381630700007],[121.054582081000262,14.763917489999983],[121.054540157000019,14.763997912999969],[121.054522494000025,14.764023971000029],[121.054477965000046,14.764081730999976],[121.054452225000205,14.764128692000043],[121.054444328000159,14.764178738000112],[121.054444517000093,14.76422357600012],[121.0544402270001,14.764269318000174],[121.054397083000026,14.764401859000031],[121.054357141000082,14.764549226000042],[121.054356900000016,14.764565678000167],[121.05436561800002,14.764583106000032],[121.054372382000224,14.76461179000006],[121.054387040000051,14.764717161000021],[121.054392688,14.764867326000058],[121.054377933000069,14.76489583700004],[121.054356012000085,14.76491994800017],[121.054314823000027,14.76498286500015],[121.054245818000027,14.765103775],[121.054202891000159,14.765170824000165],[121.054172644000232,14.765217952000114],[121.054140630000234,14.765260578000095],[121.0541260990002,14.765274760000011],[121.054101378000041,14.765281873],[121.054073757000083,14.765283329000113],[121.054041781000137,14.765279143000157],[121.053985222000165,14.765279236000026],[121.053934608000077,14.765284956000187],[121.053861684000253,14.765321475000064],[121.05371145700019,14.7653955400001],[121.053661494000039,14.76542445399997],[121.053593363000346,14.765461045000109],[121.053522438000073,14.765494678000096],[121.053476038000099,14.76551001100006],[121.053372280000076,14.765532555000163],[121.053301404000081,14.765559972000176],[121.053221625000106,14.765562673000147],[121.053176751000024,14.765561845000093],[121.053148844000248,14.765559871000107]]]}},{"type":"Feature","properties":{"adm4_name":"Barangay 179","adm4_name1":null,"adm4_name2":null,"adm4_name3":null,"adm4_pcode":"PH1307501179","adm3_name":"Caloocan City","adm3_name1":null,"adm3_name2":null,"adm3_name3":null,"adm3_pcode":"PH1307501","adm2_name":"Metropolitan Manila Third District","adm2_name1":null,"adm2_name2":null,"adm2_name3":null,"adm2_pcode":"PH13075","adm1_name":"National Capital Region (NCR)","adm1_name1":null,"adm1_name2":null,"adm1_name3":null,"adm1_pcode":"PH13","adm0_name":"Philippines","adm0_name1":null,"adm0_name2":null,"adm0_name3":null,"adm0_pcode":"PH","valid_on":"2025-02-13","valid_to":null,"area_sqkm":2.94243814,"version":"v03","lang":"en","lang1":null,"lang2":null,"lang3":null,"adm4_ref_name":"Barangay 179","center_lat":14.74897233,"center_lon":121.0742472},"geometry":{"type":"Polygon","coordinates":[[[121.06822003100001,14.759116251000023],[121.068191866,14.75915225600005],[121.067733040000121,14.758592958000179],[121.067717951000191,14.758514062000017],[121.067725055000096,14.758154203000174],[121.067262302000017,14.758175036000068],[121.067268125000055,14.757923488000188],[121.067267174000108,14.756927073999975],[121.067254378000143,14.756053271000098],[121.067256853000231,14.755771224999989],[121.067260863000229,14.755377662000058],[121.067259720000038,14.75521207100013],[121.067264352000052,14.754832531000147],[121.067256643000064,14.753947614000026],[121.067258457000207,14.753179594000073],[121.067267345000232,14.752547653000079],[121.067269360000068,14.751260832000128],[121.067271030000029,14.749821178000047],[121.067269259000227,14.749520956000026],[121.067270897000185,14.749210793000032],[121.067270771000153,14.748733859000026],[121.067273563000185,14.748192774000131],[121.06727151400014,14.747077754000031],[121.067261362000181,14.744834373000174],[121.067259868000065,14.743311511000115],[121.06725003300005,14.742951738999977],[121.067254702000128,14.742203238000116],[121.067255250000017,14.742115376000129],[121.067258141000138,14.74059436400006],[121.067232731000217,14.739202104000185],[121.067538687000138,14.739178142000128],[121.068119264000075,14.739170356000045],[121.068726840000068,14.739147358000082],[121.06873313400024,14.740353688000027],[121.069324911000081,14.740369967000049],[121.071917972000165,14.740359532000184],[121.072761252000078,14.741033275000063],[121.07300780900016,14.741245147000029],[121.073054017000118,14.741289159000075],[121.073134549000201,14.741227720000097],[121.073126396000134,14.741158029000076],[121.073122497000099,14.741112953000084],[121.073121417000152,14.741075985000066],[121.073124012000108,14.741032652000115],[121.073139901000104,14.740996614000153],[121.073228684000014,14.740993494000065],[121.073565184000017,14.74090524900015],[121.073831783000173,14.740732519000062],[121.074161732000334,14.740558136000118],[121.074582041000212,14.740432941000108],[121.075039178000111,14.740194067000061],[121.075492669000027,14.740862272000015],[121.075808872000039,14.741313927000022],[121.075901540000018,14.741437949000158],[121.075959788000091,14.74150028400004],[121.076011083000139,14.741548051],[121.076096364000023,14.741623936000167],[121.076187670000081,14.741685693000022],[121.076304417000074,14.741747311000154],[121.076383466000152,14.741779283000142],[121.076442367000141,14.74179481200008],[121.076930327000014,14.74194126600014],[121.077146429000095,14.741994946000148],[121.077277029000129,14.742028316000074],[121.077404920000276,14.742069153000159],[121.077516483000181,14.742111367000064],[121.077596671000038,14.742159909],[121.077654229000018,14.742209140999989],[121.077691232,14.742257253999981],[121.0777384820002,14.742331639000042],[121.077772223000011,14.74240096799997],[121.077779223000107,14.742419264000091],[121.077804841000102,14.742486227000029],[121.077831563000132,14.742608122999968],[121.077852056000324,14.742793453000047],[121.077927738000199,14.744484521000174],[121.07793937200006,14.744757917000015],[121.077962458000229,14.744864138000025],[121.077987937000103,14.744943137000064],[121.078024864000099,14.745028370000114],[121.078046604000065,14.745071207000024],[121.078067869000165,14.745112825000092],[121.07812049100005,14.745202099000039],[121.078172199000051,14.745282704000033],[121.078242370000112,14.745362763000173],[121.078314909000028,14.745432391000065],[121.078376805000175,14.745473914000058],[121.078444930000046,14.745524666000165],[121.078544309000108,14.745576093000068],[121.078862595000032,14.745701059000112],[121.078905476000045,14.745717894000165],[121.079583871000182,14.745930951000105],[121.079631940000013,14.745945034000101],[121.080085216000043,14.746076940000023],[121.080285565000167,14.746151185000031],[121.080451468000092,14.746227727000132],[121.08047386200019,14.746238058000017],[121.080501816000037,14.746255922999978],[121.080606543000044,14.746322849000023],[121.080668539000044,14.746362467000097],[121.080785143000071,14.746476378000011],[121.081209268000066,14.746901344000037],[121.081230168000047,14.749926547000143],[121.08146978200034,14.749944784000149],[121.082804703000079,14.749932901000136],[121.082907961000046,14.749869248000095],[121.083131016000152,14.749725143000148],[121.084474462000117,14.751704346000054],[121.084566632000246,14.751861064000025],[121.084610359000067,14.752862142000083],[121.084649984000066,14.753634834000081],[121.084672168000111,14.753824215],[121.081474574000026,14.753856812000151],[121.081211224000072,14.753864622000094],[121.081212558000061,14.754140255999971],[121.081213850000154,14.755256845000076],[121.081215169000188,14.756396033000044],[121.081185620000269,14.758388175],[121.081173073000059,14.758769917000166],[121.081124715000101,14.75874210700016],[121.081069918000139,14.758737739000139],[121.08096152600001,14.75873169900018],[121.080864524000049,14.758745424000153],[121.080766618000098,14.75875167200013],[121.080690521000065,14.758762464000142],[121.080601791000049,14.758759023000152],[121.080533340000102,14.758749862000172],[121.08043479000014,14.758746640000084],[121.080328277000149,14.758747047000043],[121.080189717000053,14.758760364000182],[121.079948606000244,14.758768580000151],[121.079869039000187,14.758757342000081],[121.079808245000095,14.758739298000023],[121.07974396200018,14.758736301000056],[121.079694222000171,14.758747858],[121.079660431000093,14.758754926000051],[121.079613400000085,14.758780776000094],[121.079557121000107,14.758780184000045],[121.079457446000106,14.75875685900013],[121.079249474000108,14.75876812000007],[121.079217763000088,14.758771169000056],[121.079044128000191,14.758777386000133],[121.078968048000092,14.75877631600008],[121.078902376000201,14.758767093000074],[121.078600087000154,14.758775635000063],[121.078512229000012,14.758769267000105],[121.078425615000128,14.758768707000058],[121.078253696000161,14.758757869000021],[121.078189584000029,14.7587533680001],[121.078142841000158,14.758750060000182],[121.078113952000194,14.758750730000088],[121.078077914000232,14.758778309000149],[121.078033713000195,14.758792899000071],[121.077958214000091,14.75879425100004],[121.077770558000111,14.758775876000186],[121.077687768000033,14.758770614000127],[121.077617688000146,14.758754280000176],[121.077554559000305,14.758735534000039],[121.077496616000076,14.758730150000133],[121.07731999900011,14.758738532000109],[121.076994859000024,14.758736351000039],[121.076877077000063,14.758735035000086],[121.076807724000105,14.75872840400018],[121.076729208000188,14.758706638000149],[121.076652553000145,14.758704420000129],[121.07659452200005,14.75871063000011],[121.076475436000123,14.758738122000068],[121.076422627000056,14.758742858000119],[121.076165374000084,14.758748835000176],[121.075933012000178,14.758746128000041],[121.075096719000157,14.758757112000069],[121.074126056000068,14.758739428000013],[121.0739268640001,14.758754051999972],[121.073488932000146,14.758756658000038],[121.072969068000248,14.758750708999969],[121.072530262000214,14.75873300100011],[121.069600782000066,14.758711615000095],[121.069416695000086,14.758715102000167],[121.069385075000127,14.758712883000044],[121.069176505000087,14.758723443],[121.069001112000024,14.758741889000135],[121.068940833000283,14.758753384000102],[121.068853531000173,14.758777108000118],[121.068795945000033,14.758796229000041],[121.068514505000053,14.75890422100008],[121.068325130000062,14.759032784000112],[121.06822003100001,14.759116251000023]]]}},{"type":"Feature","properties":{"adm4_name":"Barangay 180","adm4_name1":null,"adm4_name2":null,"adm4_name3":null,"adm4_pcode":"PH1307501180","adm3_name":"Caloocan City","adm3_name1":null,"adm3_name2":null,"adm3_name3":null,"adm3_pcode":"PH1307501","adm2_name":"Metropolitan Manila Third District","adm2_name1":null,"adm2_name2":null,"adm2_name3":null,"adm2_pcode":"PH13075","adm1_name":"National Capital Region (NCR)","adm1_name1":null,"adm1_name2":null,"adm1_name3":null,"adm1_pcode":"PH13","adm0_name":"Philippines","adm0_name1":null,"adm0_name2":null,"adm0_name3":null,"adm0_pcode":"PH","valid_on":"2025-02-13","valid_to":null,"area_sqkm":0.8620916,"version":"v03","lang":"en","lang1":null,"lang2":null,"lang3":null,"adm4_ref_name":"Barangay 180","center_lat":14.76333968,"center_lon":121.07916174},"geometry":{"type":"Polygon","coordinates":[[[121.081188059000056,14.768292184000131],[121.081045687000028,14.768390253000177],[121.08084821100033,14.76837851199997],[121.080673051000076,14.768352129],[121.080633973000204,14.768314950000047],[121.080466372000274,14.768169039000156],[121.080292302000089,14.768016099000079],[121.079825404000189,14.767607129],[121.079408490000105,14.767337111000074],[121.079157836000036,14.767218869000033],[121.078968147000069,14.767185651000148],[121.078714346000083,14.7671552],[121.077497790000166,14.766487810000058],[121.076889766000136,14.766138937000051],[121.076881598000114,14.76582685700015],[121.076881345000061,14.76527460900013],[121.076867110000194,14.764881654000021],[121.076866692000181,14.764564446000065],[121.076882967000188,14.764236202000063],[121.07689854900002,14.763778679000154],[121.076870779000046,14.763720578000061],[121.076909408,14.76271054200015],[121.076908517000106,14.76257222900017],[121.076341992000039,14.762592699999971],[121.076338788000044,14.762613289000171],[121.076335590000099,14.762622655000087],[121.076333078000062,14.762628366000115],[121.076326910000034,14.76263567500007],[121.076321885000084,14.762640929000156],[121.076316174000112,14.762645955000039],[121.076310006000085,14.762650979999989],[121.076301783000076,14.762656005000167],[121.076294908000136,14.762657951000165],[121.075254707000113,14.762660242000095],[121.075061320000032,14.762658312000099],[121.074796663000029,14.762655135000102],[121.074395314000299,14.762663344000146],[121.074343375000012,14.762660314000073],[121.072978570000146,14.762647079000146],[121.071765037000205,14.762696209000126],[121.071806308000191,14.762156071],[121.071675206000123,14.762161332000176],[121.071137496,14.762164025000118],[121.070591236000155,14.762154642000155],[121.069586385000093,14.762127425000131],[121.069329903000153,14.762070000000108],[121.069176018000121,14.762019282000153],[121.068854557000122,14.761857674999987],[121.068390557000043,14.761978164000141],[121.068264741000121,14.761876200000017],[121.068157701000018,14.761816816000078],[121.068018551000023,14.761758966000116],[121.067869550000069,14.761711867000031],[121.067778117000216,14.761697252000147],[121.067514832000029,14.761669379000068],[121.06744178800011,14.761656256000151],[121.067465197000047,14.761418982000066],[121.067513860000076,14.761263707000069],[121.067639212000017,14.760776756000041],[121.068045363000124,14.760378203000187],[121.067484695000076,14.759829504000152],[121.067798241000105,14.759556307000025],[121.067891776000124,14.759497237000119],[121.067951064000226,14.759449276000112],[121.068020514000068,14.75936100600012],[121.068087198000057,14.759280791000151],[121.068153220000227,14.75920555100015],[121.068191866,14.75915225600005],[121.06822003100001,14.759116251000023],[121.068325130000062,14.759032784000112],[121.068514505000053,14.75890422100008],[121.068795945000033,14.758796229000041],[121.068853531000173,14.758777108000118],[121.068940833000283,14.758753384000102],[121.069001112000024,14.758741889000135],[121.069176505000087,14.758723443],[121.069385075000127,14.758712883000044],[121.069416695000086,14.758715102000167],[121.069600782000066,14.758711615000095],[121.072530262000214,14.75873300100011],[121.072969068000248,14.758750708999969],[121.073488932000146,14.758756658000038],[121.0739268640001,14.758754051999972],[121.074126056000068,14.758739428000013],[121.075096719000157,14.758757112000069],[121.075933012000178,14.758746128000041],[121.076165374000084,14.758748835000176],[121.076422627000056,14.758742858000119],[121.076475436000123,14.758738122000068],[121.07659452200005,14.75871063000011],[121.076652553000145,14.758704420000129],[121.076729208000188,14.758706638000149],[121.076807724000105,14.75872840400018],[121.076877077000063,14.758735035000086],[121.076994859000024,14.758736351000039],[121.07731999900011,14.758738532000109],[121.077496616000076,14.758730150000133],[121.077554559000305,14.758735534000039],[121.077617688000146,14.758754280000176],[121.077687768000033,14.758770614000127],[121.077770558000111,14.758775876000186],[121.077958214000091,14.75879425100004],[121.078033713000195,14.758792899000071],[121.078077914000232,14.758778309000149],[121.078113952000194,14.758750730000088],[121.078142841000158,14.758750060000182],[121.078189584000029,14.7587533680001],[121.078253696000161,14.758757869000021],[121.078425615000128,14.758768707000058],[121.078512229000012,14.758769267000105],[121.078600087000154,14.758775635000063],[121.078902376000201,14.758767093000074],[121.078968048000092,14.75877631600008],[121.079044128000191,14.758777386000133],[121.079217763000088,14.758771169000056],[121.079249474000108,14.75876812000007],[121.079457446000106,14.75875685900013],[121.079557121000107,14.758780184000045],[121.079613400000085,14.758780776000094],[121.079660431000093,14.758754926000051],[121.079694222000171,14.758747858],[121.07974396200018,14.758736301000056],[121.079808245000095,14.758739298000023],[121.079869039000187,14.758757342000081],[121.079948606000244,14.758768580000151],[121.080189717000053,14.758760364000182],[121.080328277000149,14.758747047000043],[121.08043479000014,14.758746640000084],[121.080533340000102,14.758749862000172],[121.080601791000049,14.758759023000152],[121.080690521000065,14.758762464000142],[121.080766618000098,14.75875167200013],[121.080864524000049,14.758745424000153],[121.08096152600001,14.75873169900018],[121.081069918000139,14.758737739000139],[121.081124715000101,14.75874210700016],[121.081173073000059,14.758769917000166],[121.081296374000203,14.758795489000136],[121.081499037000185,14.75880708800014],[121.08149974600019,14.759358704000078],[121.081501045000209,14.760223301000167],[121.081495680000216,14.760581536000018],[121.081457043000114,14.760890771000106],[121.081438207000133,14.761276021000015],[121.081439316000115,14.761466620000078],[121.08142435700006,14.761534903000154],[121.081411684000159,14.76161250500013],[121.081412564000061,14.761636910000107],[121.081428538000296,14.761704054000177],[121.081460210000046,14.761774623000065],[121.081483096000056,14.761868427000024],[121.081488635000028,14.761966720000089],[121.081482438000194,14.762118099000077],[121.081479432000037,14.762185297000144],[121.081493608000187,14.762589775000038],[121.08141102400009,14.762900317000117],[121.081423497000173,14.763107838000167],[121.081452785000124,14.763571512000169],[121.081440407000173,14.764679216000161],[121.081450417000042,14.765301891000036],[121.08143930000017,14.766186645000062],[121.081454117000021,14.766922716000124],[121.081447415000184,14.767385505000163],[121.08147733300018,14.768111821000048],[121.081478315000027,14.768139590000089],[121.081300441000053,14.768210842000144],[121.081188059000056,14.768292184000131]]]}},{"type":"Feature","properties":{"adm4_name":"Barangay 181","adm4_name1":null,"adm4_name2":null,"adm4_name3":null,"adm4_pcode":"PH1307501181","adm3_name":"Caloocan City","adm3_name1":null,"adm3_name2":null,"adm3_name3":null,"adm3_pcode":"PH1307501","adm2_name":"Metropolitan Manila Third District","adm2_name1":null,"adm2_name2":null,"adm2_name3":null,"adm2_pcode":"PH13075","adm1_name":"National Capital Region (NCR)","adm1_name1":null,"adm1_name2":null,"adm1_name3":null,"adm1_pcode":"PH13","adm0_name":"Philippines","adm0_name1":null,"adm0_name2":null,"adm0_name3":null,"adm0_pcode":"PH","valid_on":"2025-02-13","valid_to":null,"area_sqkm":0.96149822,"version":"v03","lang":"en","lang1":null,"lang2":null,"lang3":null,"adm4_ref_name":"Barangay 181","center_lat":14.76758966,"center_lon":121.08692939},"geometry":{"type":"Polygon","coordinates":[[[121.082591626000067,14.774893831000043],[121.082461902000205,14.774905575000105],[121.082468866000227,14.77439959100019],[121.082464287000107,14.774369542999978],[121.082451294000066,14.774331321000034],[121.082438578000051,14.774229483000113],[121.082300818000022,14.772240911999972],[121.082306332000144,14.772202389000086],[121.082326280000188,14.772181884000076],[121.082358181000018,14.772172119000061],[121.082398076000231,14.772166336000055],[121.082538294000074,14.772155571000098],[121.082921502000204,14.772147860000132],[121.082960326000034,14.77214199600013],[121.082980054000245,14.772118421000073],[121.082983391000084,14.77202731400007],[121.082981195000116,14.771967957000072],[121.082964344000061,14.771894174000067],[121.082929776000014,14.771825810000109],[121.082891753000126,14.771750688000111],[121.082623575000184,14.771043963000182],[121.082250966000174,14.770064382000044],[121.081952851000096,14.769324957000038],[121.081724888000167,14.768032646000165],[121.081915996000134,14.767983304000154],[121.082096087000195,14.767930098000022],[121.082695880000188,14.767767801000161],[121.083875842000111,14.767419839000127],[121.084112000000118,14.767289226000116],[121.084216900000115,14.767154490000109],[121.08499816400024,14.765899793000131],[121.085067765000076,14.765784391000182],[121.085883577000232,14.764460756000176],[121.086383219000027,14.763664685000151],[121.086465596000153,14.763509856000042],[121.086526518000028,14.76336115200013],[121.086562360000016,14.763128452000103],[121.086607422000043,14.762240701999986],[121.086647332000098,14.761278952000168],[121.086659352000197,14.760957522000069],[121.086654042000077,14.76070471200012],[121.086537498000098,14.760214097000073],[121.086696657000175,14.760593118000088],[121.086815310000134,14.760921420000102],[121.086923541000147,14.761179132000109],[121.087120663000064,14.761719449000111],[121.08734436300017,14.762274422000132],[121.087524806000033,14.762737376000075],[121.087541683000154,14.762791828000104],[121.087730346000171,14.763283221],[121.087746114000083,14.763340048000032],[121.087804951000066,14.763493135000147],[121.087813295000046,14.763513609000086],[121.088137354000082,14.764311254000063],[121.088691955000058,14.764088145000187],[121.088580422000177,14.763838841000165],[121.088498450000316,14.763614873000108],[121.088491761000228,14.763556135000044],[121.088512060000198,14.763499615000171],[121.088546539000163,14.763449702],[121.088663275000044,14.763397499000064],[121.088886779000063,14.76332974900015],[121.089348790000145,14.763189803000103],[121.089795807000087,14.762948751000067],[121.090218917000129,14.76266809100008],[121.090409985000292,14.763124487000027],[121.090617203000079,14.76358925400001],[121.090914112000178,14.764413053000055],[121.091144572000076,14.764968304000092],[121.091351323000026,14.764861543000052],[121.091689729000109,14.764629563000028],[121.092584273000057,14.763823746000071],[121.093055555000205,14.763399316000118],[121.093430026000192,14.763801796],[121.09397283900023,14.763297889000171],[121.094120442000076,14.763516879000179],[121.094172990000175,14.763549221000176],[121.094227656000044,14.763603394000143],[121.094532462000075,14.76411154200008],[121.09543867900004,14.764971981000144],[121.095593026000074,14.765134120000141],[121.096115436000105,14.76554453500006],[121.096070470000086,14.765616044000012],[121.095468255000128,14.766435842000021],[121.095315744000231,14.766642523000144],[121.095641134000175,14.767028038000149],[121.096112284000014,14.768218073000128],[121.096147942000016,14.768308138],[121.095868623000229,14.768287748000091],[121.095597968000106,14.768318172000136],[121.095402630000081,14.768391762000022],[121.095233673000052,14.768506099000149],[121.095141923000142,14.768654669000171],[121.095106642000133,14.768783995000035],[121.095131631000186,14.769086865000077],[121.095167415000105,14.769310528000176],[121.095260899000209,14.769722928000022],[121.095310365000046,14.770180110000183],[121.095263592000151,14.770466895000027],[121.095199640000033,14.770607334000033],[121.095088129000146,14.770785788000012],[121.095034917000021,14.770873756000015],[121.094887432000291,14.770939840000153],[121.094741137000028,14.771015730000045],[121.094493742000054,14.771014739000066],[121.094176841000035,14.770997007000176],[121.093898918000036,14.770957704000068],[121.093836352000039,14.770914033000054],[121.093819787000029,14.770868040000096],[121.093762570000308,14.770817057000045],[121.093622805000223,14.770690807000051],[121.09353535400021,14.770615440000142],[121.093354664000117,14.770368447000067],[121.093259932000137,14.770079758000065],[121.093159961000083,14.769677066000156],[121.093075844000168,14.769320391],[121.093001399000173,14.76900351400019],[121.092945391000285,14.76863097800009],[121.092902087000084,14.768418324000095],[121.092834210000092,14.768191757000068],[121.092685366000183,14.767978450000101],[121.092624061000038,14.767828184000109],[121.092301875000203,14.767531048000023],[121.092116558000043,14.767439202000048],[121.091773028000034,14.767281383000068],[121.091456904000097,14.767226754000092],[121.091146602000094,14.767229904000146],[121.090856136000184,14.76732597400013],[121.090644794000127,14.767453811000109],[121.090521702000046,14.767648270000109],[121.090388525000094,14.767877362999968],[121.090450047000104,14.768017614000144],[121.090452671000094,14.768022559000087],[121.09054440500006,14.768173698000112],[121.09047446500017,14.768402601000105],[121.090292848000104,14.768739986000071],[121.090157145000148,14.769048742],[121.089986776000046,14.76913939800005],[121.089928677000103,14.769202645000064],[121.089830467000297,14.769283213000165],[121.089699743000324,14.769367896000119],[121.089581839000175,14.769425387000183],[121.089464085000031,14.769480846000079],[121.089259558000094,14.769492386000138],[121.089065250000317,14.769484803000125],[121.08898496300003,14.769471197000087],[121.088907342000084,14.769414811],[121.088818213000081,14.769326284000044],[121.088760259000082,14.769230544000152],[121.088698283000099,14.769107358000042],[121.088685044000158,14.768976539000164],[121.088603780000199,14.768796714000132],[121.088478241000189,14.768626484000094],[121.088336526000035,14.768473606000043],[121.088081819000081,14.76830478800008],[121.087916356000164,14.768199756000115],[121.087540312000101,14.768086331000063],[121.087317747000043,14.768006457000183],[121.087100748000125,14.76797293900006],[121.086885037000116,14.768034770000156],[121.086729681000065,14.768113701000175],[121.086639873000081,14.768225106000102],[121.086452784000016,14.768421660000172],[121.086343448000207,14.768547110999975],[121.086266089000105,14.768847517000154],[121.086275295000178,14.769073168999967],[121.086373187000049,14.769358921],[121.086615744000142,14.76964787300011],[121.086843234000185,14.769770805000178],[121.086977663000198,14.769850315000156],[121.087132096000232,14.769888535000121],[121.087383999000053,14.769995511000104],[121.087623729000143,14.770173291000049],[121.087765030000014,14.770315129000096],[121.087859773000105,14.770456662000129],[121.087975820000111,14.77057416800011],[121.087973925000028,14.770658196000113],[121.087946227000202,14.770715928000129],[121.087902661000157,14.770746559000088],[121.087842041000272,14.770782833000055],[121.087739203000069,14.770894240000132],[121.087638598000012,14.771019002000116],[121.087484688000131,14.771180203000085],[121.087370129000305,14.771254932000147],[121.087154238000153,14.771370868000133],[121.087053500000138,14.771415965000017],[121.086858565000057,14.771393299000124],[121.086758540000233,14.771419483000159],[121.08665619400017,14.77147516500014],[121.08660551100013,14.771540849000075],[121.086559720000309,14.771715207000113],[121.08651348,14.771891093000079],[121.086478042000294,14.772242680000147],[121.086482276000083,14.772597159000043],[121.086546780000162,14.77285793700014],[121.086566935000064,14.772975400000178],[121.086666292000245,14.773228851000113],[121.086673720000022,14.77333439500012],[121.086619688000155,14.773460268000179],[121.086523358000136,14.773606489000088],[121.086412367000094,14.773704547000023],[121.086225177000074,14.773750038000173],[121.086013580000099,14.773776668000039],[121.085874998,14.773785710000084],[121.085684674000049,14.773748991000161],[121.085450542000217,14.773604441000089],[121.085348533000229,14.773486167999977],[121.085167606000027,14.773323071000107],[121.0849797300001,14.773258103000046],[121.0843767140002,14.773152336000066],[121.084019788000091,14.773083183000153],[121.08382999100013,14.773037461000058],[121.083733478000227,14.773054494000178],[121.083608080000204,14.773132063000105],[121.083546869000202,14.773201531000154],[121.083490144000166,14.773274817000186],[121.083421812000211,14.773377241000105],[121.083376548000047,14.773487076000094],[121.083399154000062,14.773526706000155],[121.083424138000055,14.773596054000052],[121.083419457000105,14.773674184000072],[121.083417242000223,14.773710404000099],[121.083425816000045,14.773785776000068],[121.083448758000145,14.773860700000057],[121.083455892000188,14.773908310000081],[121.083461451000062,14.7740346920001],[121.083447183000089,14.774090013000148],[121.083409496000058,14.77413846800016],[121.083362471000214,14.77415022200006],[121.083297168000058,14.774229122000179],[121.083265986000129,14.774313042000188],[121.083166336000204,14.774549783000168],[121.083041003000062,14.774688936000018],[121.082936073000042,14.774688964000063],[121.082888675000049,14.774706493000167],[121.08282131500016,14.774718533000112],[121.082758337000087,14.77477507500015],[121.082591626000067,14.774893831000043]]]}},{"type":"Feature","properties":{"adm4_name":"Barangay 182","adm4_name1":null,"adm4_name2":null,"adm4_name3":null,"adm4_pcode":"PH1307501182","adm3_name":"Caloocan City","adm3_name1":null,"adm3_name2":null,"adm3_name3":null,"adm3_pcode":"PH1307501","adm2_name":"Metropolitan Manila Third District","adm2_name1":null,"adm2_name2":null,"adm2_name3":null,"adm2_pcode":"PH13075","adm1_name":"National Capital Region (NCR)","adm1_name1":null,"adm1_name2":null,"adm1_name3":null,"adm1_pcode":"PH13","adm0_name":"Philippines","adm0_name1":null,"adm0_name2":null,"adm0_name3":null,"adm0_pcode":"PH","valid_on":"2025-02-13","valid_to":null,"area_sqkm":0.84037072,"version":"v03","lang":"en","lang1":null,"lang2":null,"lang3":null,"adm4_ref_name":"Barangay 182","center_lat":14.76491492,"center_lon":121.09755815},"geometry":{"type":"Polygon","coordinates":[[[121.098924921000162,14.771526875000177],[121.098773135000215,14.771533784000098],[121.098628256000211,14.771480833000055],[121.098436588000141,14.771304286000145],[121.098299126000143,14.770933141000057],[121.098250576000055,14.770630163000021],[121.09820658700005,14.770363762000102],[121.098191335000024,14.770054213000151],[121.098209477000069,14.769703594000191],[121.098110513000051,14.769474694999985],[121.097988816000225,14.769218427000112],[121.097830339000211,14.769035713000108],[121.097757261000197,14.768931638000083],[121.097593074000201,14.768762164000123],[121.097445176000178,14.768714362000082],[121.09717590300022,14.768616135],[121.096913346000065,14.768503905000159],[121.096658087000037,14.768419146000156],[121.096442577000062,14.76836305300003],[121.096200149000083,14.768311949000065],[121.096147942000016,14.768308138],[121.096112284000014,14.768218073000128],[121.095641134000175,14.767028038000149],[121.095315744000231,14.766642523000144],[121.095468255000128,14.766435842000021],[121.096070470000086,14.765616044000012],[121.096115436000105,14.76554453500006],[121.095593026000074,14.765134120000141],[121.09543867900004,14.764971981000144],[121.094532462000075,14.76411154200008],[121.094227656000044,14.763603394000143],[121.094172990000175,14.763549221000176],[121.094120442000076,14.763516879000179],[121.09397283900023,14.763297889000171],[121.093430026000192,14.763801796],[121.093055555000205,14.763399316000118],[121.092584273000057,14.763823746000071],[121.091689729000109,14.764629563000028],[121.091351323000026,14.764861543000052],[121.091144572000076,14.764968304000092],[121.090914112000178,14.764413053000055],[121.090617203000079,14.76358925400001],[121.090409985000292,14.763124487000027],[121.090218917000129,14.76266809100008],[121.089795807000087,14.762948751000067],[121.089348790000145,14.763189803000103],[121.088886779000063,14.76332974900015],[121.088663275000044,14.763397499000064],[121.088546539000163,14.763449702],[121.088512060000198,14.763499615000171],[121.088491761000228,14.763556135000044],[121.088498450000316,14.763614873000108],[121.088580422000177,14.763838841000165],[121.088691955000058,14.764088145000187],[121.088137354000082,14.764311254000063],[121.087813295000046,14.763513609000086],[121.087804951000066,14.763493135000147],[121.087746114000083,14.763340048000032],[121.087730346000171,14.763283221],[121.087541683000154,14.762791828000104],[121.087524806000033,14.762737376000075],[121.08734436300017,14.762274422000132],[121.087120663000064,14.761719449000111],[121.086923541000147,14.761179132000109],[121.086815310000134,14.760921420000102],[121.086696657000175,14.760593118000088],[121.086537498000098,14.760214097000073],[121.086199263000026,14.759344777000081],[121.085933859000306,14.758682793000048],[121.086565012000051,14.758500572000173],[121.086589388000107,14.758487880000189],[121.086628274000077,14.758481023000058],[121.086735927000063,14.758480101000146],[121.087657380000223,14.758328206000101],[121.087838086000033,14.758333400000026],[121.088951125000222,14.758365389000062],[121.089729319000071,14.758835195000017],[121.091021261000037,14.758445970000082],[121.091851569000028,14.758851082000035],[121.093045106000091,14.759429212999976],[121.093592937000039,14.759911052000177],[121.095482921000098,14.761407840000174],[121.095842601000186,14.761343557000089],[121.096011460000227,14.761322715000176],[121.096600803000229,14.76156883900012],[121.097323083000106,14.761922454000114],[121.09762136900008,14.76277654800009],[121.098019783000041,14.762209681000172],[121.098534012000073,14.762380347000089],[121.09919845200011,14.762336460000085],[121.099529758000017,14.762415026000042],[121.099725872000022,14.762563555000156],[121.099798892000081,14.762714034000055],[121.099729179000065,14.765222305000066],[121.099808599000085,14.765742362000026],[121.099730083000168,14.766109057000051],[121.099685061000173,14.766454212000099],[121.09974878100013,14.766717979000191],[121.099831423000182,14.766977177000115],[121.099879118000104,14.767112952000048],[121.099824629000182,14.76733807200003],[121.099725569000157,14.767486028],[121.099758332000079,14.767606840999974],[121.099700646000088,14.767838126000015],[121.099553654000033,14.768056976000025],[121.099553643000149,14.768066230000102],[121.099467300000015,14.768251215000191],[121.099451117000172,14.768453040000111],[121.099396581000065,14.768718734000061],[121.099441028000115,14.768903859000034],[121.09944086500002,14.769045752000125],[121.099505134000083,14.769211051000013],[121.099506539000117,14.76920958900007],[121.099507663000054,14.769212394000078],[121.099389291000193,14.769508829000131],[121.099373103000062,14.769715481000048],[121.099370830000225,14.769765254000163],[121.099337432000084,14.770016460000136],[121.099374939000086,14.770477320999987],[121.099382651000042,14.770588173000135],[121.099407779000103,14.770949369000164],[121.099358887000335,14.771236387000101],[121.09925787300017,14.771307613000147],[121.099166054000079,14.77141205800018],[121.098924921000162,14.771526875000177]]]}},{"type":"Feature","properties":{"adm4_name":"Barangay 183","adm4_name1":null,"adm4_name2":null,"adm4_name3":null,"adm4_pcode":"PH1307501183","adm3_name":"Caloocan City","adm3_name1":null,"adm3_name2":null,"adm3_name3":null,"adm3_pcode":"PH1307501","adm2_name":"Metropolitan Manila Third District","adm2_name1":null,"adm2_name2":null,"adm2_name3":null,"adm2_pcode":"PH13075","adm1_name":"National Capital Region (NCR)","adm1_name1":null,"adm1_name2":null,"adm1_name3":null,"adm1_pcode":"PH13","adm0_name":"Philippines","adm0_name1":null,"adm0_name2":null,"adm0_name3":null,"adm0_pcode":"PH","valid_on":"2025-02-13","valid_to":null,"area_sqkm":0.56238651,"version":"v03","lang":"en","lang1":null,"lang2":null,"lang3":null,"adm4_ref_name":"Barangay 183","center_lat":14.75490653,"center_lon":121.08310933},"geometry":{"type":"Polygon","coordinates":[[[121.086607422000043,14.762240701999986],[121.086562360000016,14.763128452000103],[121.085958300000129,14.763108367000086],[121.085420618000057,14.763104785000166],[121.082989526,14.763114184000131],[121.081423497000173,14.763107838000167],[121.08141102400009,14.762900317000117],[121.081493608000187,14.762589775000038],[121.081479432000037,14.762185297000144],[121.081482438000194,14.762118099000077],[121.081488635000028,14.761966720000089],[121.081483096000056,14.761868427000024],[121.081460210000046,14.761774623000065],[121.081428538000296,14.761704054000177],[121.081412564000061,14.761636910000107],[121.081411684000159,14.76161250500013],[121.08142435700006,14.761534903000154],[121.081439316000115,14.761466620000078],[121.081438207000133,14.761276021000015],[121.081457043000114,14.760890771000106],[121.081495680000216,14.760581536000018],[121.081501045000209,14.760223301000167],[121.08149974600019,14.759358704000078],[121.081499037000185,14.75880708800014],[121.081296374000203,14.758795489000136],[121.081173073000059,14.758769917000166],[121.081185620000269,14.758388175],[121.081215169000188,14.756396033000044],[121.081213850000154,14.755256845000076],[121.081212558000061,14.754140255999971],[121.081211224000072,14.753864622000094],[121.081474574000026,14.753856812000151],[121.084672168000111,14.753824215],[121.084649984000066,14.753634834000081],[121.084610359000067,14.752862142000083],[121.084566632000246,14.751861064000025],[121.084474462000117,14.751704346000054],[121.083131016000152,14.749725143000148],[121.082907961000046,14.749869248000095],[121.082804703000079,14.749932901000136],[121.08146978200034,14.749944784000149],[121.081230168000047,14.749926547000143],[121.081209268000066,14.746901344000037],[121.081446110000115,14.747143012000095],[121.081724769000061,14.74743755500009],[121.081938782000066,14.747645782000177],[121.08223488200008,14.747933876],[121.082716735000076,14.748581255000033],[121.083117863000211,14.749176789000103],[121.083373061000202,14.749570240000025],[121.083586825000111,14.749865298000145],[121.083937412000068,14.750349213000106],[121.084039949000271,14.750506760000064],[121.084428581000111,14.751103892000117],[121.084573986,14.751328984000054],[121.084646996000174,14.751442006],[121.084661997000012,14.75148662200013],[121.084684130000028,14.751552448000098],[121.08474779300002,14.751737576000153],[121.084781533000182,14.751849308000146],[121.084827135000069,14.752390699000102],[121.084845052000219,14.752603404000183],[121.084862946000044,14.75286332100012],[121.084923834000165,14.753630834000091],[121.084935236000206,14.753928663000124],[121.084943381000244,14.754141416000095],[121.08499561300016,14.754787654000097],[121.085014830000205,14.755025411000133],[121.085051457000304,14.755360346000032],[121.085103212000035,14.755667133000088],[121.085347678000062,14.756572334000111],[121.085754971000028,14.758098188000076],[121.085840042000086,14.758376322000174],[121.085846778000132,14.75839832600002],[121.085933859000306,14.758682793000048],[121.086199263000026,14.759344777000081],[121.086537498000098,14.760214097000073],[121.086654042000077,14.76070471200012],[121.086659352000197,14.760957522000069],[121.086647332000098,14.761278952000168],[121.086607422000043,14.762240701999986]]]}},{"type":"Feature","properties":{"adm4_name":"Barangay 184","adm4_name1":null,"adm4_name2":null,"adm4_name3":null,"adm4_pcode":"PH1307501184","adm3_name":"Caloocan City","adm3_name1":null,"adm3_name2":null,"adm3_name3":null,"adm3_pcode":"PH1307501","adm2_name":"Metropolitan Manila Third District","adm2_name1":null,"adm2_name2":null,"adm2_name3":null,"adm2_pcode":"PH13075","adm1_name":"National Capital Region (NCR)","adm1_name1":null,"adm1_name2":null,"adm1_name3":null,"adm1_pcode":"PH13","adm0_name":"Philippines","adm0_name1":null,"adm0_name2":null,"adm0_name3":null,"adm0_pcode":"PH","valid_on":"2025-02-13","valid_to":null,"area_sqkm":0.27313114,"version":"v03","lang":"en","lang1":null,"lang2":null,"lang3":null,"adm4_ref_name":"Barangay 184","center_lat":14.76880857,"center_lon":121.08152608},"geometry":{"type":"Polygon","coordinates":[[[121.082468866000227,14.77439959100019],[121.082461902000205,14.774905575000105],[121.082283696000218,14.774858502000029],[121.082188916000177,14.774794198000052],[121.082094897000275,14.774672188000068],[121.081955377000099,14.774447133000024],[121.081910943000025,14.774275284999987],[121.081918250000172,14.774088898000116],[121.081979819000026,14.773811518000116],[121.082019735000131,14.773622794000119],[121.082046720000108,14.773313995000024],[121.082001683000044,14.772808457000167],[121.081917789000045,14.772307902000023],[121.081829551000169,14.772050176],[121.081508424000162,14.771439906000126],[121.081405579000261,14.771281683000097],[121.081257666000056,14.771168074000059],[121.081183821000081,14.771132211000179],[121.081207002000269,14.770974715000136],[121.081196675000228,14.770193606000078],[121.081188059000056,14.768292184000131],[121.081300441000053,14.768210842000144],[121.081478315000027,14.768139590000089],[121.08147733300018,14.768111821000048],[121.081447415000184,14.767385505000163],[121.081454117000021,14.766922716000124],[121.08143930000017,14.766186645000062],[121.081450417000042,14.765301891000036],[121.081440407000173,14.764679216000161],[121.081452785000124,14.763571512000169],[121.081423497000173,14.763107838000167],[121.082989526,14.763114184000131],[121.085420618000057,14.763104785000166],[121.085958300000129,14.763108367000086],[121.086562360000016,14.763128452000103],[121.086526518000028,14.76336115200013],[121.086465596000153,14.763509856000042],[121.086383219000027,14.763664685000151],[121.085883577000232,14.764460756000176],[121.085067765000076,14.765784391000182],[121.08499816400024,14.765899793000131],[121.084216900000115,14.767154490000109],[121.084112000000118,14.767289226000116],[121.083875842000111,14.767419839000127],[121.082695880000188,14.767767801000161],[121.082096087000195,14.767930098000022],[121.081915996000134,14.767983304000154],[121.081724888000167,14.768032646000165],[121.081952851000096,14.769324957000038],[121.082250966000174,14.770064382000044],[121.082623575000184,14.771043963000182],[121.082891753000126,14.771750688000111],[121.082929776000014,14.771825810000109],[121.082964344000061,14.771894174000067],[121.082981195000116,14.771967957000072],[121.082983391000084,14.77202731400007],[121.082980054000245,14.772118421000073],[121.082960326000034,14.77214199600013],[121.082921502000204,14.772147860000132],[121.082538294000074,14.772155571000098],[121.082398076000231,14.772166336000055],[121.082358181000018,14.772172119000061],[121.082326280000188,14.772181884000076],[121.082306332000144,14.772202389000086],[121.082300818000022,14.772240911999972],[121.082438578000051,14.774229483000113],[121.082451294000066,14.774331321000034],[121.082464287000107,14.774369542999978],[121.082468866000227,14.77439959100019]]]}},{"type":"Feature","properties":{"adm4_name":"Barangay 185","adm4_name1":null,"adm4_name2":null,"adm4_name3":null,"adm4_pcode":"PH1307501185","adm3_name":"Caloocan City","adm3_name1":null,"adm3_name2":null,"adm3_name3":null,"adm3_pcode":"PH1307501","adm2_name":"Metropolitan Manila Third District","adm2_name1":null,"adm2_name2":null,"adm2_name3":null,"adm2_pcode":"PH13075","adm1_name":"National Capital Region (NCR)","adm1_name1":null,"adm1_name2":null,"adm1_name3":null,"adm1_pcode":"PH13","adm0_name":"Philippines","adm0_name1":null,"adm0_name2":null,"adm0_name3":null,"adm0_pcode":"PH","valid_on":"2025-02-13","valid_to":null,"area_sqkm":0.70260585,"version":"v03","lang":"en","lang1":null,"lang2":null,"lang3":null,"adm4_ref_name":"Barangay 185","center_lat":14.76963938,"center_lon":121.07741182},"geometry":{"type":"Polygon","coordinates":[[[121.077286346000051,14.776619849000042],[121.07718593300001,14.776649712000108],[121.077043143000083,14.776637378000146],[121.076934643000186,14.776613781000037],[121.076854227000126,14.776554650000037],[121.076804286000311,14.776505192000059],[121.076812386000142,14.776407188000121],[121.076841587000104,14.776226678000057],[121.076903272000209,14.775772753000069],[121.076926343000196,14.77550394400015],[121.076900186000103,14.775355894000143],[121.076883162000058,14.775259535000089],[121.07686733100013,14.775210598000058],[121.076783328000033,14.775073526000085],[121.076706662000106,14.774952321000058],[121.076419201000022,14.774719474000051],[121.07604326500018,14.774423139000135],[121.07583370600014,14.774246640000058],[121.07564162600022,14.774095423000063],[121.075466616000085,14.773958638000181],[121.075235101000089,14.773835475000055],[121.07500765400016,14.773715919999972],[121.074768558000073,14.773605172999964],[121.074569429000235,14.773529869000129],[121.0744324220002,14.773478058000023],[121.074098384000081,14.773349538000048],[121.073943041000121,14.773307141000032],[121.073893941000165,14.773271411000053],[121.073844962000067,14.773154870000099],[121.073800887000061,14.772948440999983],[121.073670764000212,14.772533992000092],[121.073635689000071,14.772427819000086],[121.073542307000025,14.772334360000059],[121.073458880000089,14.772289937000039],[121.073351844000172,14.772276081000143],[121.073051909000128,14.772177418000069],[121.07269677100021,14.771987201000059],[121.072852031000025,14.771143918000178],[121.072805251000091,14.771092854000017],[121.072761686000149,14.771011918000113],[121.072732652000013,14.770929402000036],[121.072690527000077,14.770758558000068],[121.072673853000083,14.77061180000004],[121.072705300000052,14.770220383000037],[121.073280299000203,14.770334979000097],[121.073375920000331,14.770342192000101],[121.073460586000238,14.770338070000093],[121.073581877000038,14.770322508000049],[121.073578327000291,14.770008791000123],[121.073592258000076,14.769878146000053],[121.073613619000071,14.769708777000176],[121.073645320000082,14.769569984000157],[121.073676808000187,14.769429534999972],[121.073737041000072,14.769129659000043],[121.073741062000181,14.769093593000093],[121.073760657000093,14.768942017000143],[121.073759317000167,14.768803465000076],[121.073749453000119,14.768702415000064],[121.073718319000022,14.768567031000032],[121.073671776000083,14.768284071999972],[121.073677107000094,14.76800541],[121.073949363000111,14.768022214000155],[121.074444147,14.768058058000122],[121.074466091000204,14.768058431000043],[121.074731432000021,14.768077554000115],[121.074921468000184,14.768088515000045],[121.075150228000098,14.768031814000096],[121.075590179000187,14.767852857000094],[121.075600606000194,14.767838599000186],[121.075603311,14.767817749000017],[121.075370519000103,14.767182877000096],[121.075332776000096,14.767055287000176],[121.075138159000062,14.766514300000097],[121.075124206000055,14.766344325000148],[121.075126804000092,14.766166483000177],[121.074723707000203,14.766148166],[121.074395339000034,14.766145734000133],[121.074040787000058,14.766129440000043],[121.073254882000128,14.766116552000028],[121.07308016900015,14.765720742000155],[121.073476960000221,14.76526738900003],[121.073753066000108,14.765011698000137],[121.073930701000108,14.764842204000104],[121.074307898000029,14.764623391000043],[121.074749033000217,14.764396145999967],[121.074826964000181,14.764357882000013],[121.074984983000149,14.764278230000173],[121.075260528000172,14.764120626000135],[121.075467782000032,14.763979768000183],[121.075499831000116,14.763940370000114],[121.075573954000106,14.763871700000095],[121.075669945000186,14.763779979000105],[121.075919491000036,14.763590373],[121.076114095000321,14.763466298000139],[121.076261346000024,14.763382512000135],[121.076341193000076,14.763325716000054],[121.076403951000316,14.76327606600006],[121.076467850000199,14.763220899000032],[121.076609870000084,14.763065704000041],[121.076909408,14.76271054200015],[121.076870779000046,14.763720578000061],[121.07689854900002,14.763778679000154],[121.076882967000188,14.764236202000063],[121.076866692000181,14.764564446000065],[121.076867110000194,14.764881654000021],[121.076881345000061,14.76527460900013],[121.076881598000114,14.76582685700015],[121.076889766000136,14.766138937000051],[121.077497790000166,14.766487810000058],[121.078714346000083,14.7671552],[121.078968147000069,14.767185651000148],[121.079157836000036,14.767218869000033],[121.079408490000105,14.767337111000074],[121.079825404000189,14.767607129],[121.080292302000089,14.768016099000079],[121.080466372000274,14.768169039000156],[121.080633973000204,14.768314950000047],[121.080673051000076,14.768352129],[121.08084821100033,14.76837851199997],[121.081045687000028,14.768390253000177],[121.081188059000056,14.768292184000131],[121.081196675000228,14.770193606000078],[121.081207002000269,14.770974715000136],[121.081183821000081,14.771132211000179],[121.081097917000079,14.771108758000082],[121.0810090760001,14.77110734900009],[121.080933838000078,14.771124569000108],[121.080856990000257,14.771197821000101],[121.08071856100014,14.771381080000083],[121.080614762000096,14.771561555000176],[121.080597705000059,14.771596281000029],[121.080549890000043,14.771693627000104],[121.080500988000153,14.771917557000165],[121.080506231000072,14.772059951000017],[121.080540208000343,14.772219974000052],[121.080587703000106,14.772364516000096],[121.080689028000052,14.772738703000073],[121.080695033000097,14.77287797800011],[121.080689362000044,14.772951122000109],[121.080661802000122,14.77306844800006],[121.080623890000197,14.773105128000111],[121.08057925900016,14.773136531000091],[121.080402212000081,14.773169999000061],[121.080266248000044,14.773195993000058],[121.080078966000201,14.773211675000084],[121.079654600000254,14.77319976900003],[121.079519762000132,14.773192257000119],[121.079416066000022,14.77319667],[121.079330991,14.773208030999967],[121.079232400000137,14.773238258000106],[121.079125380000164,14.773242980000134],[121.078925027000196,14.773300279000182],[121.07866282800012,14.773372447999975],[121.078538095000113,14.773418408000055],[121.078411666000079,14.77345192700011],[121.07829944200023,14.773473461000094],[121.078126165000185,14.773453330000109],[121.078032432000327,14.773434155000018],[121.077820619000136,14.77337588600011],[121.077716344000123,14.773376749000079],[121.07767002300011,14.773395022999978],[121.077627848000247,14.773434388000169],[121.07760115800022,14.773477818],[121.077603794000083,14.773636538000176],[121.077667717000054,14.773768102000076],[121.077752323000027,14.773756451000054],[121.077827213000091,14.773804684000083],[121.077946826000016,14.773996758000123],[121.07825860100013,14.774551920000079],[121.078311303000078,14.774678754000092],[121.078267912000115,14.774869666000086],[121.077941312000121,14.775500916000055],[121.077721426000039,14.775887777000037],[121.077668884000104,14.776087427],[121.077629442000216,14.776223967000135],[121.077523435000217,14.776427389999981],[121.077391167000087,14.776568390000136],[121.077286346000051,14.776619849000042]]]}},{"type":"Feature","properties":{"adm4_name":"Barangay 186","adm4_name1":null,"adm4_name2":null,"adm4_name3":null,"adm4_pcode":"PH1307501186","adm3_name":"Caloocan City","adm3_name1":null,"adm3_name2":null,"adm3_name3":null,"adm3_pcode":"PH1307501","adm2_name":"Metropolitan Manila Third District","adm2_name1":null,"adm2_name2":null,"adm2_name3":null,"adm2_pcode":"PH13075","adm1_name":"National Capital Region (NCR)","adm1_name1":null,"adm1_name2":null,"adm1_name3":null,"adm1_pcode":"PH13","adm0_name":"Philippines","adm0_name1":null,"adm0_name2":null,"adm0_name3":null,"adm0_pcode":"PH","valid_on":"2025-02-13","valid_to":null,"area_sqkm":1.09388338,"version":"v03","lang":"en","lang1":null,"lang2":null,"lang3":null,"adm4_ref_name":"Barangay 186","center_lat":14.76887274,"center_lon":121.06970312},"geometry":{"type":"Polygon","coordinates":[[[121.071069373000228,14.776046736000126],[121.070960514000149,14.776060869000105],[121.070862322000039,14.776025168000103],[121.070782847000146,14.775949840000067],[121.070707453000068,14.775836189000188],[121.070640679000235,14.775657943],[121.070574875000148,14.775448746],[121.070457900000179,14.775079864000077],[121.070229073000291,14.774615525000115],[121.070176771000092,14.774535296000124],[121.070036231000017,14.774473516000171],[121.069782373000066,14.774419682000143],[121.069571912000015,14.77436221],[121.069347146000041,14.774300492000066],[121.069282907000343,14.77429203100013],[121.069133361000013,14.77425772100014],[121.068794915000126,14.774152510000079],[121.068493820000185,14.774124693000147],[121.068137830000182,14.774125937000065],[121.067665797000132,14.774101086000087],[121.067450798000209,14.77404590600014],[121.067219911000052,14.773929113000122],[121.067041449000158,14.773815349000131],[121.066936186000021,14.773755559000165],[121.066865229000314,14.773716812000089],[121.066814667000017,14.773699407000151],[121.066734300000235,14.773686868000084],[121.066543224000043,14.773093672000016],[121.066494786000135,14.772949696000182],[121.066457381000191,14.772698333999983],[121.065334934000134,14.770350825000037],[121.065063258,14.76985465000007],[121.064756136000028,14.769293736],[121.065211365000096,14.769082355000023],[121.066939465000246,14.768249401000048],[121.066005368000106,14.766602681000052],[121.065964355,14.766470877000131],[121.065861043000041,14.765878703000169],[121.066163366000069,14.765862521000088],[121.066561240000169,14.765841670000043],[121.067069624000055,14.765818019000108],[121.067688241000042,14.765806020000127],[121.067688223000232,14.765645340000162],[121.067692520000151,14.765584381000167],[121.067710066000018,14.765512666000177],[121.067790279000292,14.765341112000044],[121.067929332000176,14.765040440000178],[121.067956857000013,14.764923007000164],[121.067962836000106,14.764815038],[121.06795999100018,14.764753445000167],[121.067932016000213,14.764656900999967],[121.067903491000038,14.764596066000024],[121.067827224000098,14.764479863000076],[121.067593817000215,14.764206659000024],[121.06755468900019,14.764140939000129],[121.067359877000058,14.76359861800006],[121.067080108000027,14.762944125000047],[121.0670223850002,14.762828554000123],[121.066986892000045,14.762790535000079],[121.066583586000206,14.762591734000068],[121.066684315000089,14.762269085000128],[121.06650817000002,14.762225162000107],[121.066379908000044,14.762198246000025],[121.066657135000014,14.761937775000092],[121.067008323000096,14.761610146000066],[121.067073888000095,14.761641533000045],[121.067106048000255,14.76165068],[121.067161741000177,14.761664491000033],[121.067230561000201,14.761662590000128],[121.067290739000214,14.761649107000153],[121.067342267000186,14.761647274000097],[121.06744178800011,14.761656256000151],[121.067514832000029,14.761669379000068],[121.067778117000216,14.761697252000147],[121.067869550000069,14.761711867000031],[121.068018551000023,14.761758966000116],[121.068157701000018,14.761816816000078],[121.068264741000121,14.761876200000017],[121.068390557000043,14.761978164000141],[121.068854557000122,14.761857674999987],[121.069176018000121,14.762019282000153],[121.069329903000153,14.762070000000108],[121.069586385000093,14.762127425000131],[121.070591236000155,14.762154642000155],[121.071137496,14.762164025000118],[121.071675206000123,14.762161332000176],[121.071806308000191,14.762156071],[121.071765037000205,14.762696209000126],[121.072978570000146,14.762647079000146],[121.074343375000012,14.762660314000073],[121.074395314000299,14.762663344000146],[121.074796663000029,14.762655135000102],[121.075061320000032,14.762658312000099],[121.075254707000113,14.762660242000095],[121.076294908000136,14.762657951000165],[121.076301783000076,14.762656005000167],[121.076310006000085,14.762650979999989],[121.076316174000112,14.762645955000039],[121.076321885000084,14.762640929000156],[121.076326910000034,14.76263567500007],[121.076333078000062,14.762628366000115],[121.076335590000099,14.762622655000087],[121.076338788000044,14.762613289000171],[121.076341992000039,14.762592699999971],[121.076908517000106,14.76257222900017],[121.076909408,14.76271054200015],[121.076609870000084,14.763065704000041],[121.076467850000199,14.763220899000032],[121.076403951000316,14.76327606600006],[121.076341193000076,14.763325716000054],[121.076261346000024,14.763382512000135],[121.076114095000321,14.763466298000139],[121.075919491000036,14.763590373],[121.075669945000186,14.763779979000105],[121.075573954000106,14.763871700000095],[121.075499831000116,14.763940370000114],[121.075467782000032,14.763979768000183],[121.075260528000172,14.764120626000135],[121.074984983000149,14.764278230000173],[121.074826964000181,14.764357882000013],[121.074749033000217,14.764396145999967],[121.074307898000029,14.764623391000043],[121.073930701000108,14.764842204000104],[121.073753066000108,14.765011698000137],[121.073476960000221,14.76526738900003],[121.07308016900015,14.765720742000155],[121.073254882000128,14.766116552000028],[121.074040787000058,14.766129440000043],[121.074395339000034,14.766145734000133],[121.074723707000203,14.766148166],[121.075126804000092,14.766166483000177],[121.075124206000055,14.766344325000148],[121.075138159000062,14.766514300000097],[121.075332776000096,14.767055287000176],[121.075370519000103,14.767182877000096],[121.075603311,14.767817749000017],[121.075600606000194,14.767838599000186],[121.075590179000187,14.767852857000094],[121.075150228000098,14.768031814000096],[121.074921468000184,14.768088515000045],[121.074731432000021,14.768077554000115],[121.074466091000204,14.768058431000043],[121.074444147,14.768058058000122],[121.073949363000111,14.768022214000155],[121.073677107000094,14.76800541],[121.073671776000083,14.768284071999972],[121.073718319000022,14.768567031000032],[121.073749453000119,14.768702415000064],[121.073759317000167,14.768803465000076],[121.073760657000093,14.768942017000143],[121.073741062000181,14.769093593000093],[121.073737041000072,14.769129659000043],[121.073676808000187,14.769429534999972],[121.073645320000082,14.769569984000157],[121.073613619000071,14.769708777000176],[121.073592258000076,14.769878146000053],[121.073578327000291,14.770008791000123],[121.073581877000038,14.770322508000049],[121.073460586000238,14.770338070000093],[121.073375920000331,14.770342192000101],[121.073280299000203,14.770334979000097],[121.072705300000052,14.770220383000037],[121.072673853000083,14.77061180000004],[121.072690527000077,14.770758558000068],[121.072732652000013,14.770929402000036],[121.072761686000149,14.771011918000113],[121.072805251000091,14.771092854000017],[121.072852031000025,14.771143918000178],[121.07269677100021,14.771987201000059],[121.072496068000191,14.771909267000183],[121.072213507000015,14.771775369000125],[121.072076834000313,14.771780896000109],[121.071945210000081,14.771829311000147],[121.071850976000064,14.771917567000173],[121.07180943600008,14.772036130000117],[121.071815917000094,14.772163996000188],[121.071847579000064,14.77237149400014],[121.071875085000102,14.772639175000165],[121.071879002000287,14.77272147900004],[121.071917884000186,14.772788207000076],[121.071968323000306,14.772830836000139],[121.071984125000199,14.772910755000055],[121.071976155000243,14.773307469000031],[121.07207644000016,14.773621325000079],[121.072167053000044,14.773786811000093],[121.072288107000304,14.773892333000106],[121.072443289000034,14.774020035000035],[121.072524367000142,14.774132357000099],[121.072651264000115,14.774510091000082],[121.072654010000292,14.774639440000044],[121.072619059000203,14.774810554000169],[121.072523650000335,14.774988801000063],[121.072320226000215,14.775171672],[121.072120050000194,14.775328338000179],[121.072007180000242,14.775389847000042],[121.071841506000055,14.77560742999998],[121.071768283000097,14.775674515000162],[121.07169224300003,14.775697268000158],[121.071616014000028,14.775732358000027],[121.071549984000058,14.77580677900005],[121.071500429000139,14.775874928000121],[121.071452835000287,14.775894382000104],[121.071069373000228,14.776046736000126]]]}},{"type":"Feature","properties":{"adm4_name":"Barangay 187","adm4_name1":null,"adm4_name2":null,"adm4_name3":null,"adm4_pcode":"PH1307501187","adm3_name":"Caloocan City","adm3_name1":null,"adm3_name2":null,"adm3_name3":null,"adm3_pcode":"PH1307501","adm2_name":"Metropolitan Manila Third District","adm2_name1":null,"adm2_name2":null,"adm2_name3":null,"adm2_pcode":"PH13075","adm1_name":"National Capital Region (NCR)","adm1_name1":null,"adm1_name2":null,"adm1_name3":null,"adm1_pcode":"PH13","adm0_name":"Philippines","adm0_name1":null,"adm0_name2":null,"adm0_name3":null,"adm0_pcode":"PH","valid_on":"2025-02-13","valid_to":null,"area_sqkm":0.63904946,"version":"v03","lang":"en","lang1":null,"lang2":null,"lang3":null,"adm4_ref_name":"Barangay 187","center_lat":14.7651373,"center_lon":121.06105445},"geometry":{"type":"Polygon","coordinates":[[[121.056106119000106,14.768542620000062],[121.055943253000123,14.768552879000083],[121.05548985300004,14.768446351000023],[121.055347035000182,14.768402496000022],[121.055319431000157,14.768254813000112],[121.055299766000076,14.768021810000107],[121.0552633960001,14.767846583000107],[121.055209085000115,14.767667660000143],[121.055129459000113,14.767527864000101],[121.05466855300017,14.767081201],[121.054639230000134,14.767008955999984],[121.054625295000278,14.766974621000088],[121.054841582000108,14.76690544000013],[121.054827106000062,14.766854401000103],[121.055033685000012,14.76673945400006],[121.055364390000022,14.766563596000083],[121.054796253000063,14.765890133000084],[121.054202891000159,14.765170824000165],[121.054245818000027,14.765103775],[121.054314823000027,14.76498286500015],[121.054356012000085,14.76491994800017],[121.054377933000069,14.76489583700004],[121.054392688,14.764867326000058],[121.054387040000051,14.764717161000021],[121.054372382000224,14.76461179000006],[121.05436561800002,14.764583106000032],[121.054356900000016,14.764565678000167],[121.054357141000082,14.764549226000042],[121.054397083000026,14.764401859000031],[121.0544402270001,14.764269318000174],[121.054444517000093,14.76422357600012],[121.054444328000159,14.764178738000112],[121.054452225000205,14.764128692000043],[121.054477965000046,14.764081730999976],[121.054522494000025,14.764023971000029],[121.054540157000019,14.763997912999969],[121.054582081000262,14.763917489999983],[121.054631599000118,14.76381630700007],[121.054652863000115,14.763744422000059],[121.054664033000108,14.763685487000089],[121.054707642000039,14.763577827000063],[121.054736616000014,14.76348848400005],[121.054748036000092,14.763442081],[121.054765584000052,14.763346041000034],[121.054785124000091,14.763293714000099],[121.054819955000085,14.763240791000044],[121.054855341,14.763218906000134],[121.054897197000059,14.763196109000091],[121.054951821000145,14.763181053999972],[121.055027186000075,14.763159046000112],[121.055128625000179,14.763143431000174],[121.055151236000029,14.763076333000129],[121.055222582000056,14.763072219000151],[121.055292177000069,14.763072418999968],[121.055308640000248,14.763100840000106],[121.055341521000059,14.763147139000125],[121.055354045000058,14.763149840000096],[121.055470194000122,14.763149929000178],[121.055594429000053,14.763166919000184],[121.055657382000163,14.763172823000104],[121.055696302000342,14.763181251000105],[121.055719180000096,14.763186258000076],[121.055754048000153,14.763204341000062],[121.055808884000044,14.763230863000103],[121.055837993000068,14.763236905999975],[121.055899920000115,14.763233352000043],[121.05594484900007,14.763219007000032],[121.056035913000073,14.763185693000139],[121.056077415000345,14.763182277],[121.056135520000112,14.763166019999971],[121.056170799000256,14.763157964000015],[121.056212500000242,14.763142807000122],[121.056291544000032,14.763133963000087],[121.056384199000149,14.763125326000022],[121.056411146000187,14.763117925000188],[121.056445452000162,14.763088481000068],[121.056475183000089,14.763048349000144],[121.056523163000065,14.762994720000052],[121.056590375000155,14.762936671000091],[121.056645860000231,14.762876847000143],[121.056698306000158,14.762806438000098],[121.056710837000196,14.762789584000132],[121.056800132000035,14.762700092000159],[121.056862351000063,14.762639131000185],[121.056971421000071,14.762549397000043],[121.056997521000085,14.762538280000115],[121.05703126700007,14.762538678000112],[121.057121852000023,14.762545053000053],[121.057180398000014,14.762527578000118],[121.057207867000102,14.762501462000102],[121.057249517000173,14.762438764000024],[121.057276288000025,14.76242563400001],[121.05734804500014,14.762411053000164],[121.057442962000096,14.762405201000036],[121.057491867000181,14.762413478999974],[121.057547905000206,14.762447802000054],[121.057653545000221,14.762526900000069],[121.057807845000184,14.762641256999984],[121.057818417000021,14.762693163000051],[121.057814688000121,14.762711583000169],[121.057809845000179,14.762728068000172],[121.057769142000097,14.762762606000024],[121.057589248000113,14.762886043000037],[121.057502920000047,14.762934806000032],[121.057467839000083,14.762992802000042],[121.057433802000219,14.763124942000161],[121.057426465000049,14.763224293000121],[121.057462863000069,14.76338820400008],[121.057564300000195,14.763505549000115],[121.057680556000037,14.763537710000037],[121.057808986000055,14.763563015000045],[121.057922223000219,14.763531666000063],[121.057989676000034,14.763462574000187],[121.058017104000214,14.763369472000136],[121.058032204000028,14.763293703000159],[121.058067720000054,14.763181062000172],[121.058104860000185,14.763091889000179],[121.058143683000253,14.763032018000104],[121.05820651800002,14.762969337000129],[121.058295600000292,14.762917878000053],[121.058414417000108,14.762884298000131],[121.058481983000206,14.762873385000034],[121.058602786000165,14.76287101700018],[121.058910376000199,14.762900273000128],[121.059076525000023,14.762898958000108],[121.059208149000028,14.762897676000023],[121.059430478000081,14.762884557000064],[121.059482843000069,14.76288121400006],[121.059526082000161,14.762865902000044],[121.059586101000036,14.76280635500018],[121.059648011000036,14.762687597000138],[121.059714408000104,14.762600518000113],[121.059856686000103,14.762402718999965],[121.059964293000121,14.762303809000173],[121.060093213000073,14.762213435000149],[121.060195959000112,14.762188438000123],[121.060333314000104,14.762163858],[121.060392077000301,14.762161644],[121.060458136000193,14.762148095000043],[121.060499,14.762126653000053],[121.060531145000255,14.762076029000127],[121.060569146000148,14.76203426800015],[121.060603274000073,14.762010669000063],[121.060622012000067,14.761998547000132],[121.06066580200013,14.761964226000032],[121.060705512000027,14.761883547000025],[121.060732745000109,14.761849154000117],[121.060857361000103,14.761788175000106],[121.061007093000057,14.761745305000147],[121.06117580800003,14.761709934000123],[121.061277284000084,14.761699619000069],[121.061337145000152,14.761698826000099],[121.06138693000014,14.761728208000022],[121.061406513000065,14.761751358000026],[121.061423753000213,14.761771906000092],[121.061628591000158,14.762581444000148],[121.061703715000135,14.762939577000168],[121.061741002000076,14.763157389000071],[121.061794382000244,14.763219763999984],[121.061898094000298,14.763295583000172],[121.061926248000191,14.763342647000115],[121.062113013000044,14.763283232000106],[121.062503346000085,14.763103871999988],[121.062662760000194,14.76319704000008],[121.062758846000065,14.763273573000106],[121.062866268000107,14.763306377000163],[121.062872378000066,14.763308815000187],[121.062894063000044,14.763336042000049],[121.062967680000156,14.763390446000074],[121.063084432000096,14.763446841000075],[121.063189619000127,14.763006534000112],[121.063285988000075,14.763024145000088],[121.063362583000071,14.763047916000176],[121.063468406000197,14.763081114999977],[121.063572439000041,14.763126903000057],[121.063653703000341,14.763144253000064],[121.063670747000174,14.762910975000125],[121.063882374000173,14.763106185000083],[121.064109488000099,14.763290721000089],[121.064247703000092,14.763368756000091],[121.064383700000121,14.763413863000153],[121.064460255000085,14.763519480000127],[121.064711911000018,14.763402774000042],[121.064828738000301,14.763391245999969],[121.064803049000034,14.763113931000021],[121.064887228000202,14.763096105000159],[121.0649738850002,14.763072176000037],[121.065034581000191,14.7630554160001],[121.06516868600022,14.763029943],[121.065788626000199,14.762758231000078],[121.066211050000106,14.762500818000035],[121.06632515400031,14.762528160000159],[121.066484026000126,14.762572075000151],[121.066583586000206,14.762591734000068],[121.066986892000045,14.762790535000079],[121.0670223850002,14.762828554000123],[121.067080108000027,14.762944125000047],[121.067359877000058,14.76359861800006],[121.06755468900019,14.764140939000129],[121.067593817000215,14.764206659000024],[121.067827224000098,14.764479863000076],[121.067903491000038,14.764596066000024],[121.067932016000213,14.764656900999967],[121.06795999100018,14.764753445000167],[121.067962836000106,14.764815038],[121.067956857000013,14.764923007000164],[121.067929332000176,14.765040440000178],[121.067790279000292,14.765341112000044],[121.067710066000018,14.765512666000177],[121.067692520000151,14.765584381000167],[121.067688223000232,14.765645340000162],[121.067688241000042,14.765806020000127],[121.067069624000055,14.765818019000108],[121.066561240000169,14.765841670000043],[121.066163366000069,14.765862521000088],[121.065861043000041,14.765878703000169],[121.065516725000293,14.76582605100009],[121.064757935000216,14.765836368000123],[121.064504962000342,14.765838861000077],[121.064168469000151,14.765841261000105],[121.064232161000064,14.766368632000137],[121.064303271000085,14.766890178000097],[121.064228249000053,14.766924737000068],[121.064153974000078,14.76691688],[121.063981838000018,14.766929650000179],[121.06374552300008,14.766972627000087],[121.062968663000106,14.767093372000033],[121.062529433,14.767164284000046],[121.06184107200022,14.767251003000013],[121.061514369000065,14.767294993000121],[121.061190020000026,14.767340861000037],[121.06114565200005,14.767346810000049],[121.060529925000196,14.767434093000077],[121.060505527000146,14.767437552000104],[121.05987776500001,14.767519688000164],[121.059767619000013,14.76686574200005],[121.059760571000083,14.766835298],[121.059749779000072,14.766819536000128],[121.059730066000157,14.766808462000085],[121.059709164000196,14.766804599000068],[121.059382135000078,14.766843827000116],[121.059195685000077,14.766871661000096],[121.058769501000029,14.766882708000026],[121.058470118000173,14.766993569000078],[121.058213135000187,14.767091091000111],[121.058076144000097,14.767138966000118],[121.057973708000304,14.767168451000146],[121.057814971000084,14.767239972000084],[121.057693140000197,14.767285165000033],[121.057569098000045,14.76731163400018],[121.057434728000089,14.767329925000183],[121.057205463000059,14.767371111000045],[121.057052961000068,14.76739792300009],[121.057104649000053,14.76759791700016],[121.057161702000144,14.767794751999986],[121.057331003000172,14.768244860000095],[121.056579010000064,14.768442888000152],[121.056505679000111,14.768459294000081],[121.056264858000191,14.768513048000102],[121.056106119000106,14.768542620000062]]]}},{"type":"Feature","properties":{"adm4_name":"Barangay 188","adm4_name1":null,"adm4_name2":null,"adm4_name3":null,"adm4_pcode":"PH1307501188","adm3_name":"Caloocan City","adm3_name1":null,"adm3_name2":null,"adm3_name3":null,"adm3_pcode":"PH1307501","adm2_name":"Metropolitan Manila Third District","adm2_name1":null,"adm2_name2":null,"adm2_name3":null,"adm2_pcode":"PH13075","adm1_name":"National Capital Region (NCR)","adm1_name1":null,"adm1_name2":null,"adm1_name3":null,"adm1_pcode":"PH13","adm0_name":"Philippines","adm0_name1":null,"adm0_name2":null,"adm0_name3":null,"adm0_pcode":"PH","valid_on":"2025-02-13","valid_to":null,"area_sqkm":0.74846496,"version":"v03","lang":"en","lang1":null,"lang2":null,"lang3":null,"adm4_ref_name":"Barangay 188","center_lat":14.77168361,"center_lon":121.06229851000001},"geometry":{"type":"Polygon","coordinates":[[[121.065655112000286,14.777533081000058],[121.065498433000016,14.777533221999988],[121.065428949000193,14.777514530000076],[121.065326284000093,14.77746654300006],[121.06523747100016,14.777369433000047],[121.0652022700001,14.777228587000138],[121.065187801000093,14.77694580300016],[121.065195794000147,14.776864776000139],[121.065265477000139,14.776651720000075],[121.065280381000093,14.776563632999967],[121.065274441000156,14.776427569000077],[121.065263003000268,14.776401288000159],[121.065250600000013,14.776387673000158],[121.065195726000297,14.77636225800012],[121.065081279000196,14.776305574000048],[121.065009831000111,14.776263851000067],[121.064634941,14.775900194000087],[121.064474656000016,14.77572461200009],[121.064287495000031,14.775553201000037],[121.064026902000023,14.775380153000128],[121.063880984000093,14.775282761000028],[121.063579415000049,14.775127744000088],[121.06306164700004,14.774885992000179],[121.062989622000032,14.77485255900018],[121.062947407000024,14.774845497000115],[121.062897222000061,14.774850638000089],[121.062853337000206,14.774869248000016],[121.06280553900001,14.774902074000067],[121.062735804000113,14.774963485000114],[121.062683484000104,14.775019582000027],[121.062438749000194,14.775436295000134],[121.062412009000127,14.775546292000115],[121.062234108000212,14.775421875],[121.062045788000091,14.775278550000166],[121.062044268000136,14.775276837000092],[121.062048663000041,14.775271835000012],[121.062106732000188,14.775199256000178],[121.0621359390002,14.775153730000113],[121.062161089000142,14.775108038999974],[121.062194373000011,14.775037184999974],[121.062222444000099,14.774961641000118],[121.062334707000105,14.774645571000065],[121.062353835000067,14.774602695999988],[121.062398765000239,14.774527082000134],[121.062542901000143,14.774277828000152],[121.062759167000081,14.773970096000085],[121.062819590000117,14.773869526000112],[121.062869980000073,14.773807442000134],[121.062833251000143,14.773601510000105],[121.062413814000024,14.773689324000088],[121.062124854000103,14.773741465000057],[121.061830358000066,14.773802782000075],[121.0618307310001,14.773779920000152],[121.061834128000328,14.773572100000024],[121.061835052000106,14.773515555000017],[121.061825750000025,14.773486438000191],[121.061692883000092,14.773221252000099],[121.061602887000163,14.772997382000028],[121.061404418000166,14.772593996000069],[121.06127398000001,14.772471684999971],[121.061177145000102,14.772389590000046],[121.061045687000046,14.77230649500018],[121.060904106000294,14.772236363000047],[121.06074655000009,14.772166938999987],[121.060586754000155,14.772101973000133],[121.060298989000103,14.771974924000176],[121.059715517000086,14.771854755000106],[121.059588667000071,14.771833041000093],[121.059262262000175,14.771783798000172],[121.058960397000192,14.77173693800006],[121.058289255000091,14.77163027600011],[121.058042037000064,14.771581180000112],[121.057726049000166,14.771514978000141],[121.05746642500003,14.771462342000063],[121.057085578000056,14.771380309000108],[121.056995756000219,14.771347519000074],[121.056953309000164,14.771325405000027],[121.05641597400006,14.770872525000186],[121.056499707000171,14.77077464700011],[121.056580949000136,14.770665437000105],[121.056649845000152,14.770555119000051],[121.056711176000135,14.770427586000039],[121.05675098800009,14.770322061000115],[121.056849967000176,14.770051275000071],[121.056930174000172,14.769864963000146],[121.05696417300021,14.769811638000078],[121.057025678000059,14.769736720000083],[121.057104933000119,14.769664611000053],[121.057356142000231,14.76950524200015],[121.057659465000029,14.769339568000078],[121.057709924000164,14.769306020000158],[121.057677417000036,14.769265173000065],[121.057631533000176,14.769165708000116],[121.057522780000113,14.768851815000176],[121.057505542000172,14.768778892000057],[121.057440345000145,14.768581750000124],[121.057331003000172,14.768244860000095],[121.057161702000144,14.767794751999986],[121.057104649000053,14.76759791700016],[121.057052961000068,14.76739792300009],[121.057205463000059,14.767371111000045],[121.057434728000089,14.767329925000183],[121.057569098000045,14.76731163400018],[121.057693140000197,14.767285165000033],[121.057814971000084,14.767239972000084],[121.057973708000304,14.767168451000146],[121.058076144000097,14.767138966000118],[121.058213135000187,14.767091091000111],[121.058470118000173,14.766993569000078],[121.058769501000029,14.766882708000026],[121.059195685000077,14.766871661000096],[121.059382135000078,14.766843827000116],[121.059709164000196,14.766804599000068],[121.059730066000157,14.766808462000085],[121.059749779000072,14.766819536000128],[121.059760571000083,14.766835298],[121.059767619000013,14.76686574200005],[121.05987776500001,14.767519688000164],[121.060505527000146,14.767437552000104],[121.060529925000196,14.767434093000077],[121.06114565200005,14.767346810000049],[121.061190020000026,14.767340861000037],[121.061514369000065,14.767294993000121],[121.06184107200022,14.767251003000013],[121.062529433,14.767164284000046],[121.062968663000106,14.767093372000033],[121.06374552300008,14.766972627000087],[121.063981838000018,14.766929650000179],[121.064153974000078,14.76691688],[121.064228249000053,14.766924737000068],[121.064303271000085,14.766890178000097],[121.064232161000064,14.766368632000137],[121.064168469000151,14.765841261000105],[121.064504962000342,14.765838861000077],[121.064757935000216,14.765836368000123],[121.065516725000293,14.76582605100009],[121.065861043000041,14.765878703000169],[121.065964355,14.766470877000131],[121.066005368000106,14.766602681000052],[121.066939465000246,14.768249401000048],[121.065211365000096,14.769082355000023],[121.064756136000028,14.769293736],[121.065063258,14.76985465000007],[121.065334934000134,14.770350825000037],[121.066457381000191,14.772698333999983],[121.066494786000135,14.772949696000182],[121.066543224000043,14.773093672000016],[121.066734300000235,14.773686868000084],[121.066694892000214,14.773695643],[121.066665624000052,14.773719817000028],[121.066599040000028,14.773787179000124],[121.066578996000203,14.773823612],[121.06648838000001,14.774040762000027],[121.066471954,14.774078615000064],[121.066469871000095,14.774105625000175],[121.066495773000156,14.77424785900007],[121.066550822000181,14.774577097000133],[121.066604295000047,14.774842567000064],[121.066652167000143,14.774933851000128],[121.066833386000098,14.775275262000036],[121.067034,14.775612268000032],[121.067100617000051,14.775743553000154],[121.06713532900028,14.775925222000183],[121.067150214000208,14.776005342000076],[121.067140623000228,14.776142079000124],[121.067093806000116,14.776365485000099],[121.067063258000076,14.776512402000094],[121.066985258000045,14.776696476000041],[121.066943298000297,14.776797248000037],[121.066907604000221,14.776863880000064],[121.066730128000245,14.777051531000041],[121.066657647000056,14.777130279000176],[121.066426412000169,14.777289886000119],[121.066199316000052,14.777400071000102],[121.066133391000335,14.777432057000055],[121.06606183700012,14.777453995000087],[121.065655112000286,14.777533081000058]]]}}]}