{
    "type": "FeatureCollection",
    "name": "Caloocan nearby DOST-PHIVOLCS active faults (20 km search area)",
    "source": {
        "agency": "DOST-PHIVOLCS",
        "service": "https://gisweb.phivolcs.dost.gov.ph/arcgis/rest/services/PHIVOLCS/ActiveFault/MapServer",
        "vector_endpoint": "https://gisweb.phivolcs.dost.gov.ph/arcgis/services/PHIVOLCS/ActiveFault/MapServer/KmlServer",
        "retrieved_at": "2026-08-19T15:23:20+00:00",
        "search_radius_meters": 20000,
        "note": "Complete official source features are preserved; nearby faults are not clipped to Caloocan."
    },
    "features": [
        {
            "type": "Feature",
            "properties": {
                "official_fault_name": "West Valley Fault",
                "official_fault_system": "Valley Fault System",
                "official_segment_name": "02",
                "feature_class": "Active Fault",
                "trace_type": "Approximate",
                "line_type": "Dashed - red",
                "mapped_year": "2013",
                "mapping_scale": "1:5,000",
                "source_object_id": 374,
                "source_active_fault_id": "201020178101010200516",
                "source_global_id": "{D5FD4768-A8AE-47F4-9275-A02D59115D4D}",
                "source_agency": "DOST-PHIVOLCS",
                "source_service": "https://gisweb.phivolcs.dost.gov.ph/arcgis/rest/services/PHIVOLCS/ActiveFault/MapServer",
                "source_vector_endpoint": "https://gisweb.phivolcs.dost.gov.ph/arcgis/services/PHIVOLCS/ActiveFault/MapServer/KmlServer",
                "minimum_distance_to_caloocan_meters": 8699.46,
                "intersects_caloocan": false
            },
            "geometry": {
                "type": "LineString",
                "coordinates": [
                    [
                        121.0818509120001,
                        14.633838545
                    ],
                    [
                        121.081829758,
                        14.63374385399999
                    ],
                    [
                        121.081795819,
                        14.63361185999997
                    ],
                    [
                        121.081754513,
                        14.63348273899999
                    ],
                    [
                        121.081713211,
                        14.63336366200002
                    ],
                    [
                        121.081704618,
                        14.63334256500002
                    ]
                ]
            }
        },
        {
            "type": "Feature",
            "properties": {
                "official_fault_name": "West Valley Fault",
                "official_fault_system": "Valley Fault System",
                "official_segment_name": "02",
                "feature_class": "Active Fault",
                "trace_type": "Certain",
                "line_type": "Solid - red",
                "mapped_year": "2013",
                "mapping_scale": "1:5,000",
                "source_object_id": 390,
                "source_active_fault_id": "201020178101052400532",
                "source_global_id": "{2738AEF3-2A13-4A45-A875-221605370719}",
                "source_agency": "DOST-PHIVOLCS",
                "source_service": "https://gisweb.phivolcs.dost.gov.ph/arcgis/rest/services/PHIVOLCS/ActiveFault/MapServer",
                "source_vector_endpoint": "https://gisweb.phivolcs.dost.gov.ph/arcgis/services/PHIVOLCS/ActiveFault/MapServer/KmlServer",
                "minimum_distance_to_caloocan_meters": 10492.89,
                "intersects_caloocan": false
            },
            "geometry": {
                "type": "LineString",
                "coordinates": [
                    [
                        121.068687479,
                        14.57625419099998
                    ],
                    [
                        121.068675623,
                        14.57635256899999
                    ],
                    [
                        121.068675662,
                        14.57649145200003
                    ]
                ]
            }
        },
        {
            "type": "Feature",
            "properties": {
                "official_fault_name": "West Valley Fault",
                "official_fault_system": "Valley Fault System",
                "official_segment_name": "02",
                "feature_class": "Active Fault",
                "trace_type": "Certain - Downthrown Area",
                "line_type": "Hachured (E) - red",
                "mapped_year": "2013",
                "mapping_scale": "1:50,000",
                "source_object_id": 396,
                "source_active_fault_id": "201020178101081700538",
                "source_global_id": "{E0424806-569D-4E91-9267-9CBB7DEFC2D8}",
                "source_agency": "DOST-PHIVOLCS",
                "source_service": "https://gisweb.phivolcs.dost.gov.ph/arcgis/rest/services/PHIVOLCS/ActiveFault/MapServer",
                "source_vector_endpoint": "https://gisweb.phivolcs.dost.gov.ph/arcgis/services/PHIVOLCS/ActiveFault/MapServer/KmlServer",
                "minimum_distance_to_caloocan_meters": 5202.99,
                "intersects_caloocan": false
            },
            "geometry": {
                "type": "LineString",
                "coordinates": [
                    [
                        121.15686048,
                        14.77409809400001
                    ],
                    [
                        121.156094477,
                        14.773836561
                    ],
                    [
                        121.155510486,
                        14.77339342599998
                    ],
                    [
                        121.154364202,
                        14.77225950500002
                    ],
                    [
                        121.151898403,
                        14.77016959399998
                    ],
                    [
                        121.150924871,
                        14.76942914099999
                    ],
                    [
                        121.150325996,
                        14.76901676
                    ],
                    [
                        121.1498936850001,
                        14.76879334799997
                    ],
                    [
                        121.14902346,
                        14.76830596100001
                    ],
                    [
                        121.148260906,
                        14.76797487200003
                    ]
                ]
            }
        },
        {
            "type": "Feature",
            "properties": {
                "official_fault_name": "West Valley Fault",
                "official_fault_system": "Valley Fault System",
                "official_segment_name": "02",
                "feature_class": "Active Fault",
                "trace_type": "Approximate",
                "line_type": "Dashed - red",
                "mapped_year": "2013",
                "mapping_scale": "1:10,000",
                "source_object_id": 405,
                "source_active_fault_id": "201020178101010200547",
                "source_global_id": "{BA50F0D6-52FC-4B42-A380-F45892774F5A}",
                "source_agency": "DOST-PHIVOLCS",
                "source_service": "https://gisweb.phivolcs.dost.gov.ph/arcgis/rest/services/PHIVOLCS/ActiveFault/MapServer",
                "source_vector_endpoint": "https://gisweb.phivolcs.dost.gov.ph/arcgis/services/PHIVOLCS/ActiveFault/MapServer/KmlServer",
                "minimum_distance_to_caloocan_meters": 4840.64,
                "intersects_caloocan": false
            },
            "geometry": {
                "type": "LineString",
                "coordinates": [
                    [
                        121.144891257,
                        14.76631214600002
                    ],
                    [
                        121.145263746,
                        14.766543641
                    ]
                ]
            }
        },
        {
            "type": "Feature",
            "properties": {
                "official_fault_name": "West Valley Fault",
                "official_fault_system": "Valley Fault System",
                "official_segment_name": "02",
                "feature_class": "Active Fault",
                "trace_type": "Approximate",
                "line_type": "Dashed - red",
                "mapped_year": "2013",
                "mapping_scale": "1:5,000",
                "source_object_id": 410,
                "source_active_fault_id": "201020178101010200552",
                "source_global_id": "{F3B633DA-74B8-4374-B118-C8A7FFDA28FB}",
                "source_agency": "DOST-PHIVOLCS",
                "source_service": "https://gisweb.phivolcs.dost.gov.ph/arcgis/rest/services/PHIVOLCS/ActiveFault/MapServer",
                "source_vector_endpoint": "https://gisweb.phivolcs.dost.gov.ph/arcgis/services/PHIVOLCS/ActiveFault/MapServer/KmlServer",
                "minimum_distance_to_caloocan_meters": 16642.75,
                "intersects_caloocan": false
            },
            "geometry": {
                "type": "LineString",
                "coordinates": [
                    [
                        121.053360922,
                        14.49831323900003
                    ],
                    [
                        121.053342342,
                        14.49824641200002
                    ],
                    [
                        121.053275298,
                        14.49807308800001
                    ],
                    [
                        121.053264691,
                        14.49798614000002
                    ],
                    [
                        121.053255582,
                        14.49782697699999
                    ],
                    [
                        121.053228324,
                        14.49768255599997
                    ],
                    [
                        121.053216182,
                        14.49748949799999
                    ],
                    [
                        121.053216086,
                        14.49703116400002
                    ],
                    [
                        121.053224034,
                        14.49667212999998
                    ],
                    [
                        121.0532596750001,
                        14.49620075899998
                    ],
                    [
                        121.053270348,
                        14.49610564400001
                    ],
                    [
                        121.053274857,
                        14.49596416399999
                    ],
                    [
                        121.053258152,
                        14.49565173399998
                    ],
                    [
                        121.053226319,
                        14.49532899000002
                    ],
                    [
                        121.053210603,
                        14.49503953099998
                    ],
                    [
                        121.0531793180001,
                        14.49480287400002
                    ],
                    [
                        121.053129327,
                        14.49444918500001
                    ],
                    [
                        121.0531038200001,
                        14.494208808
                    ],
                    [
                        121.053073288,
                        14.49410581500001
                    ],
                    [
                        121.053040185,
                        14.49399204600002
                    ],
                    [
                        121.053024826,
                        14.49382728699999
                    ],
                    [
                        121.0530157,
                        14.49358412100003
                    ],
                    [
                        121.053020214,
                        14.49347211600002
                    ],
                    [
                        121.053032292,
                        14.49336305700001
                    ],
                    [
                        121.053068545,
                        14.49311840799999
                    ],
                    [
                        121.053132354,
                        14.49278098500002
                    ],
                    [
                        121.053143246,
                        14.49266566699998
                    ],
                    [
                        121.053130661,
                        14.49245995899997
                    ],
                    [
                        121.053123321,
                        14.49224446800002
                    ],
                    [
                        121.0531353820001,
                        14.49205189700001
                    ],
                    [
                        121.053141081,
                        14.49166415799999
                    ],
                    [
                        121.053153253,
                        14.49155467100002
                    ],
                    [
                        121.053167474,
                        14.491203015
                    ],
                    [
                        121.053175474,
                        14.49087879000001
                    ],
                    [
                        121.053213728,
                        14.49056634900001
                    ],
                    [
                        121.053227485,
                        14.49047599300002
                    ],
                    [
                        121.053235585,
                        14.49029527900001
                    ],
                    [
                        121.0532418510001,
                        14.49002793599999
                    ],
                    [
                        121.053275847,
                        14.48983072999999
                    ],
                    [
                        121.053304292,
                        14.489642785
                    ],
                    [
                        121.053326425,
                        14.48939912200001
                    ],
                    [
                        121.053350591,
                        14.48922816300001
                    ],
                    [
                        121.053348542,
                        14.48907292899997
                    ],
                    [
                        121.053328329,
                        14.48885874899997
                    ],
                    [
                        121.0532996220001,
                        14.488422555
                    ],
                    [
                        121.0533321729999,
                        14.487952888
                    ],
                    [
                        121.05334223,
                        14.48782319600002
                    ],
                    [
                        121.0533301100001,
                        14.48753108599999
                    ]
                ]
            }
        },
        {
            "type": "Feature",
            "properties": {
                "official_fault_name": "East Valley Fault",
                "official_fault_system": "Valley Fault System",
                "official_segment_name": "01",
                "feature_class": "Active Fault",
                "trace_type": "Certain - Downthrown Area",
                "line_type": "Hachured (W) - red",
                "mapped_year": "2014",
                "mapping_scale": "1:10,000",
                "source_object_id": 442,
                "source_active_fault_id": "201020173201082200585",
                "source_global_id": "{4372FD21-909A-4D9B-A0F9-7F099EB5ABEE}",
                "source_agency": "DOST-PHIVOLCS",
                "source_service": "https://gisweb.phivolcs.dost.gov.ph/arcgis/rest/services/PHIVOLCS/ActiveFault/MapServer",
                "source_vector_endpoint": "https://gisweb.phivolcs.dost.gov.ph/arcgis/services/PHIVOLCS/ActiveFault/MapServer/KmlServer",
                "minimum_distance_to_caloocan_meters": 7687.12,
                "intersects_caloocan": false
            },
            "geometry": {
                "type": "LineString",
                "coordinates": [
                    [
                        121.155775059,
                        14.71965554399998
                    ],
                    [
                        121.1553917490001,
                        14.71884011200001
                    ]
                ]
            }
        },
        {
            "type": "Feature",
            "properties": {
                "official_fault_name": "West Valley Fault",
                "official_fault_system": "Valley Fault System",
                "official_segment_name": "02",
                "feature_class": "Active Fault",
                "trace_type": "Certain",
                "line_type": "Solid - red",
                "mapped_year": "2013",
                "mapping_scale": "1:5,000",
                "source_object_id": 443,
                "source_active_fault_id": "201020178101052400586",
                "source_global_id": "{0ED5A756-1A2D-46BD-9B8F-7FEC7AECE02B}",
                "source_agency": "DOST-PHIVOLCS",
                "source_service": "https://gisweb.phivolcs.dost.gov.ph/arcgis/rest/services/PHIVOLCS/ActiveFault/MapServer",
                "source_vector_endpoint": "https://gisweb.phivolcs.dost.gov.ph/arcgis/services/PHIVOLCS/ActiveFault/MapServer/KmlServer",
                "minimum_distance_to_caloocan_meters": 18111.57,
                "intersects_caloocan": false
            },
            "geometry": {
                "type": "LineString",
                "coordinates": [
                    [
                        121.052228113,
                        14.48365908900001
                    ],
                    [
                        121.052161105,
                        14.483258535
                    ],
                    [
                        121.052075008,
                        14.48301634799998
                    ],
                    [
                        121.052036738,
                        14.482881281
                    ]
                ]
            }
        },
        {
            "type": "Feature",
            "properties": {
                "official_fault_name": "West Valley Fault",
                "official_fault_system": "Valley Fault System",
                "official_segment_name": "02",
                "feature_class": "Active Fault",
                "trace_type": "Certain - Downthrown Area",
                "line_type": "Hachured (E) - red",
                "mapped_year": "2013",
                "mapping_scale": "1:5,000",
                "source_object_id": 459,
                "source_active_fault_id": "201020178101081700602",
                "source_global_id": "{2A22DC56-C023-4470-8E17-750FAE2009BD}",
                "source_agency": "DOST-PHIVOLCS",
                "source_service": "https://gisweb.phivolcs.dost.gov.ph/arcgis/rest/services/PHIVOLCS/ActiveFault/MapServer",
                "source_vector_endpoint": "https://gisweb.phivolcs.dost.gov.ph/arcgis/services/PHIVOLCS/ActiveFault/MapServer/KmlServer",
                "minimum_distance_to_caloocan_meters": 7902.63,
                "intersects_caloocan": false
            },
            "geometry": {
                "type": "LineString",
                "coordinates": [
                    [
                        121.0900249380001,
                        14.65879737
                    ],
                    [
                        121.0899843350001,
                        14.65860368300002
                    ],
                    [
                        121.0899068700001,
                        14.65836337799999
                    ],
                    [
                        121.089881062,
                        14.65832034200003
                    ],
                    [
                        121.089825724,
                        14.658133835
                    ]
                ]
            }
        },
        {
            "type": "Feature",
            "properties": {
                "official_fault_name": "West Valley Fault",
                "official_fault_system": "Valley Fault System",
                "official_segment_name": "02",
                "feature_class": "Active Fault",
                "trace_type": "Certain",
                "line_type": "Solid - red",
                "mapped_year": "2013",
                "mapping_scale": "1:50,000",
                "source_object_id": 472,
                "source_active_fault_id": "201020178101052400615",
                "source_global_id": "{FB24D0E4-2F23-49CF-974F-38A728AE2162}",
                "source_agency": "DOST-PHIVOLCS",
                "source_service": "https://gisweb.phivolcs.dost.gov.ph/arcgis/rest/services/PHIVOLCS/ActiveFault/MapServer",
                "source_vector_endpoint": "https://gisweb.phivolcs.dost.gov.ph/arcgis/services/PHIVOLCS/ActiveFault/MapServer/KmlServer",
                "minimum_distance_to_caloocan_meters": 8385.44,
                "intersects_caloocan": false
            },
            "geometry": {
                "type": "LineString",
                "coordinates": [
                    [
                        121.154352044,
                        14.82915911800001
                    ],
                    [
                        121.154394917,
                        14.828739052
                    ],
                    [
                        121.154440063,
                        14.827637654
                    ],
                    [
                        121.1544736560001,
                        14.82693967799997
                    ],
                    [
                        121.154506028,
                        14.826376047
                    ],
                    [
                        121.1546676850001,
                        14.82441027800002
                    ]
                ]
            }
        },
        {
            "type": "Feature",
            "properties": {
                "official_fault_name": "East Valley Fault",
                "official_fault_system": "Valley Fault System",
                "official_segment_name": "01",
                "feature_class": "Active Fault",
                "trace_type": "Approximate",
                "line_type": "Dashed - red",
                "mapped_year": "2014",
                "mapping_scale": "1:10,000",
                "source_object_id": 485,
                "source_active_fault_id": "201020173201010200629",
                "source_global_id": "{6CCC0DDE-4820-4A46-9194-61F3DF4B34C0}",
                "source_agency": "DOST-PHIVOLCS",
                "source_service": "https://gisweb.phivolcs.dost.gov.ph/arcgis/rest/services/PHIVOLCS/ActiveFault/MapServer",
                "source_vector_endpoint": "https://gisweb.phivolcs.dost.gov.ph/arcgis/services/PHIVOLCS/ActiveFault/MapServer/KmlServer",
                "minimum_distance_to_caloocan_meters": 8926.91,
                "intersects_caloocan": false
            },
            "geometry": {
                "type": "LineString",
                "coordinates": [
                    [
                        121.1399858140001,
                        14.689193983
                    ],
                    [
                        121.13902961,
                        14.68632869300001
                    ]
                ]
            }
        },
        {
            "type": "Feature",
            "properties": {
                "official_fault_name": "East Valley Fault",
                "official_fault_system": "Valley Fault System",
                "official_segment_name": "01",
                "feature_class": "Active Fault",
                "trace_type": "Certain",
                "line_type": "Solid - red",
                "mapped_year": "2014",
                "mapping_scale": "1:10,000",
                "source_object_id": 502,
                "source_active_fault_id": "201020173201052400646",
                "source_global_id": "{FB2D1359-A9EB-48D2-8F31-33CA515788E2}",
                "source_agency": "DOST-PHIVOLCS",
                "source_service": "https://gisweb.phivolcs.dost.gov.ph/arcgis/rest/services/PHIVOLCS/ActiveFault/MapServer",
                "source_vector_endpoint": "https://gisweb.phivolcs.dost.gov.ph/arcgis/services/PHIVOLCS/ActiveFault/MapServer/KmlServer",
                "minimum_distance_to_caloocan_meters": 8311.1,
                "intersects_caloocan": false
            },
            "geometry": {
                "type": "LineString",
                "coordinates": [
                    [
                        121.144919589,
                        14.70192057499997
                    ],
                    [
                        121.144277776,
                        14.70051151299998
                    ],
                    [
                        121.143882747,
                        14.69916307099999
                    ],
                    [
                        121.143767722,
                        14.69847139699999
                    ]
                ]
            }
        },
        {
            "type": "Feature",
            "properties": {
                "official_fault_name": "West Valley Fault",
                "official_fault_system": "Valley Fault System",
                "official_segment_name": "02",
                "feature_class": "Active Fault",
                "trace_type": "Certain - Downthrown Area",
                "line_type": "Hachured (E) - red",
                "mapped_year": "2013",
                "mapping_scale": "1:5,000",
                "source_object_id": 505,
                "source_active_fault_id": "201020178101081700649",
                "source_global_id": "{87ED9D12-6319-4024-A407-DB1F9D152F77}",
                "source_agency": "DOST-PHIVOLCS",
                "source_service": "https://gisweb.phivolcs.dost.gov.ph/arcgis/rest/services/PHIVOLCS/ActiveFault/MapServer",
                "source_vector_endpoint": "https://gisweb.phivolcs.dost.gov.ph/arcgis/services/PHIVOLCS/ActiveFault/MapServer/KmlServer",
                "minimum_distance_to_caloocan_meters": 4370.04,
                "intersects_caloocan": false
            },
            "geometry": {
                "type": "LineString",
                "coordinates": [
                    [
                        121.125404359,
                        14.732102349
                    ],
                    [
                        121.124032998,
                        14.72930814900002
                    ]
                ]
            }
        },
        {
            "type": "Feature",
            "properties": {
                "official_fault_name": "West Valley Fault",
                "official_fault_system": "Valley Fault System",
                "official_segment_name": "02",
                "feature_class": "Active Fault",
                "trace_type": "Approximate",
                "line_type": "Dashed - red",
                "mapped_year": "2013",
                "mapping_scale": "1:10,000",
                "source_object_id": 515,
                "source_active_fault_id": "201020178101010200659",
                "source_global_id": "{F09CBF1F-9BFF-4333-A3AC-C93C9FDDC5BB}",
                "source_agency": "DOST-PHIVOLCS",
                "source_service": "https://gisweb.phivolcs.dost.gov.ph/arcgis/rest/services/PHIVOLCS/ActiveFault/MapServer",
                "source_vector_endpoint": "https://gisweb.phivolcs.dost.gov.ph/arcgis/services/PHIVOLCS/ActiveFault/MapServer/KmlServer",
                "minimum_distance_to_caloocan_meters": 4880.28,
                "intersects_caloocan": false
            },
            "geometry": {
                "type": "LineString",
                "coordinates": [
                    [
                        121.145263746,
                        14.766543641
                    ],
                    [
                        121.148260906,
                        14.76797487200003
                    ]
                ]
            }
        },
        {
            "type": "Feature",
            "properties": {
                "official_fault_name": "East Valley Fault",
                "official_fault_system": "Valley Fault System",
                "official_segment_name": "01",
                "feature_class": "Active Fault",
                "trace_type": "Certain - Downthrown Area",
                "line_type": "Hachured (W) - red",
                "mapped_year": "2014",
                "mapping_scale": "1:10,000",
                "source_object_id": 516,
                "source_active_fault_id": "201020173201082200660",
                "source_global_id": "{4A0C450C-35EA-46C6-8627-515106B7C312}",
                "source_agency": "DOST-PHIVOLCS",
                "source_service": "https://gisweb.phivolcs.dost.gov.ph/arcgis/rest/services/PHIVOLCS/ActiveFault/MapServer",
                "source_vector_endpoint": "https://gisweb.phivolcs.dost.gov.ph/arcgis/services/PHIVOLCS/ActiveFault/MapServer/KmlServer",
                "minimum_distance_to_caloocan_meters": 8554.98,
                "intersects_caloocan": false
            },
            "geometry": {
                "type": "LineString",
                "coordinates": [
                    [
                        121.143767722,
                        14.69847139699999
                    ],
                    [
                        121.143384815,
                        14.69713868299999
                    ],
                    [
                        121.143366709,
                        14.696827181
                    ],
                    [
                        121.143336407,
                        14.69663566000003
                    ],
                    [
                        121.143187283,
                        14.69620962099998
                    ],
                    [
                        121.142977429,
                        14.69536159699999
                    ],
                    [
                        121.142634785,
                        14.69406670299998
                    ],
                    [
                        121.142622322,
                        14.69401970899997
                    ]
                ]
            }
        },
        {
            "type": "Feature",
            "properties": {
                "official_fault_name": "West Valley Fault",
                "official_fault_system": "Valley Fault System",
                "official_segment_name": "02",
                "feature_class": "Active Fault",
                "trace_type": "Certain",
                "line_type": "Solid - red",
                "mapped_year": "2013",
                "mapping_scale": "1:5,000",
                "source_object_id": 520,
                "source_active_fault_id": "201020178101052400664",
                "source_global_id": "{3047D0E3-24B9-4B54-BCBF-6DC08EB94584}",
                "source_agency": "DOST-PHIVOLCS",
                "source_service": "https://gisweb.phivolcs.dost.gov.ph/arcgis/rest/services/PHIVOLCS/ActiveFault/MapServer",
                "source_vector_endpoint": "https://gisweb.phivolcs.dost.gov.ph/arcgis/services/PHIVOLCS/ActiveFault/MapServer/KmlServer",
                "minimum_distance_to_caloocan_meters": 4729.01,
                "intersects_caloocan": false
            },
            "geometry": {
                "type": "LineString",
                "coordinates": [
                    [
                        121.121528999,
                        14.725144344
                    ],
                    [
                        121.121650769,
                        14.72542048600002
                    ],
                    [
                        121.121841135,
                        14.72576590599999
                    ]
                ]
            }
        },
        {
            "type": "Feature",
            "properties": {
                "official_fault_name": "West Valley Fault",
                "official_fault_system": "Valley Fault System",
                "official_segment_name": "02",
                "feature_class": "Active Fault",
                "trace_type": "Approximate",
                "line_type": "Dashed - red",
                "mapped_year": "2013",
                "mapping_scale": "1:10,000",
                "source_object_id": 537,
                "source_active_fault_id": "201020178101010200681",
                "source_global_id": "{A58BF562-2C86-417E-A283-2DA213DAD4E7}",
                "source_agency": "DOST-PHIVOLCS",
                "source_service": "https://gisweb.phivolcs.dost.gov.ph/arcgis/rest/services/PHIVOLCS/ActiveFault/MapServer",
                "source_vector_endpoint": "https://gisweb.phivolcs.dost.gov.ph/arcgis/services/PHIVOLCS/ActiveFault/MapServer/KmlServer",
                "minimum_distance_to_caloocan_meters": 4083.26,
                "intersects_caloocan": false
            },
            "geometry": {
                "type": "LineString",
                "coordinates": [
                    [
                        121.137528083,
                        14.75854462400002
                    ],
                    [
                        121.137904273,
                        14.75932970399998
                    ],
                    [
                        121.13796057,
                        14.75947467899999
                    ]
                ]
            }
        },
        {
            "type": "Feature",
            "properties": {
                "official_fault_name": "West Valley Fault",
                "official_fault_system": "Valley Fault System",
                "official_segment_name": "02",
                "feature_class": "Active Fault",
                "trace_type": "Certain",
                "line_type": "Solid - red",
                "mapped_year": "2013",
                "mapping_scale": "1:5,000",
                "source_object_id": 548,
                "source_active_fault_id": "201020178101052400692",
                "source_global_id": "{CD36165E-B056-4F1F-9CFF-73C05BC2129D}",
                "source_agency": "DOST-PHIVOLCS",
                "source_service": "https://gisweb.phivolcs.dost.gov.ph/arcgis/rest/services/PHIVOLCS/ActiveFault/MapServer",
                "source_vector_endpoint": "https://gisweb.phivolcs.dost.gov.ph/arcgis/services/PHIVOLCS/ActiveFault/MapServer/KmlServer",
                "minimum_distance_to_caloocan_meters": 8180.28,
                "intersects_caloocan": false
            },
            "geometry": {
                "type": "LineString",
                "coordinates": [
                    [
                        121.085443665,
                        14.64450092599998
                    ],
                    [
                        121.08565531,
                        14.64484478200001
                    ],
                    [
                        121.085817505,
                        14.64508864700002
                    ],
                    [
                        121.085946542,
                        14.64532893699999
                    ],
                    [
                        121.086053458,
                        14.64552977599999
                    ],
                    [
                        121.0862746730001,
                        14.64596732299998
                    ],
                    [
                        121.086447968,
                        14.64633314399998
                    ],
                    [
                        121.086595476,
                        14.64670973599999
                    ],
                    [
                        121.086698763,
                        14.64705764600001
                    ],
                    [
                        121.086853658,
                        14.64748086600002
                    ],
                    [
                        121.087008512,
                        14.6477893
                    ],
                    [
                        121.087189195,
                        14.64820175
                    ],
                    [
                        121.087344034,
                        14.64846713999998
                    ]
                ]
            }
        },
        {
            "type": "Feature",
            "properties": {
                "official_fault_name": "West Valley Fault",
                "official_fault_system": "Valley Fault System",
                "official_segment_name": "02",
                "feature_class": "Active Fault",
                "trace_type": "Approximate",
                "line_type": "Dashed - red",
                "mapped_year": "2013",
                "mapping_scale": "1:5,000",
                "source_object_id": 556,
                "source_active_fault_id": "201020178101010200700",
                "source_global_id": "{68F105FD-7665-4BCD-B7AB-777D77063515}",
                "source_agency": "DOST-PHIVOLCS",
                "source_service": "https://gisweb.phivolcs.dost.gov.ph/arcgis/rest/services/PHIVOLCS/ActiveFault/MapServer",
                "source_vector_endpoint": "https://gisweb.phivolcs.dost.gov.ph/arcgis/services/PHIVOLCS/ActiveFault/MapServer/KmlServer",
                "minimum_distance_to_caloocan_meters": 15073.44,
                "intersects_caloocan": false
            },
            "geometry": {
                "type": "LineString",
                "coordinates": [
                    [
                        121.0545261570001,
                        14.51216452699998
                    ],
                    [
                        121.05454343,
                        14.512504589
                    ],
                    [
                        121.0545573440001,
                        14.51275297699999
                    ],
                    [
                        121.0545618370001,
                        14.51292658699998
                    ],
                    [
                        121.054593052,
                        14.51306112899999
                    ],
                    [
                        121.054628733,
                        14.51324558300001
                    ],
                    [
                        121.054648799,
                        14.51332587399998
                    ],
                    [
                        121.054635467,
                        14.51347995600003
                    ],
                    [
                        121.054615446,
                        14.513607998
                    ],
                    [
                        121.054593205,
                        14.51377076300003
                    ],
                    [
                        121.054593245,
                        14.51395522500002
                    ],
                    [
                        121.054606645,
                        14.51411798200002
                    ],
                    [
                        121.054630372,
                        14.51437319000002
                    ]
                ]
            }
        },
        {
            "type": "Feature",
            "properties": {
                "official_fault_name": "West Valley Fault",
                "official_fault_system": "Valley Fault System",
                "official_segment_name": "02",
                "feature_class": "Active Fault",
                "trace_type": "Approximate",
                "line_type": "Dashed - red",
                "mapped_year": "2013",
                "mapping_scale": "1:5,000",
                "source_object_id": 560,
                "source_active_fault_id": "201020178101010200704",
                "source_global_id": "{21714A5E-D86F-4267-9F7A-EFD311511FBD}",
                "source_agency": "DOST-PHIVOLCS",
                "source_service": "https://gisweb.phivolcs.dost.gov.ph/arcgis/rest/services/PHIVOLCS/ActiveFault/MapServer",
                "source_vector_endpoint": "https://gisweb.phivolcs.dost.gov.ph/arcgis/services/PHIVOLCS/ActiveFault/MapServer/KmlServer",
                "minimum_distance_to_caloocan_meters": 13916.59,
                "intersects_caloocan": false
            },
            "geometry": {
                "type": "LineString",
                "coordinates": [
                    [
                        121.056133744,
                        14.52501340800001
                    ],
                    [
                        121.056126191,
                        14.52520045599999
                    ],
                    [
                        121.056146728,
                        14.52533584899999
                    ],
                    [
                        121.056158168,
                        14.52554893199999
                    ],
                    [
                        121.056158182,
                        14.52561552200001
                    ],
                    [
                        121.056180983,
                        14.52568210599998
                    ],
                    [
                        121.0561924050001,
                        14.525815282
                    ],
                    [
                        121.056249414,
                        14.52601947699998
                    ],
                    [
                        121.056285913,
                        14.52620591900001
                    ],
                    [
                        121.056349767,
                        14.526450066
                    ],
                    [
                        121.056395381,
                        14.52664538400001
                    ],
                    [
                        121.056434144,
                        14.52676967600002
                    ],
                    [
                        121.056477484,
                        14.52698053300003
                    ],
                    [
                        121.0564903550001,
                        14.52706128699998
                    ]
                ]
            }
        },
        {
            "type": "Feature",
            "properties": {
                "official_fault_name": "West Valley Fault",
                "official_fault_system": "Valley Fault System",
                "official_segment_name": "02",
                "feature_class": "Active Fault",
                "trace_type": "Certain",
                "line_type": "Solid - red",
                "mapped_year": "2013",
                "mapping_scale": "1:5,000",
                "source_object_id": 584,
                "source_active_fault_id": "201020178101052400728",
                "source_global_id": "{290CB18F-D8CE-4D1C-8208-C5F5852188FD}",
                "source_agency": "DOST-PHIVOLCS",
                "source_service": "https://gisweb.phivolcs.dost.gov.ph/arcgis/rest/services/PHIVOLCS/ActiveFault/MapServer",
                "source_vector_endpoint": "https://gisweb.phivolcs.dost.gov.ph/arcgis/services/PHIVOLCS/ActiveFault/MapServer/KmlServer",
                "minimum_distance_to_caloocan_meters": 7995.72,
                "intersects_caloocan": false
            },
            "geometry": {
                "type": "LineString",
                "coordinates": [
                    [
                        121.083824923,
                        14.64469699799997
                    ],
                    [
                        121.083916396,
                        14.64502830700002
                    ],
                    [
                        121.084015981,
                        14.64534034899998
                    ],
                    [
                        121.084056554,
                        14.645473057
                    ],
                    [
                        121.084126407,
                        14.64568150000002
                    ],
                    [
                        121.084198376,
                        14.645839013
                    ],
                    [
                        121.084236624,
                        14.64596152799999
                    ],
                    [
                        121.084349069,
                        14.64618685599999
                    ],
                    [
                        121.084484009,
                        14.64647562699997
                    ],
                    [
                        121.084602294,
                        14.64678932800001
                    ],
                    [
                        121.084697704,
                        14.64703787299999
                    ],
                    [
                        121.084857386,
                        14.64738133700001
                    ],
                    [
                        121.085005848,
                        14.64777075199999
                    ],
                    [
                        121.085066922,
                        14.64792627200001
                    ],
                    [
                        121.085129609,
                        14.64807690700002
                    ],
                    [
                        121.085229156,
                        14.64827416200001
                    ],
                    [
                        121.085313962,
                        14.648460661
                    ]
                ]
            }
        },
        {
            "type": "Feature",
            "properties": {
                "official_fault_name": "West Valley Fault",
                "official_fault_system": "Valley Fault System",
                "official_segment_name": "02",
                "feature_class": "Active Fault",
                "trace_type": "Certain",
                "line_type": "Solid - red",
                "mapped_year": "2013",
                "mapping_scale": "1:10,000",
                "source_object_id": 607,
                "source_active_fault_id": "201020178101052400751",
                "source_global_id": "{75B7CB02-0899-4C1E-8A7F-64A5CE0BF743}",
                "source_agency": "DOST-PHIVOLCS",
                "source_service": "https://gisweb.phivolcs.dost.gov.ph/arcgis/rest/services/PHIVOLCS/ActiveFault/MapServer",
                "source_vector_endpoint": "https://gisweb.phivolcs.dost.gov.ph/arcgis/services/PHIVOLCS/ActiveFault/MapServer/KmlServer",
                "minimum_distance_to_caloocan_meters": 4139.86,
                "intersects_caloocan": false
            },
            "geometry": {
                "type": "LineString",
                "coordinates": [
                    [
                        121.138195614,
                        14.75997114099999
                    ],
                    [
                        121.138288409,
                        14.76011628100002
                    ],
                    [
                        121.138324099,
                        14.76017814400001
                    ],
                    [
                        121.138642929,
                        14.760908599
                    ]
                ]
            }
        },
        {
            "type": "Feature",
            "properties": {
                "official_fault_name": "East Valley Fault",
                "official_fault_system": "Valley Fault System",
                "official_segment_name": "01",
                "feature_class": "Active Fault",
                "trace_type": "Approximate",
                "line_type": "Dashed - red",
                "mapped_year": "2014",
                "mapping_scale": "1:10,000",
                "source_object_id": 614,
                "source_active_fault_id": "201020173201010200758",
                "source_global_id": "{31BBCF68-8E1C-4A10-959C-26F5319B30BB}",
                "source_agency": "DOST-PHIVOLCS",
                "source_service": "https://gisweb.phivolcs.dost.gov.ph/arcgis/rest/services/PHIVOLCS/ActiveFault/MapServer",
                "source_vector_endpoint": "https://gisweb.phivolcs.dost.gov.ph/arcgis/services/PHIVOLCS/ActiveFault/MapServer/KmlServer",
                "minimum_distance_to_caloocan_meters": 7641.06,
                "intersects_caloocan": false
            },
            "geometry": {
                "type": "LineString",
                "coordinates": [
                    [
                        121.161942523,
                        14.72924566299997
                    ],
                    [
                        121.161616611,
                        14.72880249999997
                    ]
                ]
            }
        },
        {
            "type": "Feature",
            "properties": {
                "official_fault_name": "West Valley Fault",
                "official_fault_system": "Valley Fault System",
                "official_segment_name": "02",
                "feature_class": "Active Fault",
                "trace_type": "Approximate",
                "line_type": "Dashed - red",
                "mapped_year": "2013",
                "mapping_scale": "1:50,000",
                "source_object_id": 616,
                "source_active_fault_id": "201020178101010200760",
                "source_global_id": "{1675BA67-D525-4E79-BFBA-0B1B1CDDFAAD}",
                "source_agency": "DOST-PHIVOLCS",
                "source_service": "https://gisweb.phivolcs.dost.gov.ph/arcgis/rest/services/PHIVOLCS/ActiveFault/MapServer",
                "source_vector_endpoint": "https://gisweb.phivolcs.dost.gov.ph/arcgis/services/PHIVOLCS/ActiveFault/MapServer/KmlServer",
                "minimum_distance_to_caloocan_meters": 15207.45,
                "intersects_caloocan": false
            },
            "geometry": {
                "type": "LineString",
                "coordinates": [
                    [
                        121.170447206,
                        14.89460432200002
                    ],
                    [
                        121.170278695,
                        14.89361884700003
                    ],
                    [
                        121.169971996,
                        14.89270861199998
                    ],
                    [
                        121.169672754,
                        14.89208521799998
                    ],
                    [
                        121.169108238,
                        14.89029396199999
                    ]
                ]
            }
        },
        {
            "type": "Feature",
            "properties": {
                "official_fault_name": "West Valley Fault",
                "official_fault_system": "Valley Fault System",
                "official_segment_name": "02",
                "feature_class": "Active Fault",
                "trace_type": "Approximate",
                "line_type": "Dashed - red",
                "mapped_year": "2013",
                "mapping_scale": "1:10,000",
                "source_object_id": 621,
                "source_active_fault_id": "201020178101010200765",
                "source_global_id": "{85E88055-EC5D-45EF-95B1-8348382EA43A}",
                "source_agency": "DOST-PHIVOLCS",
                "source_service": "https://gisweb.phivolcs.dost.gov.ph/arcgis/rest/services/PHIVOLCS/ActiveFault/MapServer",
                "source_vector_endpoint": "https://gisweb.phivolcs.dost.gov.ph/arcgis/services/PHIVOLCS/ActiveFault/MapServer/KmlServer",
                "minimum_distance_to_caloocan_meters": 4148.66,
                "intersects_caloocan": false
            },
            "geometry": {
                "type": "LineString",
                "coordinates": [
                    [
                        121.138288409,
                        14.76011628100002
                    ],
                    [
                        121.138578696,
                        14.76042083900001
                    ],
                    [
                        121.138995091,
                        14.760813434
                    ],
                    [
                        121.139083129,
                        14.76090860800002
                    ],
                    [
                        121.139294896,
                        14.76112750999999
                    ],
                    [
                        121.139461453,
                        14.76133451300001
                    ],
                    [
                        121.139768397,
                        14.76158672700001
                    ],
                    [
                        121.139920678,
                        14.76174614400003
                    ],
                    [
                        121.140177654,
                        14.76199359700001
                    ],
                    [
                        121.1405631170001,
                        14.76237905400001
                    ],
                    [
                        121.140974754,
                        14.762757373
                    ],
                    [
                        121.141103241,
                        14.76289775499998
                    ],
                    [
                        121.141966968,
                        14.76357587699999
                    ],
                    [
                        121.142214428,
                        14.76373767600001
                    ]
                ]
            }
        },
        {
            "type": "Feature",
            "properties": {
                "official_fault_name": "East Valley Fault",
                "official_fault_system": "Valley Fault System",
                "official_segment_name": "01",
                "feature_class": "Active Fault",
                "trace_type": "Concealed",
                "line_type": "Dotted - red",
                "mapped_year": "2014",
                "mapping_scale": "1:10,000",
                "source_object_id": 624,
                "source_active_fault_id": "201020173201071400768",
                "source_global_id": "{54B051EF-E09B-4F54-B902-361E9E189A48}",
                "source_agency": "DOST-PHIVOLCS",
                "source_service": "https://gisweb.phivolcs.dost.gov.ph/arcgis/rest/services/PHIVOLCS/ActiveFault/MapServer",
                "source_vector_endpoint": "https://gisweb.phivolcs.dost.gov.ph/arcgis/services/PHIVOLCS/ActiveFault/MapServer/KmlServer",
                "minimum_distance_to_caloocan_meters": 7652.25,
                "intersects_caloocan": false
            },
            "geometry": {
                "type": "LineString",
                "coordinates": [
                    [
                        121.166192428,
                        14.73493474899999
                    ],
                    [
                        121.166057168,
                        14.73474691199999
                    ],
                    [
                        121.163899952,
                        14.73282273299998
                    ]
                ]
            }
        },
        {
            "type": "Feature",
            "properties": {
                "official_fault_name": "West Valley Fault",
                "official_fault_system": "Valley Fault System",
                "official_segment_name": "02",
                "feature_class": "Active Fault",
                "trace_type": "Approximate",
                "line_type": "Dashed - red",
                "mapped_year": "2013",
                "mapping_scale": "1:5,000",
                "source_object_id": 634,
                "source_active_fault_id": "201020178101010200778",
                "source_global_id": "{89F56E33-C01F-4CEA-986F-8AD526AFDB9E}",
                "source_agency": "DOST-PHIVOLCS",
                "source_service": "https://gisweb.phivolcs.dost.gov.ph/arcgis/rest/services/PHIVOLCS/ActiveFault/MapServer",
                "source_vector_endpoint": "https://gisweb.phivolcs.dost.gov.ph/arcgis/services/PHIVOLCS/ActiveFault/MapServer/KmlServer",
                "minimum_distance_to_caloocan_meters": 8036.4,
                "intersects_caloocan": false
            },
            "geometry": {
                "type": "LineString",
                "coordinates": [
                    [
                        121.088806888,
                        14.653001109
                    ],
                    [
                        121.088932244,
                        14.65323063699998
                    ],
                    [
                        121.088987534,
                        14.653295184
                    ],
                    [
                        121.089157136,
                        14.653610786
                    ],
                    [
                        121.089249308,
                        14.653775758
                    ],
                    [
                        121.089400484,
                        14.65408060499999
                    ],
                    [
                        121.0894816,
                        14.65423482
                    ],
                    [
                        121.089555335,
                        14.65436033999998
                    ],
                    [
                        121.089677027,
                        14.65464008800001
                    ],
                    [
                        121.089787688,
                        14.65497723300001
                    ],
                    [
                        121.089806134,
                        14.65504179300001
                    ],
                    [
                        121.089850383,
                        14.65513504099999
                    ],
                    [
                        121.0899131,
                        14.655350242
                    ],
                    [
                        121.090009008,
                        14.655647934
                    ],
                    [
                        121.090071732,
                        14.65588107100001
                    ],
                    [
                        121.090104937,
                        14.65599943199999
                    ],
                    [
                        121.0901233990001,
                        14.65610344999999
                    ]
                ]
            }
        },
        {
            "type": "Feature",
            "properties": {
                "official_fault_name": "West Valley Fault",
                "official_fault_system": "Valley Fault System",
                "official_segment_name": "02",
                "feature_class": "Active Fault",
                "trace_type": "Approximate",
                "line_type": "Dashed - red",
                "mapped_year": "2013",
                "mapping_scale": "1:50,000",
                "source_object_id": 649,
                "source_active_fault_id": "201020178101010200793",
                "source_global_id": "{114420B0-150E-4BBD-BEF1-36A7E205D281}",
                "source_agency": "DOST-PHIVOLCS",
                "source_service": "https://gisweb.phivolcs.dost.gov.ph/arcgis/rest/services/PHIVOLCS/ActiveFault/MapServer",
                "source_vector_endpoint": "https://gisweb.phivolcs.dost.gov.ph/arcgis/services/PHIVOLCS/ActiveFault/MapServer/KmlServer",
                "minimum_distance_to_caloocan_meters": 17797.97,
                "intersects_caloocan": false
            },
            "geometry": {
                "type": "LineString",
                "coordinates": [
                    [
                        121.179876166,
                        14.91117152700002
                    ],
                    [
                        121.180066042,
                        14.91176530799999
                    ],
                    [
                        121.1851258530001,
                        14.92647198600002
                    ],
                    [
                        121.186443556,
                        14.93238002800001
                    ],
                    [
                        121.188905293,
                        14.94257432400002
                    ],
                    [
                        121.191922752,
                        14.95621739400002
                    ],
                    [
                        121.1940202340001,
                        14.96255456199998
                    ],
                    [
                        121.1950523740001,
                        14.96690072400003
                    ],
                    [
                        121.197362805,
                        14.97899174899999
                    ],
                    [
                        121.200757768,
                        14.99684879
                    ],
                    [
                        121.2054698109999,
                        15.02207320000002
                    ]
                ]
            }
        },
        {
            "type": "Feature",
            "properties": {
                "official_fault_name": "West Valley Fault",
                "official_fault_system": "Valley Fault System",
                "official_segment_name": "02",
                "feature_class": "Active Fault",
                "trace_type": "Approximate",
                "line_type": "Dashed - red",
                "mapped_year": "2013",
                "mapping_scale": "1:50,000",
                "source_object_id": 666,
                "source_active_fault_id": "201020178101010200810",
                "source_global_id": "{88A108E8-DC62-48C3-AE37-F78B47748FD1}",
                "source_agency": "DOST-PHIVOLCS",
                "source_service": "https://gisweb.phivolcs.dost.gov.ph/arcgis/rest/services/PHIVOLCS/ActiveFault/MapServer",
                "source_vector_endpoint": "https://gisweb.phivolcs.dost.gov.ph/arcgis/services/PHIVOLCS/ActiveFault/MapServer/KmlServer",
                "minimum_distance_to_caloocan_meters": 7791.25,
                "intersects_caloocan": false
            },
            "geometry": {
                "type": "LineString",
                "coordinates": [
                    [
                        121.154165787,
                        14.818743015
                    ],
                    [
                        121.153912257,
                        14.81736173899998
                    ]
                ]
            }
        },
        {
            "type": "Feature",
            "properties": {
                "official_fault_name": "East Valley Fault",
                "official_fault_system": "Valley Fault System",
                "official_segment_name": "01",
                "feature_class": "Active Fault",
                "trace_type": "Certain - Downthrown Area",
                "line_type": "Hachured (W) - red",
                "mapped_year": "2014",
                "mapping_scale": "1:10,000",
                "source_object_id": 683,
                "source_active_fault_id": "201020173201082200827",
                "source_global_id": "{202625A1-1AD6-4B9C-B9B7-609B84CC0ED1}",
                "source_agency": "DOST-PHIVOLCS",
                "source_service": "https://gisweb.phivolcs.dost.gov.ph/arcgis/rest/services/PHIVOLCS/ActiveFault/MapServer",
                "source_vector_endpoint": "https://gisweb.phivolcs.dost.gov.ph/arcgis/services/PHIVOLCS/ActiveFault/MapServer/KmlServer",
                "minimum_distance_to_caloocan_meters": 7635.46,
                "intersects_caloocan": false
            },
            "geometry": {
                "type": "LineString",
                "coordinates": [
                    [
                        121.161607922,
                        14.72880685799998
                    ],
                    [
                        121.161447199,
                        14.72861565400001
                    ],
                    [
                        121.161347205,
                        14.72844182900002
                    ],
                    [
                        121.161177805,
                        14.72808990599998
                    ],
                    [
                        121.160982244,
                        14.72760757399999
                    ]
                ]
            }
        },
        {
            "type": "Feature",
            "properties": {
                "official_fault_name": "West Valley Fault",
                "official_fault_system": "Valley Fault System",
                "official_segment_name": "02",
                "feature_class": "Active Fault",
                "trace_type": "Certain - Downthrown Area",
                "line_type": "Hachured (E) - red",
                "mapped_year": "2013",
                "mapping_scale": "1:10,000",
                "source_object_id": 684,
                "source_active_fault_id": "201020178101081700828",
                "source_global_id": "{CC334638-BC09-4DF4-8849-EDF2030EFEEF}",
                "source_agency": "DOST-PHIVOLCS",
                "source_service": "https://gisweb.phivolcs.dost.gov.ph/arcgis/rest/services/PHIVOLCS/ActiveFault/MapServer",
                "source_vector_endpoint": "https://gisweb.phivolcs.dost.gov.ph/arcgis/services/PHIVOLCS/ActiveFault/MapServer/KmlServer",
                "minimum_distance_to_caloocan_meters": 4113.5,
                "intersects_caloocan": false
            },
            "geometry": {
                "type": "LineString",
                "coordinates": [
                    [
                        121.126899591,
                        14.736525594
                    ],
                    [
                        121.126794906,
                        14.73608066100002
                    ]
                ]
            }
        },
        {
            "type": "Feature",
            "properties": {
                "official_fault_name": "East Valley Fault",
                "official_fault_system": "Valley Fault System",
                "official_segment_name": "01",
                "feature_class": "Active Fault",
                "trace_type": "Certain",
                "line_type": "Solid - red",
                "mapped_year": "2014",
                "mapping_scale": "1:10,000",
                "source_object_id": 698,
                "source_active_fault_id": "201020173201052400842",
                "source_global_id": "{14B62B1D-160A-4C1A-A2DF-52E85DC81457}",
                "source_agency": "DOST-PHIVOLCS",
                "source_service": "https://gisweb.phivolcs.dost.gov.ph/arcgis/rest/services/PHIVOLCS/ActiveFault/MapServer",
                "source_vector_endpoint": "https://gisweb.phivolcs.dost.gov.ph/arcgis/services/PHIVOLCS/ActiveFault/MapServer/KmlServer",
                "minimum_distance_to_caloocan_meters": 8806.37,
                "intersects_caloocan": false
            },
            "geometry": {
                "type": "LineString",
                "coordinates": [
                    [
                        121.142217094,
                        14.69349647000001
                    ],
                    [
                        121.142015363,
                        14.69318050999999
                    ],
                    [
                        121.141639178,
                        14.69251917299999
                    ],
                    [
                        121.141307893,
                        14.69181753800001
                    ],
                    [
                        121.1404264510001,
                        14.69048659499998
                    ],
                    [
                        121.140168316,
                        14.68999760600002
                    ],
                    [
                        121.140100632,
                        14.68977307599999
                    ],
                    [
                        121.1399858140001,
                        14.689193983
                    ]
                ]
            }
        },
        {
            "type": "Feature",
            "properties": {
                "official_fault_name": "West Valley Fault",
                "official_fault_system": "Valley Fault System",
                "official_segment_name": "02",
                "feature_class": "Active Fault",
                "trace_type": "Certain",
                "line_type": "Solid - red",
                "mapped_year": "2013",
                "mapping_scale": "1:5,000",
                "source_object_id": 699,
                "source_active_fault_id": "201020178101052400843",
                "source_global_id": "{A0E217B9-7641-4EB9-B7DE-4ADB992C3E43}",
                "source_agency": "DOST-PHIVOLCS",
                "source_service": "https://gisweb.phivolcs.dost.gov.ph/arcgis/rest/services/PHIVOLCS/ActiveFault/MapServer",
                "source_vector_endpoint": "https://gisweb.phivolcs.dost.gov.ph/arcgis/services/PHIVOLCS/ActiveFault/MapServer/KmlServer",
                "minimum_distance_to_caloocan_meters": 8105.06,
                "intersects_caloocan": false
            },
            "geometry": {
                "type": "LineString",
                "coordinates": [
                    [
                        121.094378696,
                        14.66470365700002
                    ],
                    [
                        121.094408229,
                        14.66484354099998
                    ],
                    [
                        121.094426695,
                        14.66495114600002
                    ]
                ]
            }
        },
        {
            "type": "Feature",
            "properties": {
                "official_fault_name": "West Valley Fault",
                "official_fault_system": "Valley Fault System",
                "official_segment_name": "02",
                "feature_class": "Active Fault",
                "trace_type": "Certain - Downthrown Area",
                "line_type": "Hachured (E) - red",
                "mapped_year": "2013",
                "mapping_scale": "1:5,000",
                "source_object_id": 719,
                "source_active_fault_id": "201020178101081700863",
                "source_global_id": "{17111412-A99E-44F1-B9CF-935F25EF6B05}",
                "source_agency": "DOST-PHIVOLCS",
                "source_service": "https://gisweb.phivolcs.dost.gov.ph/arcgis/rest/services/PHIVOLCS/ActiveFault/MapServer",
                "source_vector_endpoint": "https://gisweb.phivolcs.dost.gov.ph/arcgis/services/PHIVOLCS/ActiveFault/MapServer/KmlServer",
                "minimum_distance_to_caloocan_meters": 8346.41,
                "intersects_caloocan": false
            },
            "geometry": {
                "type": "LineString",
                "coordinates": [
                    [
                        121.080671636,
                        14.63730281599999
                    ],
                    [
                        121.080476242,
                        14.636901126
                    ]
                ]
            }
        },
        {
            "type": "Feature",
            "properties": {
                "official_fault_name": "West Valley Fault",
                "official_fault_system": "Valley Fault System",
                "official_segment_name": "02",
                "feature_class": "Active Fault",
                "trace_type": "Certain",
                "line_type": "Solid - red",
                "mapped_year": "2013",
                "mapping_scale": "1:50,000",
                "source_object_id": 723,
                "source_active_fault_id": "201020178101052400867",
                "source_global_id": "{F1186C60-6A29-4660-95C9-3AFB29E12C49}",
                "source_agency": "DOST-PHIVOLCS",
                "source_service": "https://gisweb.phivolcs.dost.gov.ph/arcgis/rest/services/PHIVOLCS/ActiveFault/MapServer",
                "source_vector_endpoint": "https://gisweb.phivolcs.dost.gov.ph/arcgis/services/PHIVOLCS/ActiveFault/MapServer/KmlServer",
                "minimum_distance_to_caloocan_meters": 8868.79,
                "intersects_caloocan": false
            },
            "geometry": {
                "type": "LineString",
                "coordinates": [
                    [
                        121.154490235,
                        14.83600137799999
                    ],
                    [
                        121.154569532,
                        14.834164423
                    ],
                    [
                        121.154532386,
                        14.83184088399997
                    ],
                    [
                        121.154427923,
                        14.83063112299999
                    ]
                ]
            }
        },
        {
            "type": "Feature",
            "properties": {
                "official_fault_name": "West Valley Fault",
                "official_fault_system": "Valley Fault System",
                "official_segment_name": "02",
                "feature_class": "Active Fault",
                "trace_type": "Approximate",
                "line_type": "Dashed - red",
                "mapped_year": "2013",
                "mapping_scale": "1:5,000",
                "source_object_id": 732,
                "source_active_fault_id": "201020178101010200877",
                "source_global_id": "{9A218BC7-33A1-4BF8-BF9D-3C240D7E9DD9}",
                "source_agency": "DOST-PHIVOLCS",
                "source_service": "https://gisweb.phivolcs.dost.gov.ph/arcgis/rest/services/PHIVOLCS/ActiveFault/MapServer",
                "source_vector_endpoint": "https://gisweb.phivolcs.dost.gov.ph/arcgis/services/PHIVOLCS/ActiveFault/MapServer/KmlServer",
                "minimum_distance_to_caloocan_meters": 14282.71,
                "intersects_caloocan": false
            },
            "geometry": {
                "type": "LineString",
                "coordinates": [
                    [
                        121.0556725400001,
                        14.52177090499998
                    ],
                    [
                        121.055703539,
                        14.522080824
                    ],
                    [
                        121.055734827,
                        14.52229555100001
                    ],
                    [
                        121.055740754,
                        14.522367524
                    ],
                    [
                        121.055765901,
                        14.52249131600001
                    ],
                    [
                        121.055760004,
                        14.522550336
                    ],
                    [
                        121.0557881349999,
                        14.52280080200001
                    ],
                    [
                        121.05580589,
                        14.52290444200003
                    ],
                    [
                        121.055807376,
                        14.52294330799998
                    ]
                ]
            }
        },
        {
            "type": "Feature",
            "properties": {
                "official_fault_name": "West Valley Fault",
                "official_fault_system": "Valley Fault System",
                "official_segment_name": "02",
                "feature_class": "Active Fault",
                "trace_type": "Certain",
                "line_type": "Solid - red",
                "mapped_year": "2013",
                "mapping_scale": "1:5,000",
                "source_object_id": 734,
                "source_active_fault_id": "201020178101052400879",
                "source_global_id": "{86AB250F-4B32-49DD-B2A2-25189203C169}",
                "source_agency": "DOST-PHIVOLCS",
                "source_service": "https://gisweb.phivolcs.dost.gov.ph/arcgis/rest/services/PHIVOLCS/ActiveFault/MapServer",
                "source_vector_endpoint": "https://gisweb.phivolcs.dost.gov.ph/arcgis/services/PHIVOLCS/ActiveFault/MapServer/KmlServer",
                "minimum_distance_to_caloocan_meters": 7906.81,
                "intersects_caloocan": false
            },
            "geometry": {
                "type": "LineString",
                "coordinates": [
                    [
                        121.08744386,
                        14.65355758200002
                    ],
                    [
                        121.087576565,
                        14.65373688900002
                    ],
                    [
                        121.087653984,
                        14.653862409
                    ],
                    [
                        121.08773509,
                        14.65399510200001
                    ],
                    [
                        121.08785898,
                        14.65421658399998
                    ]
                ]
            }
        },
        {
            "type": "Feature",
            "properties": {
                "official_fault_name": "East Valley Fault",
                "official_fault_system": "Valley Fault System",
                "official_segment_name": "01",
                "feature_class": "Active Fault",
                "trace_type": "Certain",
                "line_type": "Solid - red",
                "mapped_year": "2014",
                "mapping_scale": "1:10,000",
                "source_object_id": 750,
                "source_active_fault_id": "201020173201052400895",
                "source_global_id": "{C0943D61-B293-48BA-9C4C-986F77CC17A8}",
                "source_agency": "DOST-PHIVOLCS",
                "source_service": "https://gisweb.phivolcs.dost.gov.ph/arcgis/rest/services/PHIVOLCS/ActiveFault/MapServer",
                "source_vector_endpoint": "https://gisweb.phivolcs.dost.gov.ph/arcgis/services/PHIVOLCS/ActiveFault/MapServer/KmlServer",
                "minimum_distance_to_caloocan_meters": 9110.41,
                "intersects_caloocan": false
            },
            "geometry": {
                "type": "LineString",
                "coordinates": [
                    [
                        121.139271073,
                        14.68598539700002
                    ],
                    [
                        121.138694799,
                        14.684674073
                    ],
                    [
                        121.1385838910001,
                        14.68428411999997
                    ]
                ]
            }
        },
        {
            "type": "Feature",
            "properties": {
                "official_fault_name": "West Valley Fault",
                "official_fault_system": "Valley Fault System",
                "official_segment_name": "02",
                "feature_class": "Active Fault",
                "trace_type": "Concealed",
                "line_type": "Dotted - red",
                "mapped_year": "2013",
                "mapping_scale": "1:5,000",
                "source_object_id": 756,
                "source_active_fault_id": "201020178101071400903",
                "source_global_id": "{D99A6AAF-4207-4216-93CD-C3E56ED2ACDF}",
                "source_agency": "DOST-PHIVOLCS",
                "source_service": "https://gisweb.phivolcs.dost.gov.ph/arcgis/rest/services/PHIVOLCS/ActiveFault/MapServer",
                "source_vector_endpoint": "https://gisweb.phivolcs.dost.gov.ph/arcgis/services/PHIVOLCS/ActiveFault/MapServer/KmlServer",
                "minimum_distance_to_caloocan_meters": 8187.43,
                "intersects_caloocan": false
            },
            "geometry": {
                "type": "LineString",
                "coordinates": [
                    [
                        121.082736005,
                        14.64143690600002
                    ],
                    [
                        121.08280909,
                        14.64171082899998
                    ],
                    [
                        121.082885827,
                        14.64201498699998
                    ],
                    [
                        121.082917151,
                        14.64210258600002
                    ],
                    [
                        121.082958101,
                        14.64219718700002
                    ],
                    [
                        121.082979222,
                        14.64224414799998
                    ]
                ]
            }
        },
        {
            "type": "Feature",
            "properties": {
                "official_fault_name": "West Valley Fault",
                "official_fault_system": "Valley Fault System",
                "official_segment_name": "02",
                "feature_class": "Active Fault",
                "trace_type": "Certain",
                "line_type": "Solid - red",
                "mapped_year": "2013",
                "mapping_scale": "1:5,000",
                "source_object_id": 769,
                "source_active_fault_id": "201020178101052400916",
                "source_global_id": "{3457AD69-3A5C-4A7F-A92D-6EB71F20252B}",
                "source_agency": "DOST-PHIVOLCS",
                "source_service": "https://gisweb.phivolcs.dost.gov.ph/arcgis/rest/services/PHIVOLCS/ActiveFault/MapServer",
                "source_vector_endpoint": "https://gisweb.phivolcs.dost.gov.ph/arcgis/services/PHIVOLCS/ActiveFault/MapServer/KmlServer",
                "minimum_distance_to_caloocan_meters": 7854.03,
                "intersects_caloocan": false
            },
            "geometry": {
                "type": "LineString",
                "coordinates": [
                    [
                        121.090335138,
                        14.66064100900002
                    ],
                    [
                        121.090386577,
                        14.66026076100002
                    ],
                    [
                        121.09041968,
                        14.66011009300001
                    ]
                ]
            }
        },
        {
            "type": "Feature",
            "properties": {
                "official_fault_name": "West Valley Fault",
                "official_fault_system": "Valley Fault System",
                "official_segment_name": "02",
                "feature_class": "Active Fault",
                "trace_type": "Certain",
                "line_type": "Solid - red",
                "mapped_year": "2013",
                "mapping_scale": "1:50,000",
                "source_object_id": 781,
                "source_active_fault_id": "201020178101052400929",
                "source_global_id": "{700830B2-E267-4DC9-9D13-B562B79366E2}",
                "source_agency": "DOST-PHIVOLCS",
                "source_service": "https://gisweb.phivolcs.dost.gov.ph/arcgis/rest/services/PHIVOLCS/ActiveFault/MapServer",
                "source_vector_endpoint": "https://gisweb.phivolcs.dost.gov.ph/arcgis/services/PHIVOLCS/ActiveFault/MapServer/KmlServer",
                "minimum_distance_to_caloocan_meters": 5509.94,
                "intersects_caloocan": false
            },
            "geometry": {
                "type": "LineString",
                "coordinates": [
                    [
                        121.1421647240001,
                        14.79848310900002
                    ],
                    [
                        121.142218901,
                        14.79924982
                    ],
                    [
                        121.142492165,
                        14.80037817200002
                    ],
                    [
                        121.142582908,
                        14.80116072599998
                    ],
                    [
                        121.142830401,
                        14.801837987
                    ],
                    [
                        121.143219705,
                        14.80249201200002
                    ],
                    [
                        121.143562291,
                        14.803146035
                    ],
                    [
                        121.143858161,
                        14.80370662600001
                    ],
                    [
                        121.144145054,
                        14.80441537600001
                    ],
                    [
                        121.14435056,
                        14.80566760300002
                    ]
                ]
            }
        },
        {
            "type": "Feature",
            "properties": {
                "official_fault_name": "West Valley Fault",
                "official_fault_system": "Valley Fault System",
                "official_segment_name": "02",
                "feature_class": "Active Fault",
                "trace_type": "Certain",
                "line_type": "Solid - red",
                "mapped_year": "2013",
                "mapping_scale": "1:10,000",
                "source_object_id": 788,
                "source_active_fault_id": "201020178101052400936",
                "source_global_id": "{0C507CE0-9B4E-48A9-9364-383DCB2BA26E}",
                "source_agency": "DOST-PHIVOLCS",
                "source_service": "https://gisweb.phivolcs.dost.gov.ph/arcgis/rest/services/PHIVOLCS/ActiveFault/MapServer",
                "source_vector_endpoint": "https://gisweb.phivolcs.dost.gov.ph/arcgis/services/PHIVOLCS/ActiveFault/MapServer/KmlServer",
                "minimum_distance_to_caloocan_meters": 5284.51,
                "intersects_caloocan": false
            },
            "geometry": {
                "type": "LineString",
                "coordinates": [
                    [
                        121.1415033009999,
                        14.79569216599998
                    ],
                    [
                        121.1416103730001,
                        14.79584682299998
                    ],
                    [
                        121.141729335,
                        14.79630603200002
                    ],
                    [
                        121.141829263,
                        14.79668196500001
                    ],
                    [
                        121.141981537,
                        14.79714593400001
                    ],
                    [
                        121.142081462,
                        14.79768603899998
                    ],
                    [
                        121.142105248,
                        14.79803103900002
                    ],
                    [
                        121.142131414,
                        14.79836414300002
                    ],
                    [
                        121.1421647240001,
                        14.79848310900002
                    ]
                ]
            }
        },
        {
            "type": "Feature",
            "properties": {
                "official_fault_name": "West Valley Fault",
                "official_fault_system": "Valley Fault System",
                "official_segment_name": "02",
                "feature_class": "Active Fault",
                "trace_type": "Approximate",
                "line_type": "Dashed - red",
                "mapped_year": "2013",
                "mapping_scale": "1:5,000",
                "source_object_id": 791,
                "source_active_fault_id": "201020178101010200939",
                "source_global_id": "{8E30D9AB-7D7F-4D44-975B-C77B0FB2A588}",
                "source_agency": "DOST-PHIVOLCS",
                "source_service": "https://gisweb.phivolcs.dost.gov.ph/arcgis/rest/services/PHIVOLCS/ActiveFault/MapServer",
                "source_vector_endpoint": "https://gisweb.phivolcs.dost.gov.ph/arcgis/services/PHIVOLCS/ActiveFault/MapServer/KmlServer",
                "minimum_distance_to_caloocan_meters": 11327.16,
                "intersects_caloocan": false
            },
            "geometry": {
                "type": "LineString",
                "coordinates": [
                    [
                        121.068277636,
                        14.56305562199998
                    ],
                    [
                        121.068238405,
                        14.56324694400001
                    ],
                    [
                        121.068189324,
                        14.56333783000002
                    ],
                    [
                        121.068091247,
                        14.56382091699999
                    ],
                    [
                        121.067988235,
                        14.56421791600002
                    ],
                    [
                        121.067949029,
                        14.56450489399998
                    ]
                ]
            }
        },
        {
            "type": "Feature",
            "properties": {
                "official_fault_name": "West Valley Fault",
                "official_fault_system": "Valley Fault System",
                "official_segment_name": "02",
                "feature_class": "Active Fault",
                "trace_type": "Certain",
                "line_type": "Solid - red",
                "mapped_year": "2013",
                "mapping_scale": "1:5,000",
                "source_object_id": 793,
                "source_active_fault_id": "201020178101052400941",
                "source_global_id": "{EC4AEA8A-6E10-4177-8D83-460CF684ECF2}",
                "source_agency": "DOST-PHIVOLCS",
                "source_service": "https://gisweb.phivolcs.dost.gov.ph/arcgis/rest/services/PHIVOLCS/ActiveFault/MapServer",
                "source_vector_endpoint": "https://gisweb.phivolcs.dost.gov.ph/arcgis/services/PHIVOLCS/ActiveFault/MapServer/KmlServer",
                "minimum_distance_to_caloocan_meters": 5530.78,
                "intersects_caloocan": false
            },
            "geometry": {
                "type": "LineString",
                "coordinates": [
                    [
                        121.113287994,
                        14.70621319000003
                    ],
                    [
                        121.113379288,
                        14.70633418699998
                    ],
                    [
                        121.113503551,
                        14.70647626700003
                    ],
                    [
                        121.113636003,
                        14.70661701500001
                    ],
                    [
                        121.113718236,
                        14.70669395499999
                    ],
                    [
                        121.113858565,
                        14.706830782
                    ],
                    [
                        121.113976341,
                        14.70696645100003
                    ],
                    [
                        121.114081154,
                        14.70709635600002
                    ],
                    [
                        121.114119964,
                        14.70713534800001
                    ],
                    [
                        121.114171271,
                        14.70718265900001
                    ],
                    [
                        121.114228613,
                        14.70722646899998
                    ],
                    [
                        121.114296879,
                        14.70728222899999
                    ],
                    [
                        121.114355594,
                        14.70734065099998
                    ],
                    [
                        121.114463451,
                        14.70742163199998
                    ],
                    [
                        121.114583588,
                        14.70749596600001
                    ],
                    [
                        121.114675048,
                        14.70753710299999
                    ],
                    [
                        121.1147995490001,
                        14.707588456
                    ],
                    [
                        121.115067979,
                        14.70768915999997
                    ],
                    [
                        121.115112605,
                        14.70769959500001
                    ],
                    [
                        121.115146487,
                        14.70770360099999
                    ],
                    [
                        121.115187019,
                        14.70778963999999
                    ]
                ]
            }
        },
        {
            "type": "Feature",
            "properties": {
                "official_fault_name": "West Valley Fault",
                "official_fault_system": "Valley Fault System",
                "official_segment_name": "02",
                "feature_class": "Active Fault",
                "trace_type": "Approximate",
                "line_type": "Dashed - red",
                "mapped_year": "2013",
                "mapping_scale": "1:50,000",
                "source_object_id": 805,
                "source_active_fault_id": "201020178101010200953",
                "source_global_id": "{06FFA5AD-2487-4021-9E62-0E7D26F20128}",
                "source_agency": "DOST-PHIVOLCS",
                "source_service": "https://gisweb.phivolcs.dost.gov.ph/arcgis/rest/services/PHIVOLCS/ActiveFault/MapServer",
                "source_vector_endpoint": "https://gisweb.phivolcs.dost.gov.ph/arcgis/services/PHIVOLCS/ActiveFault/MapServer/KmlServer",
                "minimum_distance_to_caloocan_meters": 9916.04,
                "intersects_caloocan": false
            },
            "geometry": {
                "type": "LineString",
                "coordinates": [
                    [
                        121.15420494,
                        14.84297394399999
                    ],
                    [
                        121.155563442,
                        14.84954901200001
                    ],
                    [
                        121.155872524,
                        14.85131907099998
                    ],
                    [
                        121.156168711,
                        14.85345215299998
                    ]
                ]
            }
        },
        {
            "type": "Feature",
            "properties": {
                "official_fault_name": "West Valley Fault",
                "official_fault_system": "Valley Fault System",
                "official_segment_name": "02",
                "feature_class": "Active Fault",
                "trace_type": "Approximate",
                "line_type": "Dashed - red",
                "mapped_year": "2013",
                "mapping_scale": "1:5,000",
                "source_object_id": 809,
                "source_active_fault_id": "201020178101010200957",
                "source_global_id": "{8F9EDF70-2D16-476F-B645-5F5D9A375A97}",
                "source_agency": "DOST-PHIVOLCS",
                "source_service": "https://gisweb.phivolcs.dost.gov.ph/arcgis/rest/services/PHIVOLCS/ActiveFault/MapServer",
                "source_vector_endpoint": "https://gisweb.phivolcs.dost.gov.ph/arcgis/services/PHIVOLCS/ActiveFault/MapServer/KmlServer",
                "minimum_distance_to_caloocan_meters": 9197.81,
                "intersects_caloocan": false
            },
            "geometry": {
                "type": "LineString",
                "coordinates": [
                    [
                        121.076358831,
                        14.616304743
                    ],
                    [
                        121.076422459,
                        14.61661685199999
                    ],
                    [
                        121.076452005,
                        14.61685717699999
                    ],
                    [
                        121.076452066,
                        14.61705087899998
                    ],
                    [
                        121.076525919,
                        14.61760685399997
                    ]
                ]
            }
        },
        {
            "type": "Feature",
            "properties": {
                "official_fault_name": "West Valley Fault",
                "official_fault_system": "Valley Fault System",
                "official_segment_name": "02",
                "feature_class": "Active Fault",
                "trace_type": "Certain - Downthrown Area",
                "line_type": "Hachured (E) - red",
                "mapped_year": "2013",
                "mapping_scale": "1:10,000",
                "source_object_id": 813,
                "source_active_fault_id": "201020178101081700961",
                "source_global_id": "{2443C60B-78B2-43E4-8874-E922E28C0D80}",
                "source_agency": "DOST-PHIVOLCS",
                "source_service": "https://gisweb.phivolcs.dost.gov.ph/arcgis/rest/services/PHIVOLCS/ActiveFault/MapServer",
                "source_vector_endpoint": "https://gisweb.phivolcs.dost.gov.ph/arcgis/services/PHIVOLCS/ActiveFault/MapServer/KmlServer",
                "minimum_distance_to_caloocan_meters": 6077.41,
                "intersects_caloocan": false
            },
            "geometry": {
                "type": "LineString",
                "coordinates": [
                    [
                        121.1492731340001,
                        14.79982811299999
                    ],
                    [
                        121.148678288,
                        14.79906672099997
                    ],
                    [
                        121.148363082,
                        14.79847937
                    ]
                ]
            }
        },
        {
            "type": "Feature",
            "properties": {
                "official_fault_name": "West Valley Fault",
                "official_fault_system": "Valley Fault System",
                "official_segment_name": "02",
                "feature_class": "Active Fault",
                "trace_type": "Approximate",
                "line_type": "Dashed - red",
                "mapped_year": "2013",
                "mapping_scale": "1:5,000",
                "source_object_id": 815,
                "source_active_fault_id": "201020178101010200963",
                "source_global_id": "{24B53FF3-9F8F-486D-8279-183CC6A7FC36}",
                "source_agency": "DOST-PHIVOLCS",
                "source_service": "https://gisweb.phivolcs.dost.gov.ph/arcgis/rest/services/PHIVOLCS/ActiveFault/MapServer",
                "source_vector_endpoint": "https://gisweb.phivolcs.dost.gov.ph/arcgis/services/PHIVOLCS/ActiveFault/MapServer/KmlServer",
                "minimum_distance_to_caloocan_meters": 14987.19,
                "intersects_caloocan": false
            },
            "geometry": {
                "type": "LineString",
                "coordinates": [
                    [
                        121.054630372,
                        14.51437319000002
                    ],
                    [
                        121.054704838,
                        14.51459079699998
                    ],
                    [
                        121.054753982,
                        14.51481797100001
                    ],
                    [
                        121.054766311,
                        14.515075045
                    ],
                    [
                        121.054781717,
                        14.51519391400001
                    ],
                    [
                        121.054794737,
                        14.51526924299998
                    ],
                    [
                        121.054803498,
                        14.51531963399998
                    ]
                ]
            }
        },
        {
            "type": "Feature",
            "properties": {
                "official_fault_name": "West Valley Fault",
                "official_fault_system": "Valley Fault System",
                "official_segment_name": "02",
                "feature_class": "Active Fault",
                "trace_type": "Certain - Downthrown Area",
                "line_type": "Hachured (E) - red",
                "mapped_year": "2013",
                "mapping_scale": "1:5,000",
                "source_object_id": 824,
                "source_active_fault_id": "201020178101081700972",
                "source_global_id": "{11506585-1C6E-4B10-B699-326812386837}",
                "source_agency": "DOST-PHIVOLCS",
                "source_service": "https://gisweb.phivolcs.dost.gov.ph/arcgis/rest/services/PHIVOLCS/ActiveFault/MapServer",
                "source_vector_endpoint": "https://gisweb.phivolcs.dost.gov.ph/arcgis/services/PHIVOLCS/ActiveFault/MapServer/KmlServer",
                "minimum_distance_to_caloocan_meters": 5694.89,
                "intersects_caloocan": false
            },
            "geometry": {
                "type": "LineString",
                "coordinates": [
                    [
                        121.1113004920001,
                        14.70265770899999
                    ],
                    [
                        121.111170711,
                        14.70253150299999
                    ],
                    [
                        121.111022701,
                        14.70237509800001
                    ],
                    [
                        121.110983895,
                        14.70232688700003
                    ]
                ]
            }
        },
        {
            "type": "Feature",
            "properties": {
                "official_fault_name": "East Valley Fault",
                "official_fault_system": "Valley Fault System",
                "official_segment_name": "01",
                "feature_class": "Active Fault",
                "trace_type": "Certain - Downthrown Area",
                "line_type": "Hachured (E) - red",
                "mapped_year": "2014",
                "mapping_scale": "1:10,000",
                "source_object_id": 826,
                "source_active_fault_id": "201020173201081700974",
                "source_global_id": "{1EB9E27D-A965-4FF0-AF80-C61DB98C4865}",
                "source_agency": "DOST-PHIVOLCS",
                "source_service": "https://gisweb.phivolcs.dost.gov.ph/arcgis/rest/services/PHIVOLCS/ActiveFault/MapServer",
                "source_vector_endpoint": "https://gisweb.phivolcs.dost.gov.ph/arcgis/services/PHIVOLCS/ActiveFault/MapServer/KmlServer",
                "minimum_distance_to_caloocan_meters": 7789.97,
                "intersects_caloocan": false
            },
            "geometry": {
                "type": "LineString",
                "coordinates": [
                    [
                        121.149777408,
                        14.71191855500001
                    ],
                    [
                        121.1486264390001,
                        14.71061158399999
                    ]
                ]
            }
        },
        {
            "type": "Feature",
            "properties": {
                "official_fault_name": "West Valley Fault",
                "official_fault_system": "Valley Fault System",
                "official_segment_name": "02",
                "feature_class": "Active Fault",
                "trace_type": "Certain",
                "line_type": "Solid - red",
                "mapped_year": "2013",
                "mapping_scale": "1:10,000",
                "source_object_id": 841,
                "source_active_fault_id": "201020178101052400989",
                "source_global_id": "{51A149D3-4E1D-48D2-B882-915A22B136ED}",
                "source_agency": "DOST-PHIVOLCS",
                "source_service": "https://gisweb.phivolcs.dost.gov.ph/arcgis/rest/services/PHIVOLCS/ActiveFault/MapServer",
                "source_vector_endpoint": "https://gisweb.phivolcs.dost.gov.ph/arcgis/services/PHIVOLCS/ActiveFault/MapServer/KmlServer",
                "minimum_distance_to_caloocan_meters": 3808.37,
                "intersects_caloocan": false
            },
            "geometry": {
                "type": "LineString",
                "coordinates": [
                    [
                        121.131601148,
                        14.74714217000002
                    ],
                    [
                        121.131632073,
                        14.747494308
                    ],
                    [
                        121.1316891720001,
                        14.74781075800001
                    ]
                ]
            }
        },
        {
            "type": "Feature",
            "properties": {
                "official_fault_name": "West Valley Fault",
                "official_fault_system": "Valley Fault System",
                "official_segment_name": "02",
                "feature_class": "Active Fault",
                "trace_type": "Certain - Downthrown Area",
                "line_type": "Hachured (E) - red",
                "mapped_year": "2013",
                "mapping_scale": "1:5,000",
                "source_object_id": 843,
                "source_active_fault_id": "201020178101081700991",
                "source_global_id": "{29350575-083F-4747-84CA-15E5B48D016E}",
                "source_agency": "DOST-PHIVOLCS",
                "source_service": "https://gisweb.phivolcs.dost.gov.ph/arcgis/rest/services/PHIVOLCS/ActiveFault/MapServer",
                "source_vector_endpoint": "https://gisweb.phivolcs.dost.gov.ph/arcgis/services/PHIVOLCS/ActiveFault/MapServer/KmlServer",
                "minimum_distance_to_caloocan_meters": 7733.94,
                "intersects_caloocan": false
            },
            "geometry": {
                "type": "LineString",
                "coordinates": [
                    [
                        121.098041629,
                        14.67429568599999
                    ],
                    [
                        121.098011857,
                        14.67421066200001
                    ],
                    [
                        121.09800438,
                        14.674107537
                    ],
                    [
                        121.097898326,
                        14.67382533199998
                    ],
                    [
                        121.09783694,
                        14.67369508899998
                    ],
                    [
                        121.097742068,
                        14.67348887000003
                    ]
                ]
            }
        },
        {
            "type": "Feature",
            "properties": {
                "official_fault_name": "West Valley Fault",
                "official_fault_system": "Valley Fault System",
                "official_segment_name": "02",
                "feature_class": "Active Fault",
                "trace_type": "Certain - Downthrown Area",
                "line_type": "Hachured (E) - red",
                "mapped_year": "2013",
                "mapping_scale": "1:5,000",
                "source_object_id": 877,
                "source_active_fault_id": "201020178101081701027",
                "source_global_id": "{037607D9-CDD6-4540-B282-CB361AC4D636}",
                "source_agency": "DOST-PHIVOLCS",
                "source_service": "https://gisweb.phivolcs.dost.gov.ph/arcgis/rest/services/PHIVOLCS/ActiveFault/MapServer",
                "source_vector_endpoint": "https://gisweb.phivolcs.dost.gov.ph/arcgis/services/PHIVOLCS/ActiveFault/MapServer/KmlServer",
                "minimum_distance_to_caloocan_meters": 12587.81,
                "intersects_caloocan": false
            },
            "geometry": {
                "type": "LineString",
                "coordinates": [
                    [
                        121.059521861,
                        14.54295950099998
                    ],
                    [
                        121.059509073,
                        14.54286535699998
                    ],
                    [
                        121.059490803,
                        14.54272325300002
                    ],
                    [
                        121.059478,
                        14.54256693799999
                    ],
                    [
                        121.0594688690001,
                        14.54251187300002
                    ],
                    [
                        121.059474329,
                        14.54246746299998
                    ],
                    [
                        121.059492521,
                        14.54228094199999
                    ],
                    [
                        121.059496159,
                        14.542243638
                    ],
                    [
                        121.0595198470001,
                        14.54216192000001
                    ],
                    [
                        121.059563581,
                        14.54202335500003
                    ],
                    [
                        121.059576332,
                        14.54196117999999
                    ],
                    [
                        121.059578135,
                        14.54187413900002
                    ],
                    [
                        121.059572649,
                        14.54181374400002
                    ],
                    [
                        121.059556219,
                        14.54173736500002
                    ]
                ]
            }
        },
        {
            "type": "Feature",
            "properties": {
                "official_fault_name": "West Valley Fault",
                "official_fault_system": "Valley Fault System",
                "official_segment_name": "02",
                "feature_class": "Active Fault",
                "trace_type": "Certain",
                "line_type": "Solid - red",
                "mapped_year": "2013",
                "mapping_scale": "1:10,000",
                "source_object_id": 886,
                "source_active_fault_id": "201020178101052401036",
                "source_global_id": "{2B409902-BEDA-4283-969A-61B8C4297C83}",
                "source_agency": "DOST-PHIVOLCS",
                "source_service": "https://gisweb.phivolcs.dost.gov.ph/arcgis/rest/services/PHIVOLCS/ActiveFault/MapServer",
                "source_vector_endpoint": "https://gisweb.phivolcs.dost.gov.ph/arcgis/services/PHIVOLCS/ActiveFault/MapServer/KmlServer",
                "minimum_distance_to_caloocan_meters": 4075.87,
                "intersects_caloocan": false
            },
            "geometry": {
                "type": "LineString",
                "coordinates": [
                    [
                        121.126899591,
                        14.736525594
                    ],
                    [
                        121.127042344,
                        14.73715135499998
                    ]
                ]
            }
        },
        {
            "type": "Feature",
            "properties": {
                "official_fault_name": "West Valley Fault",
                "official_fault_system": "Valley Fault System",
                "official_segment_name": "02",
                "feature_class": "Active Fault",
                "trace_type": "Approximate",
                "line_type": "Dashed - red",
                "mapped_year": "2013",
                "mapping_scale": "1:5,000",
                "source_object_id": 913,
                "source_active_fault_id": "201020178101010201063",
                "source_global_id": "{729A974C-42C1-4431-8813-541251A2C636}",
                "source_agency": "DOST-PHIVOLCS",
                "source_service": "https://gisweb.phivolcs.dost.gov.ph/arcgis/rest/services/PHIVOLCS/ActiveFault/MapServer",
                "source_vector_endpoint": "https://gisweb.phivolcs.dost.gov.ph/arcgis/services/PHIVOLCS/ActiveFault/MapServer/KmlServer",
                "minimum_distance_to_caloocan_meters": 6995.79,
                "intersects_caloocan": false
            },
            "geometry": {
                "type": "LineString",
                "coordinates": [
                    [
                        121.103365175,
                        14.68171319499999
                    ],
                    [
                        121.103445675,
                        14.68192114599998
                    ],
                    [
                        121.103512368,
                        14.682077666
                    ],
                    [
                        121.103611248,
                        14.68228560900002
                    ],
                    [
                        121.103691738,
                        14.68246895999999
                    ],
                    [
                        121.103710152,
                        14.682547226
                    ],
                    [
                        121.103825128,
                        14.68278870900002
                    ],
                    [
                        121.103947025,
                        14.68309280699998
                    ],
                    [
                        121.104025218,
                        14.683276159
                    ],
                    [
                        121.104071243,
                        14.68344834200002
                    ],
                    [
                        121.1040965460001,
                        14.68351989600001
                    ],
                    [
                        121.10414947,
                        14.68370773100003
                    ],
                    [
                        121.104195473,
                        14.68383071300002
                    ],
                    [
                        121.104241485,
                        14.68397605899997
                    ]
                ]
            }
        },
        {
            "type": "Feature",
            "properties": {
                "official_fault_name": "East Valley Fault",
                "official_fault_system": "Valley Fault System",
                "official_segment_name": "01",
                "feature_class": "Active Fault",
                "trace_type": "Approximate",
                "line_type": "Dashed - red",
                "mapped_year": "2014",
                "mapping_scale": "1:10,000",
                "source_object_id": 927,
                "source_active_fault_id": "201020173201010201077",
                "source_global_id": "{53524F94-1936-4D40-9515-435ED65B4E22}",
                "source_agency": "DOST-PHIVOLCS",
                "source_service": "https://gisweb.phivolcs.dost.gov.ph/arcgis/rest/services/PHIVOLCS/ActiveFault/MapServer",
                "source_vector_endpoint": "https://gisweb.phivolcs.dost.gov.ph/arcgis/services/PHIVOLCS/ActiveFault/MapServer/KmlServer",
                "minimum_distance_to_caloocan_meters": 7965.05,
                "intersects_caloocan": false
            },
            "geometry": {
                "type": "LineString",
                "coordinates": [
                    [
                        121.1748045320001,
                        14.74854081500001
                    ],
                    [
                        121.17414409,
                        14.74653651699998
                    ],
                    [
                        121.173787899,
                        14.74594056500001
                    ],
                    [
                        121.1730725800001,
                        14.74510012000002
                    ],
                    [
                        121.171556879,
                        14.74246020800001
                    ],
                    [
                        121.1713230509999,
                        14.74207940999997
                    ],
                    [
                        121.170987651,
                        14.741697805
                    ],
                    [
                        121.170597352,
                        14.741376575
                    ],
                    [
                        121.1704547959999,
                        14.74120864899999
                    ]
                ]
            }
        },
        {
            "type": "Feature",
            "properties": {
                "official_fault_name": "West Valley Fault",
                "official_fault_system": "Valley Fault System",
                "official_segment_name": "02",
                "feature_class": "Active Fault",
                "trace_type": "Approximate",
                "line_type": "Dashed - red",
                "mapped_year": "2013",
                "mapping_scale": "1:5,000",
                "source_object_id": 932,
                "source_active_fault_id": "201020178101010201082",
                "source_global_id": "{79A70238-E3BC-49C2-8352-404CFBABA653}",
                "source_agency": "DOST-PHIVOLCS",
                "source_service": "https://gisweb.phivolcs.dost.gov.ph/arcgis/rest/services/PHIVOLCS/ActiveFault/MapServer",
                "source_vector_endpoint": "https://gisweb.phivolcs.dost.gov.ph/arcgis/services/PHIVOLCS/ActiveFault/MapServer/KmlServer",
                "minimum_distance_to_caloocan_meters": 10073.92,
                "intersects_caloocan": false
            },
            "geometry": {
                "type": "LineString",
                "coordinates": [
                    [
                        121.07183975,
                        14.58697045999998
                    ],
                    [
                        121.071976516,
                        14.587306055
                    ]
                ]
            }
        },
        {
            "type": "Feature",
            "properties": {
                "official_fault_name": "West Valley Fault",
                "official_fault_system": "Valley Fault System",
                "official_segment_name": "02",
                "feature_class": "Active Fault",
                "trace_type": "Approximate",
                "line_type": "Dashed - red",
                "mapped_year": "2013",
                "mapping_scale": "1:10,000",
                "source_object_id": 933,
                "source_active_fault_id": "201020178101010201083",
                "source_global_id": "{CD8E1365-A69E-4870-8728-5DABEB3BDB69}",
                "source_agency": "DOST-PHIVOLCS",
                "source_service": "https://gisweb.phivolcs.dost.gov.ph/arcgis/rest/services/PHIVOLCS/ActiveFault/MapServer",
                "source_vector_endpoint": "https://gisweb.phivolcs.dost.gov.ph/arcgis/services/PHIVOLCS/ActiveFault/MapServer/KmlServer",
                "minimum_distance_to_caloocan_meters": 3926.45,
                "intersects_caloocan": false
            },
            "geometry": {
                "type": "LineString",
                "coordinates": [
                    [
                        121.127194613,
                        14.73785563400003
                    ],
                    [
                        121.127292164,
                        14.73813639399998
                    ],
                    [
                        121.127465854,
                        14.73857181099999
                    ],
                    [
                        121.127784683,
                        14.73932605900001
                    ],
                    [
                        121.128132063,
                        14.740223066
                    ],
                    [
                        121.128274429,
                        14.74054729300002
                    ]
                ]
            }
        },
        {
            "type": "Feature",
            "properties": {
                "official_fault_name": "West Valley Fault",
                "official_fault_system": "Valley Fault System",
                "official_segment_name": "02",
                "feature_class": "Active Fault",
                "trace_type": "Certain - Downthrown Area",
                "line_type": "Hachured (W) - red",
                "mapped_year": "2013",
                "mapping_scale": "1:5,000",
                "source_object_id": 936,
                "source_active_fault_id": "201020178101082201086",
                "source_global_id": "{D15C43A0-6447-48AB-9D64-B4E54653BDF7}",
                "source_agency": "DOST-PHIVOLCS",
                "source_service": "https://gisweb.phivolcs.dost.gov.ph/arcgis/rest/services/PHIVOLCS/ActiveFault/MapServer",
                "source_vector_endpoint": "https://gisweb.phivolcs.dost.gov.ph/arcgis/services/PHIVOLCS/ActiveFault/MapServer/KmlServer",
                "minimum_distance_to_caloocan_meters": 7909.99,
                "intersects_caloocan": false
            },
            "geometry": {
                "type": "LineString",
                "coordinates": [
                    [
                        121.086898192,
                        14.65253187000002
                    ],
                    [
                        121.086879723,
                        14.65240274199999
                    ],
                    [
                        121.086842824,
                        14.65225209800002
                    ],
                    [
                        121.086820685,
                        14.65216242899999
                    ],
                    [
                        121.086750593,
                        14.65191853300001
                    ]
                ]
            }
        },
        {
            "type": "Feature",
            "properties": {
                "official_fault_name": "West Valley Fault",
                "official_fault_system": "Valley Fault System",
                "official_segment_name": "02",
                "feature_class": "Active Fault",
                "trace_type": "Approximate",
                "line_type": "Dashed - red",
                "mapped_year": "2013",
                "mapping_scale": "1:5,000",
                "source_object_id": 946,
                "source_active_fault_id": "201020178101010201096",
                "source_global_id": "{2756F4F3-C285-4A94-81AC-FCE5794208CB}",
                "source_agency": "DOST-PHIVOLCS",
                "source_service": "https://gisweb.phivolcs.dost.gov.ph/arcgis/rest/services/PHIVOLCS/ActiveFault/MapServer",
                "source_vector_endpoint": "https://gisweb.phivolcs.dost.gov.ph/arcgis/services/PHIVOLCS/ActiveFault/MapServer/KmlServer",
                "minimum_distance_to_caloocan_meters": 18185.39,
                "intersects_caloocan": false
            },
            "geometry": {
                "type": "LineString",
                "coordinates": [
                    [
                        121.052036738,
                        14.482881281
                    ],
                    [
                        121.05201755,
                        14.48255989900002
                    ],
                    [
                        121.052036509,
                        14.48175876099998
                    ],
                    [
                        121.052031648,
                        14.48136285200002
                    ],
                    [
                        121.0520028670001,
                        14.480873793
                    ],
                    [
                        121.0519693590001,
                        14.48065022700001
                    ],
                    [
                        121.051878462,
                        14.48030557099997
                    ],
                    [
                        121.051787573,
                        14.480002834
                    ],
                    [
                        121.051624961,
                        14.47960695500001
                    ],
                    [
                        121.051433662,
                        14.47918313600002
                    ],
                    [
                        121.0513667,
                        14.478996838
                    ],
                    [
                        121.0512948959999,
                        14.47850312899999
                    ],
                    [
                        121.051213544,
                        14.478069973
                    ],
                    [
                        121.051027011,
                        14.47756231199998
                    ],
                    [
                        121.0509265650001,
                        14.47726423500001
                    ],
                    [
                        121.05086911,
                        14.47680312699998
                    ],
                    [
                        121.050878497,
                        14.47592746700002
                    ],
                    [
                        121.0508736100001,
                        14.47538716700001
                    ],
                    [
                        121.05084004,
                        14.47484221500002
                    ],
                    [
                        121.050816077,
                        14.47453015000002
                    ],
                    [
                        121.05079688,
                        14.47414355900003
                    ],
                    [
                        121.050744237,
                        14.47383615699999
                    ],
                    [
                        121.050715489,
                        14.47350080299998
                    ]
                ]
            }
        },
        {
            "type": "Feature",
            "properties": {
                "official_fault_name": "West Valley Fault",
                "official_fault_system": "Valley Fault System",
                "official_segment_name": "02",
                "feature_class": "Active Fault",
                "trace_type": "Certain - Downthrown Area",
                "line_type": "Hachured (E) - red",
                "mapped_year": "2013",
                "mapping_scale": "1:5,000",
                "source_object_id": 948,
                "source_active_fault_id": "201020178101081701098",
                "source_global_id": "{E6CA9AE6-6871-4CAA-BFE6-E4C2B55C8C2B}",
                "source_agency": "DOST-PHIVOLCS",
                "source_service": "https://gisweb.phivolcs.dost.gov.ph/arcgis/rest/services/PHIVOLCS/ActiveFault/MapServer",
                "source_vector_endpoint": "https://gisweb.phivolcs.dost.gov.ph/arcgis/services/PHIVOLCS/ActiveFault/MapServer/KmlServer",
                "minimum_distance_to_caloocan_meters": 4771.97,
                "intersects_caloocan": false
            },
            "geometry": {
                "type": "LineString",
                "coordinates": [
                    [
                        121.121528999,
                        14.725144344
                    ],
                    [
                        121.121418314,
                        14.72492200300002
                    ],
                    [
                        121.121361824,
                        14.72478412100003
                    ]
                ]
            }
        },
        {
            "type": "Feature",
            "properties": {
                "official_fault_name": "West Valley Fault",
                "official_fault_system": "Valley Fault System",
                "official_segment_name": "02",
                "feature_class": "Active Fault",
                "trace_type": "Certain - Downthrown Area",
                "line_type": "Hachured (E) - red",
                "mapped_year": "2013",
                "mapping_scale": "1:5,000",
                "source_object_id": 962,
                "source_active_fault_id": "201020178101081701112",
                "source_global_id": "{4FBED901-AD83-4942-9E0E-7020426196B8}",
                "source_agency": "DOST-PHIVOLCS",
                "source_service": "https://gisweb.phivolcs.dost.gov.ph/arcgis/rest/services/PHIVOLCS/ActiveFault/MapServer",
                "source_vector_endpoint": "https://gisweb.phivolcs.dost.gov.ph/arcgis/services/PHIVOLCS/ActiveFault/MapServer/KmlServer",
                "minimum_distance_to_caloocan_meters": 4797.98,
                "intersects_caloocan": false
            },
            "geometry": {
                "type": "LineString",
                "coordinates": [
                    [
                        121.121361824,
                        14.72478412100003
                    ],
                    [
                        121.121283756,
                        14.724502777
                    ],
                    [
                        121.121216043,
                        14.72422780400001
                    ],
                    [
                        121.121163669,
                        14.72391994200001
                    ],
                    [
                        121.121123616,
                        14.72367783700003
                    ],
                    [
                        121.121117379,
                        14.72349848800002
                    ],
                    [
                        121.121119314,
                        14.72308567900001
                    ],
                    [
                        121.1210638269999,
                        14.72269711000001
                    ],
                    [
                        121.121005187,
                        14.72215011499998
                    ],
                    [
                        121.120937478,
                        14.72188112100002
                    ],
                    [
                        121.120875977,
                        14.72173766999998
                    ],
                    [
                        121.120820647,
                        14.72164802100002
                    ],
                    [
                        121.120731495,
                        14.721486648
                    ],
                    [
                        121.120642335,
                        14.72130734000001
                    ],
                    [
                        121.120590057,
                        14.72118181899998
                    ],
                    [
                        121.120531624,
                        14.72102939899997
                    ]
                ]
            }
        },
        {
            "type": "Feature",
            "properties": {
                "official_fault_name": "West Valley Fault",
                "official_fault_system": "Valley Fault System",
                "official_segment_name": "02",
                "feature_class": "Active Fault",
                "trace_type": "Certain",
                "line_type": "Solid - red",
                "mapped_year": "2013",
                "mapping_scale": "1:50,000",
                "source_object_id": 971,
                "source_active_fault_id": "201020178101052401121",
                "source_global_id": "{08D9A445-1A27-43EF-ABFF-FF3637F011D1}",
                "source_agency": "DOST-PHIVOLCS",
                "source_service": "https://gisweb.phivolcs.dost.gov.ph/arcgis/rest/services/PHIVOLCS/ActiveFault/MapServer",
                "source_vector_endpoint": "https://gisweb.phivolcs.dost.gov.ph/arcgis/services/PHIVOLCS/ActiveFault/MapServer/KmlServer",
                "minimum_distance_to_caloocan_meters": 14601.81,
                "intersects_caloocan": false
            },
            "geometry": {
                "type": "LineString",
                "coordinates": [
                    [
                        121.168580751,
                        14.888980608
                    ],
                    [
                        121.168159601,
                        14.88795073099999
                    ],
                    [
                        121.167799479,
                        14.88682701400001
                    ],
                    [
                        121.1675481889999,
                        14.88568302700003
                    ],
                    [
                        121.167286272,
                        14.885024241
                    ]
                ]
            }
        },
        {
            "type": "Feature",
            "properties": {
                "official_fault_name": "East Valley Fault",
                "official_fault_system": "Valley Fault System",
                "official_segment_name": "01",
                "feature_class": "Active Fault",
                "trace_type": "Certain - Downthrown Area",
                "line_type": "Hachured (W) - red",
                "mapped_year": "2014",
                "mapping_scale": "1:10,000",
                "source_object_id": 985,
                "source_active_fault_id": "201020173201082201136",
                "source_global_id": "{28DAB0A1-8A19-409A-B19B-F5DBCFDF4E04}",
                "source_agency": "DOST-PHIVOLCS",
                "source_service": "https://gisweb.phivolcs.dost.gov.ph/arcgis/rest/services/PHIVOLCS/ActiveFault/MapServer",
                "source_vector_endpoint": "https://gisweb.phivolcs.dost.gov.ph/arcgis/services/PHIVOLCS/ActiveFault/MapServer/KmlServer",
                "minimum_distance_to_caloocan_meters": 7674.18,
                "intersects_caloocan": false
            },
            "geometry": {
                "type": "LineString",
                "coordinates": [
                    [
                        121.157943453,
                        14.72264694500001
                    ],
                    [
                        121.157800695,
                        14.72243275099999
                    ],
                    [
                        121.157597752,
                        14.72217344199999
                    ],
                    [
                        121.157404897,
                        14.72185286299998
                    ],
                    [
                        121.157266981,
                        14.72154591499998
                    ],
                    [
                        121.156831055,
                        14.72074921799998
                    ],
                    [
                        121.1565980730001,
                        14.72036588399999
                    ],
                    [
                        121.156342539,
                        14.72013289900002
                    ],
                    [
                        121.155778811,
                        14.719655574
                    ]
                ]
            }
        },
        {
            "type": "Feature",
            "properties": {
                "official_fault_name": "East Valley Fault",
                "official_fault_system": "Valley Fault System",
                "official_segment_name": "01",
                "feature_class": "Active Fault",
                "trace_type": "Approximate",
                "line_type": "Dashed - red",
                "mapped_year": "2014",
                "mapping_scale": "1:50,000",
                "source_object_id": 992,
                "source_active_fault_id": "201020173201010201143",
                "source_global_id": "{BD5BE558-6D86-4542-AB0B-4AFB81AECA1E}",
                "source_agency": "DOST-PHIVOLCS",
                "source_service": "https://gisweb.phivolcs.dost.gov.ph/arcgis/rest/services/PHIVOLCS/ActiveFault/MapServer",
                "source_vector_endpoint": "https://gisweb.phivolcs.dost.gov.ph/arcgis/services/PHIVOLCS/ActiveFault/MapServer/KmlServer",
                "minimum_distance_to_caloocan_meters": 10828.61,
                "intersects_caloocan": false
            },
            "geometry": {
                "type": "LineString",
                "coordinates": [
                    [
                        121.199252971,
                        14.78372108000002
                    ],
                    [
                        121.204841645,
                        14.79022348299998
                    ]
                ]
            }
        },
        {
            "type": "Feature",
            "properties": {
                "official_fault_name": "West Valley Fault",
                "official_fault_system": "Valley Fault System",
                "official_segment_name": "02",
                "feature_class": "Active Fault",
                "trace_type": "Approximate",
                "line_type": "Dashed - red",
                "mapped_year": "2013",
                "mapping_scale": "1:10,000",
                "source_object_id": 1020,
                "source_active_fault_id": "201020178101010201172",
                "source_global_id": "{C9827802-6057-423F-AD80-395F47E132FE}",
                "source_agency": "DOST-PHIVOLCS",
                "source_service": "https://gisweb.phivolcs.dost.gov.ph/arcgis/rest/services/PHIVOLCS/ActiveFault/MapServer",
                "source_vector_endpoint": "https://gisweb.phivolcs.dost.gov.ph/arcgis/services/PHIVOLCS/ActiveFault/MapServer/KmlServer",
                "minimum_distance_to_caloocan_meters": 3832.52,
                "intersects_caloocan": false
            },
            "geometry": {
                "type": "LineString",
                "coordinates": [
                    [
                        121.130030785,
                        14.74380872500001
                    ],
                    [
                        121.130221133,
                        14.74415134899999
                    ],
                    [
                        121.130328202,
                        14.74442973100003
                    ],
                    [
                        121.130411478,
                        14.74465576699998
                    ],
                    [
                        121.1306398960001,
                        14.74508404699998
                    ],
                    [
                        121.130785035,
                        14.74540049900003
                    ],
                    [
                        121.131194284,
                        14.74615950700002
                    ],
                    [
                        121.131365596,
                        14.746537821
                    ],
                    [
                        121.131574978,
                        14.746951825
                    ],
                    [
                        121.131601148,
                        14.74714217000002
                    ]
                ]
            }
        },
        {
            "type": "Feature",
            "properties": {
                "official_fault_name": "East Valley Fault",
                "official_fault_system": "Valley Fault System",
                "official_segment_name": "01",
                "feature_class": "Active Fault",
                "trace_type": "Approximate",
                "line_type": "Dashed - red",
                "mapped_year": "2014",
                "mapping_scale": "1:10,000",
                "source_object_id": 1021,
                "source_active_fault_id": "201020173201010201173",
                "source_global_id": "{17324C37-838E-44A6-A1D5-6F25A6186B34}",
                "source_agency": "DOST-PHIVOLCS",
                "source_service": "https://gisweb.phivolcs.dost.gov.ph/arcgis/rest/services/PHIVOLCS/ActiveFault/MapServer",
                "source_vector_endpoint": "https://gisweb.phivolcs.dost.gov.ph/arcgis/services/PHIVOLCS/ActiveFault/MapServer/KmlServer",
                "minimum_distance_to_caloocan_meters": 7811.83,
                "intersects_caloocan": false
            },
            "geometry": {
                "type": "LineString",
                "coordinates": [
                    [
                        121.1486264390001,
                        14.71061158399999
                    ],
                    [
                        121.148505697,
                        14.71040352599999
                    ],
                    [
                        121.148022451,
                        14.70947741399999
                    ],
                    [
                        121.147633274,
                        14.70838345700003
                    ]
                ]
            }
        },
        {
            "type": "Feature",
            "properties": {
                "official_fault_name": "West Valley Fault",
                "official_fault_system": "Valley Fault System",
                "official_segment_name": "02",
                "feature_class": "Active Fault",
                "trace_type": "Approximate",
                "line_type": "Dashed - red",
                "mapped_year": "2013",
                "mapping_scale": "1:50,000",
                "source_object_id": 1024,
                "source_active_fault_id": "201020178101010201176",
                "source_global_id": "{871AE5BE-877D-4770-9134-B29FCC5F64B3}",
                "source_agency": "DOST-PHIVOLCS",
                "source_service": "https://gisweb.phivolcs.dost.gov.ph/arcgis/rest/services/PHIVOLCS/ActiveFault/MapServer",
                "source_vector_endpoint": "https://gisweb.phivolcs.dost.gov.ph/arcgis/services/PHIVOLCS/ActiveFault/MapServer/KmlServer",
                "minimum_distance_to_caloocan_meters": 10987.14,
                "intersects_caloocan": false
            },
            "geometry": {
                "type": "LineString",
                "coordinates": [
                    [
                        121.156042714,
                        14.85555319299999
                    ],
                    [
                        121.156159068,
                        14.85343301099999
                    ]
                ]
            }
        },
        {
            "type": "Feature",
            "properties": {
                "official_fault_name": "West Valley Fault",
                "official_fault_system": "Valley Fault System",
                "official_segment_name": "02",
                "feature_class": "Active Fault",
                "trace_type": "Certain",
                "line_type": "Solid - red",
                "mapped_year": "2013",
                "mapping_scale": "1:5,000",
                "source_object_id": 1037,
                "source_active_fault_id": "201020178101052401189",
                "source_global_id": "{B048E486-6C87-4C86-9D37-DCEA71C79366}",
                "source_agency": "DOST-PHIVOLCS",
                "source_service": "https://gisweb.phivolcs.dost.gov.ph/arcgis/rest/services/PHIVOLCS/ActiveFault/MapServer",
                "source_vector_endpoint": "https://gisweb.phivolcs.dost.gov.ph/arcgis/services/PHIVOLCS/ActiveFault/MapServer/KmlServer",
                "minimum_distance_to_caloocan_meters": 6626.16,
                "intersects_caloocan": false
            },
            "geometry": {
                "type": "LineString",
                "coordinates": [
                    [
                        121.105167482,
                        14.68700762399999
                    ],
                    [
                        121.105183629,
                        14.68704522799999
                    ],
                    [
                        121.1051991860001,
                        14.68715592299998
                    ],
                    [
                        121.105266479,
                        14.68736220099999
                    ],
                    [
                        121.105304416,
                        14.68742592199999
                    ],
                    [
                        121.105338911,
                        14.68749970900001
                    ],
                    [
                        121.105364787,
                        14.68756679000001
                    ],
                    [
                        121.105461367,
                        14.687759637
                    ],
                    [
                        121.105556207,
                        14.68791558499999
                    ],
                    [
                        121.105657944,
                        14.68807991699998
                    ],
                    [
                        121.105714843,
                        14.68816207999998
                    ],
                    [
                        121.105764845,
                        14.68823418199997
                    ],
                    [
                        121.10583382,
                        14.68834820900003
                    ],
                    [
                        121.105914863,
                        14.68847397100001
                    ],
                    [
                        121.105968307,
                        14.68853600800003
                    ],
                    [
                        121.1060276,
                        14.68863013399999
                    ],
                    [
                        121.1060807930001,
                        14.68870092399999
                    ],
                    [
                        121.10612348,
                        14.68874392599997
                    ]
                ]
            }
        },
        {
            "type": "Feature",
            "properties": {
                "official_fault_name": "West Valley Fault",
                "official_fault_system": "Valley Fault System",
                "official_segment_name": "02",
                "feature_class": "Active Fault",
                "trace_type": "Approximate",
                "line_type": "Dashed - red",
                "mapped_year": "2013",
                "mapping_scale": "1:10,000",
                "source_object_id": 1050,
                "source_active_fault_id": "201020178101010201202",
                "source_global_id": "{40DD4720-6636-48E1-ABE5-8779E5AAA8A5}",
                "source_agency": "DOST-PHIVOLCS",
                "source_service": "https://gisweb.phivolcs.dost.gov.ph/arcgis/rest/services/PHIVOLCS/ActiveFault/MapServer",
                "source_vector_endpoint": "https://gisweb.phivolcs.dost.gov.ph/arcgis/services/PHIVOLCS/ActiveFault/MapServer/KmlServer",
                "minimum_distance_to_caloocan_meters": 3758.38,
                "intersects_caloocan": false
            },
            "geometry": {
                "type": "LineString",
                "coordinates": [
                    [
                        121.131874754,
                        14.74846269199998
                    ],
                    [
                        121.132053206,
                        14.74879579899999
                    ],
                    [
                        121.132153135,
                        14.74911700799999
                    ],
                    [
                        121.132160263,
                        14.74958811099998
                    ],
                    [
                        121.132184555,
                        14.74989957600002
                    ],
                    [
                        121.132241173,
                        14.75011807599998
                    ],
                    [
                        121.132376643,
                        14.75046741400001
                    ]
                ]
            }
        },
        {
            "type": "Feature",
            "properties": {
                "official_fault_name": "East Valley Fault",
                "official_fault_system": "Valley Fault System",
                "official_segment_name": "01",
                "feature_class": "Active Fault",
                "trace_type": "Approximate",
                "line_type": "Dashed - red",
                "mapped_year": "2014",
                "mapping_scale": "1:10,000",
                "source_object_id": 1060,
                "source_active_fault_id": "201020173201010201212",
                "source_global_id": "{A0114126-EB7C-40A3-A1DB-0B6912B6A3B1}",
                "source_agency": "DOST-PHIVOLCS",
                "source_service": "https://gisweb.phivolcs.dost.gov.ph/arcgis/rest/services/PHIVOLCS/ActiveFault/MapServer",
                "source_vector_endpoint": "https://gisweb.phivolcs.dost.gov.ph/arcgis/services/PHIVOLCS/ActiveFault/MapServer/KmlServer",
                "minimum_distance_to_caloocan_meters": 7707.57,
                "intersects_caloocan": false
            },
            "geometry": {
                "type": "LineString",
                "coordinates": [
                    [
                        121.153843411,
                        14.71711517
                    ],
                    [
                        121.153381176,
                        14.716543962
                    ],
                    [
                        121.153287216,
                        14.71642746700002
                    ],
                    [
                        121.152862509,
                        14.71603663299999
                    ],
                    [
                        121.1525994910001,
                        14.71573880099999
                    ],
                    [
                        121.15240406,
                        14.71554333799998
                    ],
                    [
                        121.1521709690001,
                        14.71531043900001
                    ],
                    [
                        121.1518366,
                        14.71471278400003
                    ],
                    [
                        121.15149838,
                        14.71414536700002
                    ],
                    [
                        121.1513442960001,
                        14.71394996399999
                    ]
                ]
            }
        },
        {
            "type": "Feature",
            "properties": {
                "official_fault_name": "West Valley Fault",
                "official_fault_system": "Valley Fault System",
                "official_segment_name": "02",
                "feature_class": "Active Fault",
                "trace_type": "Approximate",
                "line_type": "Dashed - red",
                "mapped_year": "2013",
                "mapping_scale": "1:5,000",
                "source_object_id": 1064,
                "source_active_fault_id": "201020178101010201216",
                "source_global_id": "{9A15D46F-63FD-4D2B-831F-C143DDE5D66A}",
                "source_agency": "DOST-PHIVOLCS",
                "source_service": "https://gisweb.phivolcs.dost.gov.ph/arcgis/rest/services/PHIVOLCS/ActiveFault/MapServer",
                "source_vector_endpoint": "https://gisweb.phivolcs.dost.gov.ph/arcgis/services/PHIVOLCS/ActiveFault/MapServer/KmlServer",
                "minimum_distance_to_caloocan_meters": 14091.54,
                "intersects_caloocan": false
            },
            "geometry": {
                "type": "LineString",
                "coordinates": [
                    [
                        121.055855489,
                        14.52308256999999
                    ],
                    [
                        121.055861335,
                        14.52323052100002
                    ],
                    [
                        121.0558968510001,
                        14.52342403
                    ],
                    [
                        121.055918179,
                        14.52362214800002
                    ],
                    [
                        121.055911118,
                        14.52377419800001
                    ],
                    [
                        121.05592771,
                        14.52394697599999
                    ],
                    [
                        121.0559484410001,
                        14.52408704599998
                    ],
                    [
                        121.055967393,
                        14.52423448299999
                    ],
                    [
                        121.05598951,
                        14.52443720899998
                    ],
                    [
                        121.056021079,
                        14.52460307299998
                    ],
                    [
                        121.05602426,
                        14.52472901099998
                    ],
                    [
                        121.056030608,
                        14.52491638200002
                    ],
                    [
                        121.0560319480001,
                        14.525016091
                    ]
                ]
            }
        },
        {
            "type": "Feature",
            "properties": {
                "official_fault_name": "West Valley Fault",
                "official_fault_system": "Valley Fault System",
                "official_segment_name": "02",
                "feature_class": "Active Fault",
                "trace_type": "Approximate",
                "line_type": "Dashed - red",
                "mapped_year": "2013",
                "mapping_scale": "1:5,000",
                "source_object_id": 1072,
                "source_active_fault_id": "201020178101010201225",
                "source_global_id": "{667A2E6C-FAAB-48B3-96D9-5D3353C02841}",
                "source_agency": "DOST-PHIVOLCS",
                "source_service": "https://gisweb.phivolcs.dost.gov.ph/arcgis/rest/services/PHIVOLCS/ActiveFault/MapServer",
                "source_vector_endpoint": "https://gisweb.phivolcs.dost.gov.ph/arcgis/services/PHIVOLCS/ActiveFault/MapServer/KmlServer",
                "minimum_distance_to_caloocan_meters": 5384.47,
                "intersects_caloocan": false
            },
            "geometry": {
                "type": "LineString",
                "coordinates": [
                    [
                        121.115874334,
                        14.70954823599999
                    ],
                    [
                        121.115942861,
                        14.70972549800001
                    ],
                    [
                        121.116046523,
                        14.70996186100001
                    ],
                    [
                        121.1161695020001,
                        14.71022963500002
                    ],
                    [
                        121.11620639,
                        14.71029657600002
                    ],
                    [
                        121.116262973,
                        14.71044481400003
                    ],
                    [
                        121.116341687,
                        14.71063130300001
                    ],
                    [
                        121.116422898,
                        14.71089670499998
                    ],
                    [
                        121.1165040990001,
                        14.711140586
                    ],
                    [
                        121.116580364,
                        14.71134142400001
                    ],
                    [
                        121.116651737,
                        14.71158530899999
                    ],
                    [
                        121.116747681,
                        14.71183157399997
                    ],
                    [
                        121.116853609,
                        14.71208345399998
                    ]
                ]
            }
        },
        {
            "type": "Feature",
            "properties": {
                "official_fault_name": "West Valley Fault",
                "official_fault_system": "Valley Fault System",
                "official_segment_name": "02",
                "feature_class": "Active Fault",
                "trace_type": "Certain - Downthrown Area",
                "line_type": "Hachured (E) - red",
                "mapped_year": "2013",
                "mapping_scale": "1:5,000",
                "source_object_id": 1084,
                "source_active_fault_id": "201020178101081701237",
                "source_global_id": "{AB3DC159-253C-4811-97F5-B6A9D1F9935B}",
                "source_agency": "DOST-PHIVOLCS",
                "source_service": "https://gisweb.phivolcs.dost.gov.ph/arcgis/rest/services/PHIVOLCS/ActiveFault/MapServer",
                "source_vector_endpoint": "https://gisweb.phivolcs.dost.gov.ph/arcgis/services/PHIVOLCS/ActiveFault/MapServer/KmlServer",
                "minimum_distance_to_caloocan_meters": 17550.91,
                "intersects_caloocan": false
            },
            "geometry": {
                "type": "LineString",
                "coordinates": [
                    [
                        121.052157502,
                        14.489029496
                    ],
                    [
                        121.052286493,
                        14.488619589
                    ],
                    [
                        121.052348582,
                        14.48833545399998
                    ],
                    [
                        121.052377242,
                        14.488223662
                    ],
                    [
                        121.052377201,
                        14.48802337799998
                    ],
                    [
                        121.052386742,
                        14.48792556400002
                    ],
                    [
                        121.052424942,
                        14.48770664199998
                    ],
                    [
                        121.052420051,
                        14.48717100099998
                    ]
                ]
            }
        },
        {
            "type": "Feature",
            "properties": {
                "official_fault_name": "West Valley Fault",
                "official_fault_system": "Valley Fault System",
                "official_segment_name": "02",
                "feature_class": "Active Fault",
                "trace_type": "Approximate",
                "line_type": "Dashed - red",
                "mapped_year": "2013",
                "mapping_scale": "1:5,000",
                "source_object_id": 1086,
                "source_active_fault_id": "201020178101010201239",
                "source_global_id": "{9773F729-A3E0-4CBA-9A3C-BA5C2803EA98}",
                "source_agency": "DOST-PHIVOLCS",
                "source_service": "https://gisweb.phivolcs.dost.gov.ph/arcgis/rest/services/PHIVOLCS/ActiveFault/MapServer",
                "source_vector_endpoint": "https://gisweb.phivolcs.dost.gov.ph/arcgis/services/PHIVOLCS/ActiveFault/MapServer/KmlServer",
                "minimum_distance_to_caloocan_meters": 6593.44,
                "intersects_caloocan": false
            },
            "geometry": {
                "type": "LineString",
                "coordinates": [
                    [
                        121.10612348,
                        14.68874392599997
                    ],
                    [
                        121.106240688,
                        14.68882606300002
                    ],
                    [
                        121.106383771,
                        14.68897192700001
                    ],
                    [
                        121.1065440800001,
                        14.689104364
                    ],
                    [
                        121.106613033,
                        14.68916974899997
                    ],
                    [
                        121.106721643,
                        14.68928878999998
                    ],
                    [
                        121.1068474810001,
                        14.68940111400002
                    ],
                    [
                        121.106921641,
                        14.68954700699999
                    ]
                ]
            }
        },
        {
            "type": "Feature",
            "properties": {
                "official_fault_name": "East Valley Fault",
                "official_fault_system": "Valley Fault System",
                "official_segment_name": "01",
                "feature_class": "Active Fault",
                "trace_type": "Certain",
                "line_type": "Solid - red",
                "mapped_year": "2014",
                "mapping_scale": "1:10,000",
                "source_object_id": 1108,
                "source_active_fault_id": "201020173201052401261",
                "source_global_id": "{B6E0D8FA-F591-474E-8340-01A433AD988B}",
                "source_agency": "DOST-PHIVOLCS",
                "source_service": "https://gisweb.phivolcs.dost.gov.ph/arcgis/rest/services/PHIVOLCS/ActiveFault/MapServer",
                "source_vector_endpoint": "https://gisweb.phivolcs.dost.gov.ph/arcgis/services/PHIVOLCS/ActiveFault/MapServer/KmlServer",
                "minimum_distance_to_caloocan_meters": 7707.57,
                "intersects_caloocan": false
            },
            "geometry": {
                "type": "LineString",
                "coordinates": [
                    [
                        121.155237629,
                        14.71843048199997
                    ],
                    [
                        121.155019667,
                        14.71807346899999
                    ],
                    [
                        121.154895647,
                        14.71795321100001
                    ],
                    [
                        121.154809269,
                        14.71788177299999
                    ],
                    [
                        121.154211717,
                        14.71747591600001
                    ],
                    [
                        121.154076379,
                        14.71736315599998
                    ],
                    [
                        121.153843411,
                        14.71711517
                    ]
                ]
            }
        },
        {
            "type": "Feature",
            "properties": {
                "official_fault_name": "West Valley Fault",
                "official_fault_system": "Valley Fault System",
                "official_segment_name": "02",
                "feature_class": "Active Fault",
                "trace_type": "Approximate",
                "line_type": "Dashed - red",
                "mapped_year": "2013",
                "mapping_scale": "1:10,000",
                "source_object_id": 1149,
                "source_active_fault_id": "201020178101010201304",
                "source_global_id": "{4816A422-2184-4DEE-974F-A53F5111AB52}",
                "source_agency": "DOST-PHIVOLCS",
                "source_service": "https://gisweb.phivolcs.dost.gov.ph/arcgis/rest/services/PHIVOLCS/ActiveFault/MapServer",
                "source_vector_endpoint": "https://gisweb.phivolcs.dost.gov.ph/arcgis/services/PHIVOLCS/ActiveFault/MapServer/KmlServer",
                "minimum_distance_to_caloocan_meters": 4107.4,
                "intersects_caloocan": false
            },
            "geometry": {
                "type": "LineString",
                "coordinates": [
                    [
                        121.137886917,
                        14.75989544100003
                    ],
                    [
                        121.137993276,
                        14.76023579299999
                    ],
                    [
                        121.138123354,
                        14.76071109600002
                    ],
                    [
                        121.138228416,
                        14.76118139400001
                    ],
                    [
                        121.138293453,
                        14.761526613
                    ],
                    [
                        121.1383965270001,
                        14.76198682299997
                    ],
                    [
                        121.138529765,
                        14.76246268699998
                    ],
                    [
                        121.138539261,
                        14.76339537600001
                    ],
                    [
                        121.1385059199999,
                        14.76459930499999
                    ],
                    [
                        121.138534465,
                        14.76496334000001
                    ],
                    [
                        121.138529681,
                        14.76601261399998
                    ],
                    [
                        121.13852491,
                        14.76654795899998
                    ],
                    [
                        121.138467795,
                        14.76686678499999
                    ],
                    [
                        121.138505851,
                        14.76751871599998
                    ],
                    [
                        121.138517739,
                        14.76793509499998
                    ],
                    [
                        121.1385296250001,
                        14.76838478399998
                    ],
                    [
                        121.138529617,
                        14.76872264600002
                    ],
                    [
                        121.1386105080001,
                        14.76916282000002
                    ],
                    [
                        121.138686632,
                        14.76998844100001
                    ],
                    [
                        121.138793694,
                        14.77054758100002
                    ],
                    [
                        121.1388198560001,
                        14.77104723600002
                    ],
                    [
                        121.138829364,
                        14.77145885700003
                    ],
                    [
                        121.138984015,
                        14.77204654899998
                    ],
                    [
                        121.1390482530001,
                        14.77235348099998
                    ],
                    [
                        121.139079177,
                        14.772717516
                    ],
                    [
                        121.139252866,
                        14.77321241599998
                    ],
                    [
                        121.139424177,
                        14.77362879899999
                    ],
                    [
                        121.1395383840001,
                        14.77395238700001
                    ],
                    [
                        121.139645451,
                        14.774273596
                    ],
                    [
                        121.139866717,
                        14.77527528899998
                    ],
                    [
                        121.140007098,
                        14.775601258
                    ],
                    [
                        121.140064197,
                        14.77590343100002
                    ],
                    [
                        121.140168874,
                        14.776721915
                    ],
                    [
                        121.140202176,
                        14.77717636400001
                    ],
                    [
                        121.140178363,
                        14.77793536199999
                    ],
                    [
                        121.140166451,
                        14.77858967200001
                    ],
                    [
                        121.140166426,
                        14.77961277399999
                    ],
                    [
                        121.140166415,
                        14.78007198
                    ],
                    [
                        121.140202093,
                        14.780683463
                    ],
                    [
                        121.1402353890001,
                        14.781356808
                    ],
                    [
                        121.140254421,
                        14.78151384300003
                    ],
                    [
                        121.140425719,
                        14.78249650100003
                    ],
                    [
                        121.140485191,
                        14.78311988100001
                    ],
                    [
                        121.140442349,
                        14.783602879
                    ],
                    [
                        121.140439966,
                        14.78374087899999
                    ],
                    [
                        121.140527994,
                        14.78426194999997
                    ],
                    [
                        121.140568436,
                        14.78461884699999
                    ],
                    [
                        121.140635055,
                        14.784885331
                    ],
                    [
                        121.140696906,
                        14.78551109
                    ],
                    [
                        121.140696897,
                        14.78586084800003
                    ],
                    [
                        121.140687372,
                        14.78617491699998
                    ],
                    [
                        121.140753978,
                        14.78695771000002
                    ],
                    [
                        121.1408134550001,
                        14.787366953
                    ],
                    [
                        121.14081821,
                        14.78752398699999
                    ],
                    [
                        121.140891959,
                        14.788130712
                    ],
                    [
                        121.140858633,
                        14.788699366
                    ],
                    [
                        121.140846722,
                        14.78931322699998
                    ],
                    [
                        121.140720586,
                        14.790352982
                    ],
                    [
                        121.140661082,
                        14.79106677300001
                    ],
                    [
                        121.1406372720001,
                        14.79172108199998
                    ],
                    [
                        121.140599192,
                        14.79210176999999
                    ]
                ]
            }
        },
        {
            "type": "Feature",
            "properties": {
                "official_fault_name": "West Valley Fault",
                "official_fault_system": "Valley Fault System",
                "official_segment_name": "02",
                "feature_class": "Active Fault",
                "trace_type": "Certain",
                "line_type": "Solid - red",
                "mapped_year": "2013",
                "mapping_scale": "1:5,000",
                "source_object_id": 1163,
                "source_active_fault_id": "201020178101052401318",
                "source_global_id": "{056E1FE1-13C6-43B9-890C-F42D6A17CA9C}",
                "source_agency": "DOST-PHIVOLCS",
                "source_service": "https://gisweb.phivolcs.dost.gov.ph/arcgis/rest/services/PHIVOLCS/ActiveFault/MapServer",
                "source_vector_endpoint": "https://gisweb.phivolcs.dost.gov.ph/arcgis/services/PHIVOLCS/ActiveFault/MapServer/KmlServer",
                "minimum_distance_to_caloocan_meters": 9837.9,
                "intersects_caloocan": false
            },
            "geometry": {
                "type": "LineString",
                "coordinates": [
                    [
                        121.072618974,
                        14.589718963
                    ],
                    [
                        121.072785717,
                        14.59093992700002
                    ],
                    [
                        121.0728690890001,
                        14.591547515
                    ],
                    [
                        121.072922702,
                        14.59199308199999
                    ],
                    [
                        121.072934629,
                        14.59213774800003
                    ],
                    [
                        121.072934673,
                        14.59228241800003
                    ],
                    [
                        121.072922826,
                        14.59240972999999
                    ],
                    [
                        121.072899087,
                        14.59250811200002
                    ],
                    [
                        121.0729110029999,
                        14.59261227100001
                    ],
                    [
                        121.072976498,
                        14.593052048
                    ]
                ]
            }
        },
        {
            "type": "Feature",
            "properties": {
                "official_fault_name": "West Valley Fault",
                "official_fault_system": "Valley Fault System",
                "official_segment_name": "02",
                "feature_class": "Active Fault",
                "trace_type": "Certain",
                "line_type": "Solid - red",
                "mapped_year": "2013",
                "mapping_scale": "1:5,000",
                "source_object_id": 1173,
                "source_active_fault_id": "201020178101052401328",
                "source_global_id": "{BD7788AA-6B57-427E-BE37-D7B21A6E117F}",
                "source_agency": "DOST-PHIVOLCS",
                "source_service": "https://gisweb.phivolcs.dost.gov.ph/arcgis/rest/services/PHIVOLCS/ActiveFault/MapServer",
                "source_vector_endpoint": "https://gisweb.phivolcs.dost.gov.ph/arcgis/services/PHIVOLCS/ActiveFault/MapServer/KmlServer",
                "minimum_distance_to_caloocan_meters": 8122.29,
                "intersects_caloocan": false
            },
            "geometry": {
                "type": "LineString",
                "coordinates": [
                    [
                        121.092142117,
                        14.65826290000001
                    ],
                    [
                        121.092154396,
                        14.65831234299998
                    ],
                    [
                        121.0921950120001,
                        14.65853472600003
                    ],
                    [
                        121.09223561,
                        14.658710477
                    ],
                    [
                        121.09230814,
                        14.65890608299998
                    ],
                    [
                        121.092372076,
                        14.659069133
                    ],
                    [
                        121.092423714,
                        14.65920900899999
                    ]
                ]
            }
        },
        {
            "type": "Feature",
            "properties": {
                "official_fault_name": "West Valley Fault",
                "official_fault_system": "Valley Fault System",
                "official_segment_name": "02",
                "feature_class": "Active Fault",
                "trace_type": "Approximate",
                "line_type": "Dashed - red",
                "mapped_year": "2013",
                "mapping_scale": "1:5,000",
                "source_object_id": 1180,
                "source_active_fault_id": "201020178101010201335",
                "source_global_id": "{2F555AB8-B6C9-4301-B31E-6B68C0B201AB}",
                "source_agency": "DOST-PHIVOLCS",
                "source_service": "https://gisweb.phivolcs.dost.gov.ph/arcgis/rest/services/PHIVOLCS/ActiveFault/MapServer",
                "source_vector_endpoint": "https://gisweb.phivolcs.dost.gov.ph/arcgis/services/PHIVOLCS/ActiveFault/MapServer/KmlServer",
                "minimum_distance_to_caloocan_meters": 12166.44,
                "intersects_caloocan": false
            },
            "geometry": {
                "type": "LineString",
                "coordinates": [
                    [
                        121.059521861,
                        14.54295950099998
                    ],
                    [
                        121.059520046,
                        14.54299680499997
                    ],
                    [
                        121.059514603,
                        14.54311582100002
                    ],
                    [
                        121.059505518,
                        14.543252602
                    ],
                    [
                        121.059472728,
                        14.54340537600001
                    ],
                    [
                        121.059447237,
                        14.54357235800001
                    ],
                    [
                        121.0594436180001,
                        14.54368959800001
                    ],
                    [
                        121.059430872,
                        14.54377308900001
                    ],
                    [
                        121.059407182,
                        14.543844149
                    ],
                    [
                        121.059388971,
                        14.54395251
                    ],
                    [
                        121.059378049,
                        14.54403422500002
                    ],
                    [
                        121.05937989,
                        14.54410705499998
                    ],
                    [
                        121.059398142,
                        14.54417632799999
                    ],
                    [
                        121.059443772,
                        14.544337966
                    ],
                    [
                        121.059476612,
                        14.54439835400001
                    ],
                    [
                        121.059524044,
                        14.544469397
                    ],
                    [
                        121.059564183,
                        14.544549324
                    ],
                    [
                        121.059602499,
                        14.544632804
                    ],
                    [
                        121.059660898,
                        14.54481042499998
                    ],
                    [
                        121.059686456,
                        14.544920553
                    ],
                    [
                        121.059735729,
                        14.54506442600001
                    ],
                    [
                        121.059810554,
                        14.54529711100003
                    ],
                    [
                        121.05988901,
                        14.54546051699998
                    ],
                    [
                        121.059962002,
                        14.54565057000002
                    ],
                    [
                        121.0599930339999,
                        14.54577490700001
                    ],
                    [
                        121.060122623,
                        14.54622962299999
                    ],
                    [
                        121.060301485,
                        14.54682110599998
                    ],
                    [
                        121.060431064,
                        14.54723141300002
                    ],
                    [
                        121.060515005,
                        14.54744810800003
                    ],
                    [
                        121.060551499,
                        14.54753158800003
                    ],
                    [
                        121.060602594,
                        14.54766480299998
                    ],
                    [
                        121.060670121,
                        14.54787617300002
                    ],
                    [
                        121.060717569,
                        14.54800938800003
                    ],
                    [
                        121.060743122,
                        14.54809464700003
                    ],
                    [
                        121.060805189,
                        14.548350427
                    ],
                    [
                        121.060807027,
                        14.54840904600002
                    ],
                    [
                        121.060799757,
                        14.54851029899999
                    ]
                ]
            }
        },
        {
            "type": "Feature",
            "properties": {
                "official_fault_name": "West Valley Fault",
                "official_fault_system": "Valley Fault System",
                "official_segment_name": "02",
                "feature_class": "Active Fault",
                "trace_type": "Certain - Downthrown Area",
                "line_type": "Hachured (E) - red",
                "mapped_year": "2013",
                "mapping_scale": "1:10,000",
                "source_object_id": 1213,
                "source_active_fault_id": "201020178101081701369",
                "source_global_id": "{64EFA2C5-E09C-455E-B095-346C59C972B6}",
                "source_agency": "DOST-PHIVOLCS",
                "source_service": "https://gisweb.phivolcs.dost.gov.ph/arcgis/rest/services/PHIVOLCS/ActiveFault/MapServer",
                "source_vector_endpoint": "https://gisweb.phivolcs.dost.gov.ph/arcgis/services/PHIVOLCS/ActiveFault/MapServer/KmlServer",
                "minimum_distance_to_caloocan_meters": 5859.51,
                "intersects_caloocan": false
            },
            "geometry": {
                "type": "LineString",
                "coordinates": [
                    [
                        121.148363082,
                        14.79847937
                    ],
                    [
                        121.148165601,
                        14.79788215899998
                    ],
                    [
                        121.148001425,
                        14.79759425999998
                    ],
                    [
                        121.147934804,
                        14.79745387899999
                    ],
                    [
                        121.147720662,
                        14.79707318499999
                    ],
                    [
                        121.147589801,
                        14.79668773399999
                    ],
                    [
                        121.1474877440001,
                        14.79614750399998
                    ],
                    [
                        121.147450264,
                        14.79602865700002
                    ]
                ]
            }
        },
        {
            "type": "Feature",
            "properties": {
                "official_fault_name": "West Valley Fault",
                "official_fault_system": "Valley Fault System",
                "official_segment_name": "02",
                "feature_class": "Active Fault",
                "trace_type": "Approximate",
                "line_type": "Dashed - red",
                "mapped_year": "2013",
                "mapping_scale": "1:5,000",
                "source_object_id": 1232,
                "source_active_fault_id": "201020178101010201388",
                "source_global_id": "{50D39069-94A1-4D0D-B884-9488A1394108}",
                "source_agency": "DOST-PHIVOLCS",
                "source_service": "https://gisweb.phivolcs.dost.gov.ph/arcgis/rest/services/PHIVOLCS/ActiveFault/MapServer",
                "source_vector_endpoint": "https://gisweb.phivolcs.dost.gov.ph/arcgis/services/PHIVOLCS/ActiveFault/MapServer/KmlServer",
                "minimum_distance_to_caloocan_meters": 10955.25,
                "intersects_caloocan": false
            },
            "geometry": {
                "type": "LineString",
                "coordinates": [
                    [
                        121.0676748990001,
                        14.567637693
                    ],
                    [
                        121.067694577,
                        14.567766823
                    ],
                    [
                        121.0677044400001,
                        14.56791987000003
                    ],
                    [
                        121.067768334,
                        14.56812073100002
                    ],
                    [
                        121.06784696,
                        14.56832158700001
                    ],
                    [
                        121.067871537,
                        14.56840767099999
                    ],
                    [
                        121.067994423,
                        14.56883808999999
                    ],
                    [
                        121.068048577,
                        14.56933070299999
                    ],
                    [
                        121.0680731700001,
                        14.56947417999999
                    ]
                ]
            }
        },
        {
            "type": "Feature",
            "properties": {
                "official_fault_name": "East Valley Fault",
                "official_fault_system": "Valley Fault System",
                "official_segment_name": "01",
                "feature_class": "Active Fault",
                "trace_type": "Approximate",
                "line_type": "Dashed - red",
                "mapped_year": "2014",
                "mapping_scale": "1:10,000",
                "source_object_id": 1237,
                "source_active_fault_id": "201020173201010201393",
                "source_global_id": "{8FB52E03-F953-4696-AD51-21E2BDF153D3}",
                "source_agency": "DOST-PHIVOLCS",
                "source_service": "https://gisweb.phivolcs.dost.gov.ph/arcgis/rest/services/PHIVOLCS/ActiveFault/MapServer",
                "source_vector_endpoint": "https://gisweb.phivolcs.dost.gov.ph/arcgis/services/PHIVOLCS/ActiveFault/MapServer/KmlServer",
                "minimum_distance_to_caloocan_meters": 7877.68,
                "intersects_caloocan": false
            },
            "geometry": {
                "type": "LineString",
                "coordinates": [
                    [
                        121.150260623,
                        14.71127432200001
                    ],
                    [
                        121.1499721180001,
                        14.71080452299998
                    ]
                ]
            }
        },
        {
            "type": "Feature",
            "properties": {
                "official_fault_name": "West Valley Fault",
                "official_fault_system": "Valley Fault System",
                "official_segment_name": "02",
                "feature_class": "Active Fault",
                "trace_type": "Approximate",
                "line_type": "Dashed - red",
                "mapped_year": "2013",
                "mapping_scale": "1:5,000",
                "source_object_id": 1239,
                "source_active_fault_id": "201020178101010201395",
                "source_global_id": "{0CBACC1B-6B96-43AC-A365-F6AE34867532}",
                "source_agency": "DOST-PHIVOLCS",
                "source_service": "https://gisweb.phivolcs.dost.gov.ph/arcgis/rest/services/PHIVOLCS/ActiveFault/MapServer",
                "source_vector_endpoint": "https://gisweb.phivolcs.dost.gov.ph/arcgis/services/PHIVOLCS/ActiveFault/MapServer/KmlServer",
                "minimum_distance_to_caloocan_meters": 5704.42,
                "intersects_caloocan": false
            },
            "geometry": {
                "type": "LineString",
                "coordinates": [
                    [
                        121.1100813320001,
                        14.70140709999998
                    ],
                    [
                        121.110157955,
                        14.70151461799998
                    ],
                    [
                        121.110227932,
                        14.70158523600003
                    ],
                    [
                        121.1104057920001,
                        14.70174772399997
                    ],
                    [
                        121.110689696,
                        14.702045322
                    ],
                    [
                        121.110748692,
                        14.70211344900002
                    ]
                ]
            }
        },
        {
            "type": "Feature",
            "properties": {
                "official_fault_name": "West Valley Fault",
                "official_fault_system": "Valley Fault System",
                "official_segment_name": "02",
                "feature_class": "Active Fault",
                "trace_type": "Certain",
                "line_type": "Solid - red",
                "mapped_year": "2013",
                "mapping_scale": "1:10,000",
                "source_object_id": 1246,
                "source_active_fault_id": "201020178101052401403",
                "source_global_id": "{035A3080-2016-4FE6-AFF8-0F812A9AD171}",
                "source_agency": "DOST-PHIVOLCS",
                "source_service": "https://gisweb.phivolcs.dost.gov.ph/arcgis/rest/services/PHIVOLCS/ActiveFault/MapServer",
                "source_vector_endpoint": "https://gisweb.phivolcs.dost.gov.ph/arcgis/services/PHIVOLCS/ActiveFault/MapServer/KmlServer",
                "minimum_distance_to_caloocan_meters": 4518.81,
                "intersects_caloocan": false
            },
            "geometry": {
                "type": "LineString",
                "coordinates": [
                    [
                        121.1418123,
                        14.76370673500003
                    ],
                    [
                        121.142200139,
                        14.76426588099997
                    ],
                    [
                        121.142516598,
                        14.76464895700002
                    ],
                    [
                        121.142697433,
                        14.76479409900003
                    ],
                    [
                        121.1429877210001,
                        14.76505344999998
                    ],
                    [
                        121.143218524,
                        14.76522000699998
                    ],
                    [
                        121.143504054,
                        14.76542701300002
                    ],
                    [
                        121.143899039,
                        14.76561974600003
                    ],
                    [
                        121.144098911,
                        14.76575061199998
                    ],
                    [
                        121.144294023,
                        14.76589813300001
                    ],
                    [
                        121.144531964,
                        14.76607896600001
                    ],
                    [
                        121.144891257,
                        14.76631214600002
                    ]
                ]
            }
        },
        {
            "type": "Feature",
            "properties": {
                "official_fault_name": "West Valley Fault",
                "official_fault_system": "Valley Fault System",
                "official_segment_name": "02",
                "feature_class": "Active Fault",
                "trace_type": "Certain - Downthrown Area",
                "line_type": "Hachured (E) - red",
                "mapped_year": "2013",
                "mapping_scale": "1:10,000",
                "source_object_id": 1249,
                "source_active_fault_id": "201020178101081701406",
                "source_global_id": "{3A1E7277-4475-4577-975C-CE55D93939A0}",
                "source_agency": "DOST-PHIVOLCS",
                "source_service": "https://gisweb.phivolcs.dost.gov.ph/arcgis/rest/services/PHIVOLCS/ActiveFault/MapServer",
                "source_vector_endpoint": "https://gisweb.phivolcs.dost.gov.ph/arcgis/services/PHIVOLCS/ActiveFault/MapServer/KmlServer",
                "minimum_distance_to_caloocan_meters": 4220.1,
                "intersects_caloocan": false
            },
            "geometry": {
                "type": "LineString",
                "coordinates": [
                    [
                        121.12635792,
                        14.73468751299998
                    ],
                    [
                        121.126311792,
                        14.73458590400003
                    ],
                    [
                        121.126216431,
                        14.73431991500002
                    ],
                    [
                        121.126114962,
                        14.73411670199999
                    ],
                    [
                        121.126022723,
                        14.73394337600001
                    ],
                    [
                        121.125838194,
                        14.73350106999999
                    ],
                    [
                        121.125748983,
                        14.73324703399999
                    ],
                    [
                        121.125656663,
                        14.73292125900002
                    ],
                    [
                        121.125499764,
                        14.73245203599998
                    ],
                    [
                        121.125404359,
                        14.732102349
                    ]
                ]
            }
        },
        {
            "type": "Feature",
            "properties": {
                "official_fault_name": "West Valley Fault",
                "official_fault_system": "Valley Fault System",
                "official_segment_name": "02",
                "feature_class": "Active Fault",
                "trace_type": "Certain",
                "line_type": "Solid - red",
                "mapped_year": "2013",
                "mapping_scale": "1:5,000",
                "source_object_id": 1275,
                "source_active_fault_id": "201020178101052401432",
                "source_global_id": "{5318132C-FCCA-48EC-9933-3C0AB96951BA}",
                "source_agency": "DOST-PHIVOLCS",
                "source_service": "https://gisweb.phivolcs.dost.gov.ph/arcgis/rest/services/PHIVOLCS/ActiveFault/MapServer",
                "source_vector_endpoint": "https://gisweb.phivolcs.dost.gov.ph/arcgis/services/PHIVOLCS/ActiveFault/MapServer/KmlServer",
                "minimum_distance_to_caloocan_meters": 8503.17,
                "intersects_caloocan": false
            },
            "geometry": {
                "type": "LineString",
                "coordinates": [
                    [
                        121.081984687,
                        14.63432060399998
                    ],
                    [
                        121.082052561,
                        14.634574069
                    ],
                    [
                        121.0821378000001,
                        14.63487856400002
                    ],
                    [
                        121.082284654,
                        14.63543702099997
                    ],
                    [
                        121.082369496,
                        14.635749068
                    ],
                    [
                        121.082465408,
                        14.636111331
                    ],
                    [
                        121.082539157,
                        14.63630500900001
                    ],
                    [
                        121.0825760400001,
                        14.63642695700003
                    ],
                    [
                        121.082646117,
                        14.63665292000002
                    ],
                    [
                        121.082719863,
                        14.63683583599999
                    ],
                    [
                        121.082933813,
                        14.63761774699998
                    ],
                    [
                        121.082963318,
                        14.63770741399998
                    ]
                ]
            }
        },
        {
            "type": "Feature",
            "properties": {
                "official_fault_name": "West Valley Fault",
                "official_fault_system": "Valley Fault System",
                "official_segment_name": "02",
                "feature_class": "Active Fault",
                "trace_type": "Certain",
                "line_type": "Solid - red",
                "mapped_year": "2013",
                "mapping_scale": "1:10,000",
                "source_object_id": 1282,
                "source_active_fault_id": "201020178101052401439",
                "source_global_id": "{FD7B43C5-84A9-4648-BA8A-F84749610B39}",
                "source_agency": "DOST-PHIVOLCS",
                "source_service": "https://gisweb.phivolcs.dost.gov.ph/arcgis/rest/services/PHIVOLCS/ActiveFault/MapServer",
                "source_vector_endpoint": "https://gisweb.phivolcs.dost.gov.ph/arcgis/services/PHIVOLCS/ActiveFault/MapServer/KmlServer",
                "minimum_distance_to_caloocan_meters": 4275.82,
                "intersects_caloocan": false
            },
            "geometry": {
                "type": "LineString",
                "coordinates": [
                    [
                        121.139561345,
                        14.76323558199999
                    ],
                    [
                        121.139865905,
                        14.76367338199998
                    ],
                    [
                        121.140313227,
                        14.76436576999998
                    ],
                    [
                        121.140532128,
                        14.76473456799999
                    ],
                    [
                        121.140660615,
                        14.764891605
                    ],
                    [
                        121.140751031,
                        14.765039124
                    ],
                    [
                        121.14082479,
                        14.76519616000002
                    ],
                    [
                        121.140962791,
                        14.76553640399999
                    ],
                    [
                        121.141267348,
                        14.76609079000002
                    ],
                    [
                        121.141540973,
                        14.76663089900001
                    ],
                    [
                        121.141678975,
                        14.76690214299998
                    ],
                    [
                        121.141888358,
                        14.76731614699997
                    ],
                    [
                        121.142059671,
                        14.76763497799999
                    ]
                ]
            }
        },
        {
            "type": "Feature",
            "properties": {
                "official_fault_name": "West Valley Fault",
                "official_fault_system": "Valley Fault System",
                "official_segment_name": "02",
                "feature_class": "Active Fault",
                "trace_type": "Approximate",
                "line_type": "Dashed - red",
                "mapped_year": "2013",
                "mapping_scale": "1:5,000",
                "source_object_id": 1302,
                "source_active_fault_id": "201020178101010201459",
                "source_global_id": "{F6C7C8EE-10DE-43D0-ACD4-CAD49F2F4183}",
                "source_agency": "DOST-PHIVOLCS",
                "source_service": "https://gisweb.phivolcs.dost.gov.ph/arcgis/rest/services/PHIVOLCS/ActiveFault/MapServer",
                "source_vector_endpoint": "https://gisweb.phivolcs.dost.gov.ph/arcgis/services/PHIVOLCS/ActiveFault/MapServer/KmlServer",
                "minimum_distance_to_caloocan_meters": 8143.99,
                "intersects_caloocan": false
            },
            "geometry": {
                "type": "LineString",
                "coordinates": [
                    [
                        121.096229208,
                        14.66756140699999
                    ],
                    [
                        121.096092817,
                        14.66741797700001
                    ],
                    [
                        121.096008025,
                        14.667306811
                    ],
                    [
                        121.095956411,
                        14.66723508899997
                    ],
                    [
                        121.095853166,
                        14.667052189
                    ],
                    [
                        121.095713061,
                        14.66683343199998
                    ],
                    [
                        121.095665142,
                        14.66678681899998
                    ],
                    [
                        121.095609854,
                        14.66674020800002
                    ],
                    [
                        121.095510309,
                        14.66659317699998
                    ],
                    [
                        121.095429193,
                        14.66646048600001
                    ],
                    [
                        121.095373878,
                        14.66634572200002
                    ],
                    [
                        121.095289043,
                        14.666126943
                    ],
                    [
                        121.095126764,
                        14.66573960300002
                    ],
                    [
                        121.095030874,
                        14.66551724200002
                    ],
                    [
                        121.094816952,
                        14.66498285099999
                    ]
                ]
            }
        },
        {
            "type": "Feature",
            "properties": {
                "official_fault_name": "West Valley Fault",
                "official_fault_system": "Valley Fault System",
                "official_segment_name": "02",
                "feature_class": "Active Fault",
                "trace_type": "Certain",
                "line_type": "Solid - red",
                "mapped_year": "2013",
                "mapping_scale": "1:5,000",
                "source_object_id": 1305,
                "source_active_fault_id": "201020178101052401462",
                "source_global_id": "{9F5B0419-8D88-40FC-9865-76536B15BBB8}",
                "source_agency": "DOST-PHIVOLCS",
                "source_service": "https://gisweb.phivolcs.dost.gov.ph/arcgis/rest/services/PHIVOLCS/ActiveFault/MapServer",
                "source_vector_endpoint": "https://gisweb.phivolcs.dost.gov.ph/arcgis/services/PHIVOLCS/ActiveFault/MapServer/KmlServer",
                "minimum_distance_to_caloocan_meters": 8122.29,
                "intersects_caloocan": false
            },
            "geometry": {
                "type": "LineString",
                "coordinates": [
                    [
                        121.092423714,
                        14.65920900899999
                    ],
                    [
                        121.092484,
                        14.65934787600003
                    ],
                    [
                        121.092549092,
                        14.65947799200001
                    ]
                ]
            }
        },
        {
            "type": "Feature",
            "properties": {
                "official_fault_name": "West Valley Fault",
                "official_fault_system": "Valley Fault System",
                "official_segment_name": "02",
                "feature_class": "Active Fault",
                "trace_type": "Approximate",
                "line_type": "Dashed - red",
                "mapped_year": "2013",
                "mapping_scale": "1:5,000",
                "source_object_id": 1313,
                "source_active_fault_id": "201020178101010201470",
                "source_global_id": "{08556723-7501-4FE9-982C-C829B29D10D3}",
                "source_agency": "DOST-PHIVOLCS",
                "source_service": "https://gisweb.phivolcs.dost.gov.ph/arcgis/rest/services/PHIVOLCS/ActiveFault/MapServer",
                "source_vector_endpoint": "https://gisweb.phivolcs.dost.gov.ph/arcgis/services/PHIVOLCS/ActiveFault/MapServer/KmlServer",
                "minimum_distance_to_caloocan_meters": 5565.85,
                "intersects_caloocan": false
            },
            "geometry": {
                "type": "LineString",
                "coordinates": [
                    [
                        121.114334732,
                        14.70620979099999
                    ],
                    [
                        121.114429196,
                        14.70645366600002
                    ],
                    [
                        121.114592969,
                        14.70674916199999
                    ],
                    [
                        121.114663788,
                        14.70687395800002
                    ],
                    [
                        121.114799504,
                        14.70706903000001
                    ],
                    [
                        121.1149072220001,
                        14.70728563799997
                    ],
                    [
                        121.115057705,
                        14.707533791
                    ],
                    [
                        121.115146487,
                        14.70770360099999
                    ]
                ]
            }
        },
        {
            "type": "Feature",
            "properties": {
                "official_fault_name": "East Valley Fault",
                "official_fault_system": "Valley Fault System",
                "official_segment_name": "01",
                "feature_class": "Active Fault",
                "trace_type": "Certain",
                "line_type": "Solid - red",
                "mapped_year": "2014",
                "mapping_scale": "1:10,000",
                "source_object_id": 1319,
                "source_active_fault_id": "201020173201052401476",
                "source_global_id": "{50DD6FC3-99AD-43F1-976C-915DA0122BB2}",
                "source_agency": "DOST-PHIVOLCS",
                "source_service": "https://gisweb.phivolcs.dost.gov.ph/arcgis/rest/services/PHIVOLCS/ActiveFault/MapServer",
                "source_vector_endpoint": "https://gisweb.phivolcs.dost.gov.ph/arcgis/services/PHIVOLCS/ActiveFault/MapServer/KmlServer",
                "minimum_distance_to_caloocan_meters": 7894.36,
                "intersects_caloocan": false
            },
            "geometry": {
                "type": "LineString",
                "coordinates": [
                    [
                        121.149965361,
                        14.71079778199999
                    ],
                    [
                        121.149925122,
                        14.71071225700001
                    ],
                    [
                        121.149857993,
                        14.71055622099999
                    ],
                    [
                        121.149549302,
                        14.70936840100001
                    ],
                    [
                        121.149569402,
                        14.70938175399999
                    ]
                ]
            }
        },
        {
            "type": "Feature",
            "properties": {
                "official_fault_name": "West Valley Fault",
                "official_fault_system": "Valley Fault System",
                "official_segment_name": "02",
                "feature_class": "Active Fault",
                "trace_type": "Approximate",
                "line_type": "Dashed - red",
                "mapped_year": "2013",
                "mapping_scale": "1:5,000",
                "source_object_id": 1355,
                "source_active_fault_id": "201020178101010201515",
                "source_global_id": "{10C585DB-1265-4DFE-A453-C0C29B601799}",
                "source_agency": "DOST-PHIVOLCS",
                "source_service": "https://gisweb.phivolcs.dost.gov.ph/arcgis/rest/services/PHIVOLCS/ActiveFault/MapServer",
                "source_vector_endpoint": "https://gisweb.phivolcs.dost.gov.ph/arcgis/services/PHIVOLCS/ActiveFault/MapServer/KmlServer",
                "minimum_distance_to_caloocan_meters": 5748.99,
                "intersects_caloocan": false
            },
            "geometry": {
                "type": "LineString",
                "coordinates": [
                    [
                        121.10926186,
                        14.69851271599998
                    ],
                    [
                        121.109320974,
                        14.698835524
                    ],
                    [
                        121.109406015,
                        14.69943811100001
                    ],
                    [
                        121.109538912,
                        14.699929478
                    ],
                    [
                        121.109693926,
                        14.700431595
                    ],
                    [
                        121.109804647,
                        14.70078307699998
                    ],
                    [
                        121.109856311,
                        14.70093371000002
                    ]
                ]
            }
        },
        {
            "type": "Feature",
            "properties": {
                "official_fault_name": "West Valley Fault",
                "official_fault_system": "Valley Fault System",
                "official_segment_name": "02",
                "feature_class": "Active Fault",
                "trace_type": "Approximate",
                "line_type": "Dashed - red",
                "mapped_year": "2013",
                "mapping_scale": "1:50,000",
                "source_object_id": 1364,
                "source_active_fault_id": "201020178101010201524",
                "source_global_id": "{B966D289-7085-434F-ABB8-683B101CB9FE}",
                "source_agency": "DOST-PHIVOLCS",
                "source_service": "https://gisweb.phivolcs.dost.gov.ph/arcgis/rest/services/PHIVOLCS/ActiveFault/MapServer",
                "source_vector_endpoint": "https://gisweb.phivolcs.dost.gov.ph/arcgis/services/PHIVOLCS/ActiveFault/MapServer/KmlServer",
                "minimum_distance_to_caloocan_meters": 11656.05,
                "intersects_caloocan": false
            },
            "geometry": {
                "type": "LineString",
                "coordinates": [
                    [
                        121.162020572,
                        14.86562611300002
                    ],
                    [
                        121.161939542,
                        14.86518020300002
                    ],
                    [
                        121.161861531,
                        14.86438799500002
                    ],
                    [
                        121.16207198,
                        14.86275818500002
                    ],
                    [
                        121.162031999,
                        14.86227845100001
                    ],
                    [
                        121.161884632,
                        14.86168653999999
                    ],
                    [
                        121.16173359,
                        14.86095916099998
                    ],
                    [
                        121.1616574460001,
                        14.860461337
                    ],
                    [
                        121.160885789,
                        14.85759817899998
                    ]
                ]
            }
        },
        {
            "type": "Feature",
            "properties": {
                "official_fault_name": "West Valley Fault",
                "official_fault_system": "Valley Fault System",
                "official_segment_name": "02",
                "feature_class": "Active Fault",
                "trace_type": "Approximate",
                "line_type": "Dashed - red",
                "mapped_year": "2013",
                "mapping_scale": "1:50,000",
                "source_object_id": 1370,
                "source_active_fault_id": "201020178101010201530",
                "source_global_id": "{90A2708E-CF70-4FDE-89AB-EF2DC06F3667}",
                "source_agency": "DOST-PHIVOLCS",
                "source_service": "https://gisweb.phivolcs.dost.gov.ph/arcgis/rest/services/PHIVOLCS/ActiveFault/MapServer",
                "source_vector_endpoint": "https://gisweb.phivolcs.dost.gov.ph/arcgis/services/PHIVOLCS/ActiveFault/MapServer/KmlServer",
                "minimum_distance_to_caloocan_meters": 11179.4,
                "intersects_caloocan": false
            },
            "geometry": {
                "type": "LineString",
                "coordinates": [
                    [
                        121.153516165,
                        14.86476585200001
                    ],
                    [
                        121.1536598390001,
                        14.86410888400002
                    ],
                    [
                        121.154316646,
                        14.861635003
                    ],
                    [
                        121.155304722,
                        14.85852354999997
                    ],
                    [
                        121.155741843,
                        14.85743299400002
                    ],
                    [
                        121.155813244,
                        14.857127816
                    ],
                    [
                        121.156042471,
                        14.85558183199998
                    ]
                ]
            }
        },
        {
            "type": "Feature",
            "properties": {
                "official_fault_name": "West Valley Fault",
                "official_fault_system": "Valley Fault System",
                "official_segment_name": "02",
                "feature_class": "Active Fault",
                "trace_type": "Approximate",
                "line_type": "Dashed - red",
                "mapped_year": "2013",
                "mapping_scale": "1:5,000",
                "source_object_id": 1379,
                "source_active_fault_id": "201020178101010201540",
                "source_global_id": "{AA03CA45-7A97-4FD4-A3ED-7185F5421FD9}",
                "source_agency": "DOST-PHIVOLCS",
                "source_service": "https://gisweb.phivolcs.dost.gov.ph/arcgis/rest/services/PHIVOLCS/ActiveFault/MapServer",
                "source_vector_endpoint": "https://gisweb.phivolcs.dost.gov.ph/arcgis/services/PHIVOLCS/ActiveFault/MapServer/KmlServer",
                "minimum_distance_to_caloocan_meters": 12750.38,
                "intersects_caloocan": false
            },
            "geometry": {
                "type": "LineString",
                "coordinates": [
                    [
                        121.059223033,
                        14.540179405
                    ],
                    [
                        121.05925321,
                        14.54052385699998
                    ],
                    [
                        121.059267816,
                        14.54059727600003
                    ],
                    [
                        121.059277572,
                        14.54072517100002
                    ],
                    [
                        121.059250869,
                        14.54090518100003
                    ],
                    [
                        121.059260621,
                        14.54101886500001
                    ]
                ]
            }
        },
        {
            "type": "Feature",
            "properties": {
                "official_fault_name": "West Valley Fault",
                "official_fault_system": "Valley Fault System",
                "official_segment_name": "02",
                "feature_class": "Active Fault",
                "trace_type": "Approximate",
                "line_type": "Dashed - red",
                "mapped_year": "2013",
                "mapping_scale": "1:50,000",
                "source_object_id": 1382,
                "source_active_fault_id": "201020178101010201543",
                "source_global_id": "{E6280F73-1086-4BD3-B48E-47EC7351B60C}",
                "source_agency": "DOST-PHIVOLCS",
                "source_service": "https://gisweb.phivolcs.dost.gov.ph/arcgis/rest/services/PHIVOLCS/ActiveFault/MapServer",
                "source_vector_endpoint": "https://gisweb.phivolcs.dost.gov.ph/arcgis/services/PHIVOLCS/ActiveFault/MapServer/KmlServer",
                "minimum_distance_to_caloocan_meters": 9323.21,
                "intersects_caloocan": false
            },
            "geometry": {
                "type": "LineString",
                "coordinates": [
                    [
                        121.154532354,
                        14.84143832900003
                    ],
                    [
                        121.1545005740001,
                        14.83709066300003
                    ],
                    [
                        121.1545002840001,
                        14.83597281700003
                    ]
                ]
            }
        },
        {
            "type": "Feature",
            "properties": {
                "official_fault_name": "West Valley Fault",
                "official_fault_system": "Valley Fault System",
                "official_segment_name": "02",
                "feature_class": "Active Fault",
                "trace_type": "Certain",
                "line_type": "Solid - red",
                "mapped_year": "2013",
                "mapping_scale": "1:50,000",
                "source_object_id": 1390,
                "source_active_fault_id": "201020178101052401551",
                "source_global_id": "{8E2A9EED-AE98-4A78-95E9-D93ACCFFB79F}",
                "source_agency": "DOST-PHIVOLCS",
                "source_service": "https://gisweb.phivolcs.dost.gov.ph/arcgis/rest/services/PHIVOLCS/ActiveFault/MapServer",
                "source_vector_endpoint": "https://gisweb.phivolcs.dost.gov.ph/arcgis/services/PHIVOLCS/ActiveFault/MapServer/KmlServer",
                "minimum_distance_to_caloocan_meters": 7675.99,
                "intersects_caloocan": false
            },
            "geometry": {
                "type": "LineString",
                "coordinates": [
                    [
                        121.147230054,
                        14.82246025799998
                    ],
                    [
                        121.147376793,
                        14.82384402000002
                    ],
                    [
                        121.1475235410001,
                        14.824829427
                    ],
                    [
                        121.14762836,
                        14.825605172
                    ]
                ]
            }
        },
        {
            "type": "Feature",
            "properties": {
                "official_fault_name": "West Valley Fault",
                "official_fault_system": "Valley Fault System",
                "official_segment_name": "02",
                "feature_class": "Active Fault",
                "trace_type": "Certain",
                "line_type": "Solid - red",
                "mapped_year": "2013",
                "mapping_scale": "1:10,000",
                "source_object_id": 1398,
                "source_active_fault_id": "201020178101052401560",
                "source_global_id": "{E5E24D05-FF15-400C-84FB-A47934D1B609}",
                "source_agency": "DOST-PHIVOLCS",
                "source_service": "https://gisweb.phivolcs.dost.gov.ph/arcgis/rest/services/PHIVOLCS/ActiveFault/MapServer",
                "source_vector_endpoint": "https://gisweb.phivolcs.dost.gov.ph/arcgis/services/PHIVOLCS/ActiveFault/MapServer/KmlServer",
                "minimum_distance_to_caloocan_meters": 3891.22,
                "intersects_caloocan": false
            },
            "geometry": {
                "type": "LineString",
                "coordinates": [
                    [
                        121.128274429,
                        14.74054729300002
                    ],
                    [
                        121.128500859,
                        14.74106296999997
                    ],
                    [
                        121.128848244,
                        14.741700632
                    ],
                    [
                        121.129095698,
                        14.74211939600002
                    ]
                ]
            }
        },
        {
            "type": "Feature",
            "properties": {
                "official_fault_name": "West Valley Fault",
                "official_fault_system": "Valley Fault System",
                "official_segment_name": "02",
                "feature_class": "Active Fault",
                "trace_type": "Approximate",
                "line_type": "Dashed - red",
                "mapped_year": "2013",
                "mapping_scale": "1:5,000",
                "source_object_id": 1425,
                "source_active_fault_id": "201020178101010201589",
                "source_global_id": "{9769E8C3-3DC7-49D3-AC48-E6F7D9140C7C}",
                "source_agency": "DOST-PHIVOLCS",
                "source_service": "https://gisweb.phivolcs.dost.gov.ph/arcgis/rest/services/PHIVOLCS/ActiveFault/MapServer",
                "source_vector_endpoint": "https://gisweb.phivolcs.dost.gov.ph/arcgis/services/PHIVOLCS/ActiveFault/MapServer/KmlServer",
                "minimum_distance_to_caloocan_meters": 7912.01,
                "intersects_caloocan": false
            },
            "geometry": {
                "type": "LineString",
                "coordinates": [
                    [
                        121.08785898,
                        14.65421658399998
                    ],
                    [
                        121.087871504,
                        14.654238975
                    ],
                    [
                        121.087989484,
                        14.65445057
                    ],
                    [
                        121.088125893,
                        14.654680095
                    ],
                    [
                        121.088203326,
                        14.65484148500002
                    ],
                    [
                        121.088273373,
                        14.65495624699997
                    ],
                    [
                        121.088365547,
                        14.65512480699999
                    ],
                    [
                        121.088413707,
                        14.65525828199998
                    ]
                ]
            }
        },
        {
            "type": "Feature",
            "properties": {
                "official_fault_name": "West Valley Fault",
                "official_fault_system": "Valley Fault System",
                "official_segment_name": "02",
                "feature_class": "Active Fault",
                "trace_type": "Certain - Downthrown Area",
                "line_type": "Hachured (E) - red",
                "mapped_year": "2013",
                "mapping_scale": "1:5,000",
                "source_object_id": 1431,
                "source_active_fault_id": "201020178101081701596",
                "source_global_id": "{B0875D07-332C-407F-9BBA-43C5B10FBDCD}",
                "source_agency": "DOST-PHIVOLCS",
                "source_service": "https://gisweb.phivolcs.dost.gov.ph/arcgis/rest/services/PHIVOLCS/ActiveFault/MapServer",
                "source_vector_endpoint": "https://gisweb.phivolcs.dost.gov.ph/arcgis/services/PHIVOLCS/ActiveFault/MapServer/KmlServer",
                "minimum_distance_to_caloocan_meters": 14850.73,
                "intersects_caloocan": false
            },
            "geometry": {
                "type": "LineString",
                "coordinates": [
                    [
                        121.054726697,
                        14.516652647
                    ],
                    [
                        121.054736496,
                        14.51653899600001
                    ],
                    [
                        121.054765964,
                        14.516286315
                    ],
                    [
                        121.054780691,
                        14.51613224200003
                    ],
                    [
                        121.054793297,
                        14.51591859600001
                    ],
                    [
                        121.054789049,
                        14.515774798
                    ],
                    [
                        121.054801635,
                        14.51547281799998
                    ],
                    [
                        121.054803498,
                        14.51531963399998
                    ]
                ]
            }
        },
        {
            "type": "Feature",
            "properties": {
                "official_fault_name": "West Valley Fault",
                "official_fault_system": "Valley Fault System",
                "official_segment_name": "02",
                "feature_class": "Active Fault",
                "trace_type": "Certain - Downthrown Area",
                "line_type": "Hachured (E) - red",
                "mapped_year": "2013",
                "mapping_scale": "1:5,000",
                "source_object_id": 1432,
                "source_active_fault_id": "201020178101081701597",
                "source_global_id": "{C6B1C1FF-2184-499D-90E8-91E0B8F77EA1}",
                "source_agency": "DOST-PHIVOLCS",
                "source_service": "https://gisweb.phivolcs.dost.gov.ph/arcgis/rest/services/PHIVOLCS/ActiveFault/MapServer",
                "source_vector_endpoint": "https://gisweb.phivolcs.dost.gov.ph/arcgis/services/PHIVOLCS/ActiveFault/MapServer/KmlServer",
                "minimum_distance_to_caloocan_meters": 8101.5,
                "intersects_caloocan": false
            },
            "geometry": {
                "type": "LineString",
                "coordinates": [
                    [
                        121.093707415,
                        14.662978533
                    ],
                    [
                        121.093666827,
                        14.66283147899998
                    ],
                    [
                        121.093622536,
                        14.66263779399998
                    ],
                    [
                        121.093552438,
                        14.66240824900001
                    ],
                    [
                        121.093456529,
                        14.662128494
                    ],
                    [
                        121.093360633,
                        14.66188102199999
                    ],
                    [
                        121.093264752,
                        14.66167300900003
                    ],
                    [
                        121.093216804,
                        14.66154747899998
                    ],
                    [
                        121.093135682,
                        14.66138967900002
                    ]
                ]
            }
        },
        {
            "type": "Feature",
            "properties": {
                "official_fault_name": "West Valley Fault",
                "official_fault_system": "Valley Fault System",
                "official_segment_name": "02",
                "feature_class": "Active Fault",
                "trace_type": "Certain",
                "line_type": "Solid - red",
                "mapped_year": "2013",
                "mapping_scale": "1:10,000",
                "source_object_id": 1455,
                "source_active_fault_id": "201020178101052401621",
                "source_global_id": "{F5EB329C-DDC0-40C2-9A14-F13AADF77B60}",
                "source_agency": "DOST-PHIVOLCS",
                "source_service": "https://gisweb.phivolcs.dost.gov.ph/arcgis/rest/services/PHIVOLCS/ActiveFault/MapServer",
                "source_vector_endpoint": "https://gisweb.phivolcs.dost.gov.ph/arcgis/services/PHIVOLCS/ActiveFault/MapServer/KmlServer",
                "minimum_distance_to_caloocan_meters": 5004.29,
                "intersects_caloocan": false
            },
            "geometry": {
                "type": "LineString",
                "coordinates": [
                    [
                        121.140599192,
                        14.79210176999999
                    ],
                    [
                        121.140558734,
                        14.79239442400001
                    ],
                    [
                        121.140580136,
                        14.792941665
                    ],
                    [
                        121.140613445,
                        14.79309156300002
                    ],
                    [
                        121.140758575,
                        14.79380773700001
                    ],
                    [
                        121.140841841,
                        14.79447394499999
                    ],
                    [
                        121.140889417,
                        14.79499739400001
                    ],
                    [
                        121.140870371,
                        14.79544232400002
                    ],
                    [
                        121.1408560910001,
                        14.79559222
                    ],
                    [
                        121.140877502,
                        14.79576115200001
                    ],
                    [
                        121.1409369740001,
                        14.79635360100002
                    ],
                    [
                        121.140953619,
                        14.79682232499999
                    ],
                    [
                        121.1409440910001,
                        14.79725535900002
                    ],
                    [
                        121.14091553,
                        14.79760035800001
                    ],
                    [
                        121.140889353,
                        14.79772408100001
                    ],
                    [
                        121.140898864,
                        14.79801197699999
                    ],
                    [
                        121.140955966,
                        14.79822849599998
                    ],
                    [
                        121.141048759,
                        14.798475946
                    ]
                ]
            }
        },
        {
            "type": "Feature",
            "properties": {
                "official_fault_name": "East Valley Fault",
                "official_fault_system": "Valley Fault System",
                "official_segment_name": "01",
                "feature_class": "Active Fault",
                "trace_type": "Certain - Downthrown Area",
                "line_type": "Hachured (W) - red",
                "mapped_year": "2014",
                "mapping_scale": "1:10,000",
                "source_object_id": 1463,
                "source_active_fault_id": "201020173201082201631",
                "source_global_id": "{9443ED9D-D96E-471D-AB17-D9AA4E6274E8}",
                "source_agency": "DOST-PHIVOLCS",
                "source_service": "https://gisweb.phivolcs.dost.gov.ph/arcgis/rest/services/PHIVOLCS/ActiveFault/MapServer",
                "source_vector_endpoint": "https://gisweb.phivolcs.dost.gov.ph/arcgis/services/PHIVOLCS/ActiveFault/MapServer/KmlServer",
                "minimum_distance_to_caloocan_meters": 7677.49,
                "intersects_caloocan": false
            },
            "geometry": {
                "type": "LineString",
                "coordinates": [
                    [
                        121.159082176,
                        14.72415771200002
                    ],
                    [
                        121.158845384,
                        14.72385331800001
                    ],
                    [
                        121.1586124090001,
                        14.72347748499999
                    ],
                    [
                        121.158435793,
                        14.72325579300002
                    ],
                    [
                        121.158292946,
                        14.723034009
                    ]
                ]
            }
        },
        {
            "type": "Feature",
            "properties": {
                "official_fault_name": "West Valley Fault",
                "official_fault_system": "Valley Fault System",
                "official_segment_name": "02",
                "feature_class": "Active Fault",
                "trace_type": "Approximate",
                "line_type": "Dashed - red",
                "mapped_year": "2013",
                "mapping_scale": "1:5,000",
                "source_object_id": 1465,
                "source_active_fault_id": "201020178101010201633",
                "source_global_id": "{D04EFC0F-E689-4D06-8B33-502502BC83E4}",
                "source_agency": "DOST-PHIVOLCS",
                "source_service": "https://gisweb.phivolcs.dost.gov.ph/arcgis/rest/services/PHIVOLCS/ActiveFault/MapServer",
                "source_vector_endpoint": "https://gisweb.phivolcs.dost.gov.ph/arcgis/services/PHIVOLCS/ActiveFault/MapServer/KmlServer",
                "minimum_distance_to_caloocan_meters": 7912.78,
                "intersects_caloocan": false
            },
            "geometry": {
                "type": "LineString",
                "coordinates": [
                    [
                        121.0897960569999,
                        14.657628069
                    ],
                    [
                        121.0898098720001,
                        14.65786358999998
                    ],
                    [
                        121.089825724,
                        14.658133835
                    ]
                ]
            }
        },
        {
            "type": "Feature",
            "properties": {
                "official_fault_name": "West Valley Fault",
                "official_fault_system": "Valley Fault System",
                "official_segment_name": "02",
                "feature_class": "Active Fault",
                "trace_type": "Certain - Downthrown Area",
                "line_type": "Hachured (E) - red",
                "mapped_year": "2013",
                "mapping_scale": "1:5,000",
                "source_object_id": 1485,
                "source_active_fault_id": "201020178101081701653",
                "source_global_id": "{67E07941-90F9-44C4-AB4E-C82FC7303524}",
                "source_agency": "DOST-PHIVOLCS",
                "source_service": "https://gisweb.phivolcs.dost.gov.ph/arcgis/rest/services/PHIVOLCS/ActiveFault/MapServer",
                "source_vector_endpoint": "https://gisweb.phivolcs.dost.gov.ph/arcgis/services/PHIVOLCS/ActiveFault/MapServer/KmlServer",
                "minimum_distance_to_caloocan_meters": 10416.59,
                "intersects_caloocan": false
            },
            "geometry": {
                "type": "LineString",
                "coordinates": [
                    [
                        121.0687116300001,
                        14.57762565299998
                    ],
                    [
                        121.068711573,
                        14.57742311599998
                    ],
                    [
                        121.0687353130001,
                        14.577324734
                    ],
                    [
                        121.068747131,
                        14.57709325899998
                    ],
                    [
                        121.068741152,
                        14.576960165
                    ],
                    [
                        121.068723275,
                        14.57677499200003
                    ],
                    [
                        121.068699468,
                        14.57663032900001
                    ],
                    [
                        121.068675662,
                        14.57649145200003
                    ]
                ]
            }
        },
        {
            "type": "Feature",
            "properties": {
                "official_fault_name": "West Valley Fault",
                "official_fault_system": "Valley Fault System",
                "official_segment_name": "02",
                "feature_class": "Active Fault",
                "trace_type": "Approximate",
                "line_type": "Dashed - red",
                "mapped_year": "2013",
                "mapping_scale": "1:5,000",
                "source_object_id": 1487,
                "source_active_fault_id": "201020178101010201655",
                "source_global_id": "{CFBD245D-4416-49ED-98F2-59B222F2ADF4}",
                "source_agency": "DOST-PHIVOLCS",
                "source_service": "https://gisweb.phivolcs.dost.gov.ph/arcgis/rest/services/PHIVOLCS/ActiveFault/MapServer",
                "source_vector_endpoint": "https://gisweb.phivolcs.dost.gov.ph/arcgis/services/PHIVOLCS/ActiveFault/MapServer/KmlServer",
                "minimum_distance_to_caloocan_meters": 15968.67,
                "intersects_caloocan": false
            },
            "geometry": {
                "type": "LineString",
                "coordinates": [
                    [
                        121.053645472,
                        14.50391969200001
                    ],
                    [
                        121.053654824,
                        14.50398012300002
                    ],
                    [
                        121.053656778,
                        14.50414813200001
                    ],
                    [
                        121.05361976,
                        14.50438911600003
                    ],
                    [
                        121.053542192,
                        14.504649556
                    ],
                    [
                        121.053519933,
                        14.50485646499999
                    ],
                    [
                        121.05351996,
                        14.504988062
                    ]
                ]
            }
        },
        {
            "type": "Feature",
            "properties": {
                "official_fault_name": "West Valley Fault",
                "official_fault_system": "Valley Fault System",
                "official_segment_name": "02",
                "feature_class": "Active Fault",
                "trace_type": "Approximate",
                "line_type": "Dashed - red",
                "mapped_year": "2013",
                "mapping_scale": "1:5,000",
                "source_object_id": 1510,
                "source_active_fault_id": "201020178101010201678",
                "source_global_id": "{86C89C8D-255D-44A4-B528-31EF56F96811}",
                "source_agency": "DOST-PHIVOLCS",
                "source_service": "https://gisweb.phivolcs.dost.gov.ph/arcgis/rest/services/PHIVOLCS/ActiveFault/MapServer",
                "source_vector_endpoint": "https://gisweb.phivolcs.dost.gov.ph/arcgis/services/PHIVOLCS/ActiveFault/MapServer/KmlServer",
                "minimum_distance_to_caloocan_meters": 8536.11,
                "intersects_caloocan": false
            },
            "geometry": {
                "type": "LineString",
                "coordinates": [
                    [
                        121.084063554,
                        14.63825271600001
                    ],
                    [
                        121.0841557380001,
                        14.63847867099997
                    ],
                    [
                        121.084244249,
                        14.63873691100002
                    ]
                ]
            }
        },
        {
            "type": "Feature",
            "properties": {
                "official_fault_name": "West Valley Fault",
                "official_fault_system": "Valley Fault System",
                "official_segment_name": "02",
                "feature_class": "Active Fault",
                "trace_type": "Certain",
                "line_type": "Solid - red",
                "mapped_year": "2013",
                "mapping_scale": "1:5,000",
                "source_object_id": 1525,
                "source_active_fault_id": "201020178101052401693",
                "source_global_id": "{31B763FE-0B74-445E-BA49-9DF34731B363}",
                "source_agency": "DOST-PHIVOLCS",
                "source_service": "https://gisweb.phivolcs.dost.gov.ph/arcgis/rest/services/PHIVOLCS/ActiveFault/MapServer",
                "source_vector_endpoint": "https://gisweb.phivolcs.dost.gov.ph/arcgis/services/PHIVOLCS/ActiveFault/MapServer/KmlServer",
                "minimum_distance_to_caloocan_meters": 9631.44,
                "intersects_caloocan": false
            },
            "geometry": {
                "type": "LineString",
                "coordinates": [
                    [
                        121.073351897,
                        14.596506648
                    ],
                    [
                        121.073470907,
                        14.59705057100001
                    ],
                    [
                        121.073613697,
                        14.597629208
                    ],
                    [
                        121.073667265,
                        14.59791853100001
                    ],
                    [
                        121.073738747,
                        14.59849140199998
                    ]
                ]
            }
        },
        {
            "type": "Feature",
            "properties": {
                "official_fault_name": "West Valley Fault",
                "official_fault_system": "Valley Fault System",
                "official_segment_name": "02",
                "feature_class": "Active Fault",
                "trace_type": "Certain",
                "line_type": "Solid - red",
                "mapped_year": "2013",
                "mapping_scale": "1:50,000",
                "source_object_id": 1545,
                "source_active_fault_id": "201020178101052401713",
                "source_global_id": "{624E3907-7782-4253-8A88-98DA5AE782D9}",
                "source_agency": "DOST-PHIVOLCS",
                "source_service": "https://gisweb.phivolcs.dost.gov.ph/arcgis/rest/services/PHIVOLCS/ActiveFault/MapServer",
                "source_vector_endpoint": "https://gisweb.phivolcs.dost.gov.ph/arcgis/services/PHIVOLCS/ActiveFault/MapServer/KmlServer",
                "minimum_distance_to_caloocan_meters": 6945.86,
                "intersects_caloocan": false
            },
            "geometry": {
                "type": "LineString",
                "coordinates": [
                    [
                        121.154007862,
                        14.80841305899998
                    ],
                    [
                        121.153856034,
                        14.80688180200002
                    ],
                    [
                        121.153775817,
                        14.80654142999998
                    ],
                    [
                        121.153630415,
                        14.80603871199998
                    ],
                    [
                        121.153414387,
                        14.80544633699998
                    ]
                ]
            }
        },
        {
            "type": "Feature",
            "properties": {
                "official_fault_name": "West Valley Fault",
                "official_fault_system": "Valley Fault System",
                "official_segment_name": "02",
                "feature_class": "Active Fault",
                "trace_type": "Approximate",
                "line_type": "Dashed - red",
                "mapped_year": "2013",
                "mapping_scale": "1:5,000",
                "source_object_id": 1548,
                "source_active_fault_id": "201020178101010201716",
                "source_global_id": "{9CA4207C-4C91-4830-AD0D-7D33344AD7C8}",
                "source_agency": "DOST-PHIVOLCS",
                "source_service": "https://gisweb.phivolcs.dost.gov.ph/arcgis/rest/services/PHIVOLCS/ActiveFault/MapServer",
                "source_vector_endpoint": "https://gisweb.phivolcs.dost.gov.ph/arcgis/services/PHIVOLCS/ActiveFault/MapServer/KmlServer",
                "minimum_distance_to_caloocan_meters": 9692.42,
                "intersects_caloocan": false
            },
            "geometry": {
                "type": "LineString",
                "coordinates": [
                    [
                        121.072976498,
                        14.593052048
                    ],
                    [
                        121.07307182,
                        14.59387374300002
                    ],
                    [
                        121.073101583,
                        14.594047338
                    ],
                    [
                        121.073143326,
                        14.59453920300001
                    ],
                    [
                        121.073196959,
                        14.59504842400003
                    ],
                    [
                        121.073268447,
                        14.59565022800001
                    ],
                    [
                        121.073304256,
                        14.59616524199998
                    ],
                    [
                        121.073351897,
                        14.596506648
                    ]
                ]
            }
        },
        {
            "type": "Feature",
            "properties": {
                "official_fault_name": "West Valley Fault",
                "official_fault_system": "Valley Fault System",
                "official_segment_name": "02",
                "feature_class": "Active Fault",
                "trace_type": "Approximate",
                "line_type": "Dashed - red",
                "mapped_year": "2013",
                "mapping_scale": "1:10,000",
                "source_object_id": 1549,
                "source_active_fault_id": "201020178101010201717",
                "source_global_id": "{16E158D1-A2FB-4F4D-A753-19A0324D226B}",
                "source_agency": "DOST-PHIVOLCS",
                "source_service": "https://gisweb.phivolcs.dost.gov.ph/arcgis/rest/services/PHIVOLCS/ActiveFault/MapServer",
                "source_vector_endpoint": "https://gisweb.phivolcs.dost.gov.ph/arcgis/services/PHIVOLCS/ActiveFault/MapServer/KmlServer",
                "minimum_distance_to_caloocan_meters": 5733.6,
                "intersects_caloocan": false
            },
            "geometry": {
                "type": "LineString",
                "coordinates": [
                    [
                        121.147502265,
                        14.79341500499999
                    ],
                    [
                        121.147818717,
                        14.794057426
                    ],
                    [
                        121.148054274,
                        14.794452396
                    ],
                    [
                        121.148549181,
                        14.795292303
                    ],
                    [
                        121.148822808,
                        14.79575389399997
                    ],
                    [
                        121.148941778,
                        14.795872863
                    ],
                    [
                        121.149417655,
                        14.796481976
                    ],
                    [
                        121.149688905,
                        14.79685553299998
                    ],
                    [
                        121.149933979,
                        14.79724336599998
                    ],
                    [
                        121.150217125,
                        14.79767640599999
                    ],
                    [
                        121.150488373,
                        14.79810468800002
                    ],
                    [
                        121.1506739610001,
                        14.79847824299998
                    ]
                ]
            }
        },
        {
            "type": "Feature",
            "properties": {
                "official_fault_name": "East Valley Fault",
                "official_fault_system": "Valley Fault System",
                "official_segment_name": "01",
                "feature_class": "Active Fault",
                "trace_type": "Certain - Downthrown Area",
                "line_type": "Hachured (W) - red",
                "mapped_year": "2014",
                "mapping_scale": "1:10,000",
                "source_object_id": 1580,
                "source_active_fault_id": "201020173201082201750",
                "source_global_id": "{BF4E9446-4316-49AC-A7C7-3E83063523AE}",
                "source_agency": "DOST-PHIVOLCS",
                "source_service": "https://gisweb.phivolcs.dost.gov.ph/arcgis/rest/services/PHIVOLCS/ActiveFault/MapServer",
                "source_vector_endpoint": "https://gisweb.phivolcs.dost.gov.ph/arcgis/services/PHIVOLCS/ActiveFault/MapServer/KmlServer",
                "minimum_distance_to_caloocan_meters": 7927.74,
                "intersects_caloocan": false
            },
            "geometry": {
                "type": "LineString",
                "coordinates": [
                    [
                        121.147619815,
                        14.70836338100003
                    ],
                    [
                        121.146344734,
                        14.70537031800001
                    ],
                    [
                        121.1456199740001,
                        14.70353819100001
                    ],
                    [
                        121.145136736,
                        14.70239730600002
                    ],
                    [
                        121.144919589,
                        14.70192057499997
                    ]
                ]
            }
        },
        {
            "type": "Feature",
            "properties": {
                "official_fault_name": "West Valley Fault",
                "official_fault_system": "Valley Fault System",
                "official_segment_name": "02",
                "feature_class": "Active Fault",
                "trace_type": "Certain",
                "line_type": "Solid - red",
                "mapped_year": "2013",
                "mapping_scale": "1:5,000",
                "source_object_id": 1593,
                "source_active_fault_id": "201020178101052401764",
                "source_global_id": "{22652C91-A7FE-4AA8-8886-FD97A9B2C592}",
                "source_agency": "DOST-PHIVOLCS",
                "source_service": "https://gisweb.phivolcs.dost.gov.ph/arcgis/rest/services/PHIVOLCS/ActiveFault/MapServer",
                "source_vector_endpoint": "https://gisweb.phivolcs.dost.gov.ph/arcgis/services/PHIVOLCS/ActiveFault/MapServer/KmlServer",
                "minimum_distance_to_caloocan_meters": 8023.45,
                "intersects_caloocan": false
            },
            "geometry": {
                "type": "LineString",
                "coordinates": [
                    [
                        121.0901233990001,
                        14.65610344999999
                    ],
                    [
                        121.0901345150001,
                        14.65626845100002
                    ],
                    [
                        121.090160375,
                        14.656451382
                    ]
                ]
            }
        },
        {
            "type": "Feature",
            "properties": {
                "official_fault_name": "West Valley Fault",
                "official_fault_system": "Valley Fault System",
                "official_segment_name": "02",
                "feature_class": "Active Fault",
                "trace_type": "Certain - Downthrown Area",
                "line_type": "Hachured (W) - red",
                "mapped_year": "2013",
                "mapping_scale": "1:50,000",
                "source_object_id": 1603,
                "source_active_fault_id": "201020178101082201775",
                "source_global_id": "{8804BB5E-4119-4FF5-8E50-5CC803ED8FEF}",
                "source_agency": "DOST-PHIVOLCS",
                "source_service": "https://gisweb.phivolcs.dost.gov.ph/arcgis/rest/services/PHIVOLCS/ActiveFault/MapServer",
                "source_vector_endpoint": "https://gisweb.phivolcs.dost.gov.ph/arcgis/services/PHIVOLCS/ActiveFault/MapServer/KmlServer",
                "minimum_distance_to_caloocan_meters": 8006.63,
                "intersects_caloocan": false
            },
            "geometry": {
                "type": "LineString",
                "coordinates": [
                    [
                        121.147900831,
                        14.83000804599999
                    ],
                    [
                        121.147879906,
                        14.828225933
                    ],
                    [
                        121.147817027,
                        14.82726149400003
                    ],
                    [
                        121.147628348,
                        14.82608739099999
                    ]
                ]
            }
        },
        {
            "type": "Feature",
            "properties": {
                "official_fault_name": "West Valley Fault",
                "official_fault_system": "Valley Fault System",
                "official_segment_name": "02",
                "feature_class": "Active Fault",
                "trace_type": "Certain - Downthrown Area",
                "line_type": "Hachured (E) - red",
                "mapped_year": "2013",
                "mapping_scale": "1:5,000",
                "source_object_id": 1607,
                "source_active_fault_id": "201020178101081701779",
                "source_global_id": "{7D2F766C-564A-4ECA-8E46-3DD5F44BF21D}",
                "source_agency": "DOST-PHIVOLCS",
                "source_service": "https://gisweb.phivolcs.dost.gov.ph/arcgis/rest/services/PHIVOLCS/ActiveFault/MapServer",
                "source_vector_endpoint": "https://gisweb.phivolcs.dost.gov.ph/arcgis/services/PHIVOLCS/ActiveFault/MapServer/KmlServer",
                "minimum_distance_to_caloocan_meters": 15289.64,
                "intersects_caloocan": false
            },
            "geometry": {
                "type": "LineString",
                "coordinates": [
                    [
                        121.0545261570001,
                        14.51216452699998
                    ],
                    [
                        121.054522038,
                        14.51208345200001
                    ],
                    [
                        121.054491926,
                        14.51196621399998
                    ],
                    [
                        121.054452311,
                        14.511829987
                    ],
                    [
                        121.05438702,
                        14.51162478999999
                    ],
                    [
                        121.054386579,
                        14.51159573899997
                    ],
                    [
                        121.054385248,
                        14.511507892
                    ],
                    [
                        121.054373313,
                        14.51125326499999
                    ],
                    [
                        121.054346551,
                        14.51111148799998
                    ],
                    [
                        121.05431383,
                        14.51087711999998
                    ],
                    [
                        121.054304874,
                        14.510663002
                    ],
                    [
                        121.054287083,
                        14.51050497099999
                    ],
                    [
                        121.054265268,
                        14.51032859499998
                    ],
                    [
                        121.05427466,
                        14.51015201400003
                    ],
                    [
                        121.054284995,
                        14.50999712700002
                    ],
                    [
                        121.054254137,
                        14.50972707800003
                    ],
                    [
                        121.054229472,
                        14.50961006
                    ],
                    [
                        121.054241723,
                        14.509288992
                    ],
                    [
                        121.054223193,
                        14.50905494800003
                    ],
                    [
                        121.054226245,
                        14.50891991899999
                    ],
                    [
                        121.054204663,
                        14.50881790300002
                    ],
                    [
                        121.054213884,
                        14.508730883
                    ],
                    [
                        121.054204601,
                        14.50852684300003
                    ],
                    [
                        121.054216886,
                        14.50836480800001
                    ],
                    [
                        121.054219945,
                        14.50826578700003
                    ],
                    [
                        121.0542722500001,
                        14.50801072399997
                    ],
                    [
                        121.054269151,
                        14.50792070699998
                    ],
                    [
                        121.054273209,
                        14.507793134
                    ],
                    [
                        121.05424565,
                        14.50765482600002
                    ],
                    [
                        121.0542453640001,
                        14.50749547200002
                    ],
                    [
                        121.054233027,
                        14.50741445800003
                    ],
                    [
                        121.0542453210001,
                        14.50729143000001
                    ],
                    [
                        121.05428225,
                        14.50714739300003
                    ],
                    [
                        121.054300711,
                        14.50706037100002
                    ],
                    [
                        121.0542975990001,
                        14.50691034099998
                    ],
                    [
                        121.054279079,
                        14.50672130700002
                    ],
                    [
                        121.054275983,
                        14.50664629200003
                    ],
                    [
                        121.054263617,
                        14.50643325099998
                    ],
                    [
                        121.0542389360001,
                        14.50624121700002
                    ],
                    [
                        121.054223476,
                        14.50595616099997
                    ],
                    [
                        121.054204973,
                        14.50584814299998
                    ],
                    [
                        121.054208011,
                        14.50565310299999
                    ],
                    [
                        121.054213131,
                        14.50545951999999
                    ]
                ]
            }
        },
        {
            "type": "Feature",
            "properties": {
                "official_fault_name": "West Valley Fault",
                "official_fault_system": "Valley Fault System",
                "official_segment_name": "02",
                "feature_class": "Active Fault",
                "trace_type": "Approximate",
                "line_type": "Dashed - red",
                "mapped_year": "2013",
                "mapping_scale": "1:50,000",
                "source_object_id": 1611,
                "source_active_fault_id": "201020178101010201783",
                "source_global_id": "{F616C0FC-5834-4AF9-AF9E-EFF0F7DD358A}",
                "source_agency": "DOST-PHIVOLCS",
                "source_service": "https://gisweb.phivolcs.dost.gov.ph/arcgis/rest/services/PHIVOLCS/ActiveFault/MapServer",
                "source_vector_endpoint": "https://gisweb.phivolcs.dost.gov.ph/arcgis/services/PHIVOLCS/ActiveFault/MapServer/KmlServer",
                "minimum_distance_to_caloocan_meters": 17042.08,
                "intersects_caloocan": false
            },
            "geometry": {
                "type": "LineString",
                "coordinates": [
                    [
                        121.1799007350001,
                        14.91114805000001
                    ],
                    [
                        121.179378054,
                        14.908544866
                    ],
                    [
                        121.178089783,
                        14.90450093999999
                    ],
                    [
                        121.178063071,
                        14.904351824
                    ]
                ]
            }
        },
        {
            "type": "Feature",
            "properties": {
                "official_fault_name": "West Valley Fault",
                "official_fault_system": "Valley Fault System",
                "official_segment_name": "02",
                "feature_class": "Active Fault",
                "trace_type": "Certain",
                "line_type": "Solid - red",
                "mapped_year": "2013",
                "mapping_scale": "1:5,000",
                "source_object_id": 1616,
                "source_active_fault_id": "201020178101052401788",
                "source_global_id": "{60D59AED-5E1A-4936-BF60-89EA7544A386}",
                "source_agency": "DOST-PHIVOLCS",
                "source_service": "https://gisweb.phivolcs.dost.gov.ph/arcgis/rest/services/PHIVOLCS/ActiveFault/MapServer",
                "source_vector_endpoint": "https://gisweb.phivolcs.dost.gov.ph/arcgis/services/PHIVOLCS/ActiveFault/MapServer/KmlServer",
                "minimum_distance_to_caloocan_meters": 8101.5,
                "intersects_caloocan": false
            },
            "geometry": {
                "type": "LineString",
                "coordinates": [
                    [
                        121.093707415,
                        14.662978533
                    ],
                    [
                        121.093755356,
                        14.66308254000001
                    ],
                    [
                        121.093836508,
                        14.663312082
                    ]
                ]
            }
        },
        {
            "type": "Feature",
            "properties": {
                "official_fault_name": "West Valley Fault",
                "official_fault_system": "Valley Fault System",
                "official_segment_name": "02",
                "feature_class": "Active Fault",
                "trace_type": "Approximate",
                "line_type": "Dashed - red",
                "mapped_year": "2013",
                "mapping_scale": "1:5,000",
                "source_object_id": 1623,
                "source_active_fault_id": "201020178101010201795",
                "source_global_id": "{66181C99-E62C-4885-8DA6-BB02A960F3C5}",
                "source_agency": "DOST-PHIVOLCS",
                "source_service": "https://gisweb.phivolcs.dost.gov.ph/arcgis/rest/services/PHIVOLCS/ActiveFault/MapServer",
                "source_vector_endpoint": "https://gisweb.phivolcs.dost.gov.ph/arcgis/services/PHIVOLCS/ActiveFault/MapServer/KmlServer",
                "minimum_distance_to_caloocan_meters": 6938.24,
                "intersects_caloocan": false
            },
            "geometry": {
                "type": "LineString",
                "coordinates": [
                    [
                        121.104032478,
                        14.68410585800001
                    ],
                    [
                        121.104195729,
                        14.68440770199999
                    ],
                    [
                        121.104317574,
                        14.68459327199997
                    ]
                ]
            }
        },
        {
            "type": "Feature",
            "properties": {
                "official_fault_name": "West Valley Fault",
                "official_fault_system": "Valley Fault System",
                "official_segment_name": "02",
                "feature_class": "Active Fault",
                "trace_type": "Certain - Downthrown Area",
                "line_type": "Hachured (E) - red",
                "mapped_year": "2013",
                "mapping_scale": "1:5,000",
                "source_object_id": 1632,
                "source_active_fault_id": "201020178101081701804",
                "source_global_id": "{71FA99F2-0188-46C6-8DDA-643E89AC2BCE}",
                "source_agency": "DOST-PHIVOLCS",
                "source_service": "https://gisweb.phivolcs.dost.gov.ph/arcgis/rest/services/PHIVOLCS/ActiveFault/MapServer",
                "source_vector_endpoint": "https://gisweb.phivolcs.dost.gov.ph/arcgis/services/PHIVOLCS/ActiveFault/MapServer/KmlServer",
                "minimum_distance_to_caloocan_meters": 11770.46,
                "intersects_caloocan": false
            },
            "geometry": {
                "type": "LineString",
                "coordinates": [
                    [
                        121.063379206,
                        14.55502447399999
                    ],
                    [
                        121.063377633,
                        14.55488959000002
                    ],
                    [
                        121.063369926,
                        14.55483563799999
                    ],
                    [
                        121.0633576080001,
                        14.55480416900002
                    ],
                    [
                        121.063316035,
                        14.55469177499998
                    ],
                    [
                        121.063251376,
                        14.55455840500002
                    ],
                    [
                        121.063162094,
                        14.55441005400002
                    ],
                    [
                        121.063048191,
                        14.55425121799999
                    ],
                    [
                        121.063037414,
                        14.55422424400001
                    ],
                    [
                        121.063000459,
                        14.55412234099998
                    ],
                    [
                        121.062994292,
                        14.55407138599998
                    ],
                    [
                        121.062971196,
                        14.55401294199999
                    ],
                    [
                        121.062948101,
                        14.55395299899999
                    ],
                    [
                        121.062908073,
                        14.553864584
                    ],
                    [
                        121.062855731,
                        14.55376118599997
                    ],
                    [
                        121.062835716,
                        14.553711733
                    ],
                    [
                        121.062798775,
                        14.55366078600002
                    ],
                    [
                        121.0627449040001,
                        14.55359335600002
                    ],
                    [
                        121.0626771779999,
                        14.55349895400002
                    ],
                    [
                        121.062615604,
                        14.55339256000002
                    ],
                    [
                        121.062575574,
                        14.55329665199997
                    ],
                    [
                        121.062480128,
                        14.55310483900001
                    ],
                    [
                        121.062472426,
                        14.55307037099999
                    ],
                    [
                        121.062416968,
                        14.55281110700003
                    ],
                    [
                        121.0624000190001,
                        14.55271669199999
                    ],
                    [
                        121.062390775,
                        14.552670234
                    ],
                    [
                        121.062375382,
                        14.55264176200001
                    ],
                    [
                        121.0623630600001,
                        14.55259530500001
                    ],
                    [
                        121.06235536,
                        14.55256832999999
                    ],
                    [
                        121.062304554,
                        14.55244694599998
                    ],
                    [
                        121.062269142,
                        14.552360029
                    ],
                    [
                        121.062264518,
                        14.55232705899999
                    ],
                    [
                        121.062267548,
                        14.55213822000002
                    ],
                    [
                        121.062265966,
                        14.55196586900001
                    ],
                    [
                        121.062256717,
                        14.55189842900001
                    ],
                    [
                        121.062232077,
                        14.55181300800001
                    ],
                    [
                        121.062208973,
                        14.551717096
                    ],
                    [
                        121.062204349,
                        14.55168562400002
                    ],
                    [
                        121.0621966480001,
                        14.55165415300002
                    ],
                    [
                        121.06218125,
                        14.551606198
                    ],
                    [
                        121.062139674,
                        14.55148031599998
                    ]
                ]
            }
        },
        {
            "type": "Feature",
            "properties": {
                "official_fault_name": "West Valley Fault",
                "official_fault_system": "Valley Fault System",
                "official_segment_name": "02",
                "feature_class": "Active Fault",
                "trace_type": "Certain",
                "line_type": "Solid - red",
                "mapped_year": "2013",
                "mapping_scale": "1:5,000",
                "source_object_id": 1637,
                "source_active_fault_id": "201020178101052401809",
                "source_global_id": "{406E7979-EA0E-4BE5-8CC8-AEE49FABF062}",
                "source_agency": "DOST-PHIVOLCS",
                "source_service": "https://gisweb.phivolcs.dost.gov.ph/arcgis/rest/services/PHIVOLCS/ActiveFault/MapServer",
                "source_vector_endpoint": "https://gisweb.phivolcs.dost.gov.ph/arcgis/services/PHIVOLCS/ActiveFault/MapServer/KmlServer",
                "minimum_distance_to_caloocan_meters": 5721.84,
                "intersects_caloocan": false
            },
            "geometry": {
                "type": "LineString",
                "coordinates": [
                    [
                        121.109856311,
                        14.70093371000002
                    ],
                    [
                        121.110010461,
                        14.701251996
                    ],
                    [
                        121.1100813320001,
                        14.70140709999998
                    ]
                ]
            }
        },
        {
            "type": "Feature",
            "properties": {
                "official_fault_name": "Unnamed Fault",
                "official_fault_system": "Unnamed Fault",
                "official_segment_name": "00",
                "feature_class": "Active Fault",
                "trace_type": "Approximate",
                "line_type": "Dashed - red",
                "mapped_year": "2014",
                "mapping_scale": "1:50,000",
                "source_object_id": 1644,
                "source_active_fault_id": "201020717501010201816",
                "source_global_id": "{92CAB3C8-87CB-4372-A9A6-4E93628019C8}",
                "source_agency": "DOST-PHIVOLCS",
                "source_service": "https://gisweb.phivolcs.dost.gov.ph/arcgis/rest/services/PHIVOLCS/ActiveFault/MapServer",
                "source_vector_endpoint": "https://gisweb.phivolcs.dost.gov.ph/arcgis/services/PHIVOLCS/ActiveFault/MapServer/KmlServer",
                "minimum_distance_to_caloocan_meters": 18785.24,
                "intersects_caloocan": false
            },
            "geometry": {
                "type": "LineString",
                "coordinates": [
                    [
                        121.243328785,
                        14.62671467500002
                    ],
                    [
                        121.239305478,
                        14.62863557899999
                    ],
                    [
                        121.2379641920001,
                        14.63009194900002
                    ],
                    [
                        121.23657084,
                        14.63232412999997
                    ],
                    [
                        121.2352203839999,
                        14.63676144599998
                    ],
                    [
                        121.23352976,
                        14.64045490799998
                    ],
                    [
                        121.230662526,
                        14.64413940700001
                    ],
                    [
                        121.22953842,
                        14.64621984799999
                    ],
                    [
                        121.228825762,
                        14.64877511999998
                    ]
                ]
            }
        },
        {
            "type": "Feature",
            "properties": {
                "official_fault_name": "West Valley Fault",
                "official_fault_system": "Valley Fault System",
                "official_segment_name": "02",
                "feature_class": "Active Fault",
                "trace_type": "Certain",
                "line_type": "Solid - red",
                "mapped_year": "2013",
                "mapping_scale": "1:5,000",
                "source_object_id": 1650,
                "source_active_fault_id": "201020178101052401822",
                "source_global_id": "{81124B99-E18A-4432-BAB9-D1C76AE0FBEC}",
                "source_agency": "DOST-PHIVOLCS",
                "source_service": "https://gisweb.phivolcs.dost.gov.ph/arcgis/rest/services/PHIVOLCS/ActiveFault/MapServer",
                "source_vector_endpoint": "https://gisweb.phivolcs.dost.gov.ph/arcgis/services/PHIVOLCS/ActiveFault/MapServer/KmlServer",
                "minimum_distance_to_caloocan_meters": 5690.7,
                "intersects_caloocan": false
            },
            "geometry": {
                "type": "LineString",
                "coordinates": [
                    [
                        121.1113004920001,
                        14.70265770899999
                    ],
                    [
                        121.111343758,
                        14.70271316899999
                    ],
                    [
                        121.111373265,
                        14.70276480899997
                    ]
                ]
            }
        },
        {
            "type": "Feature",
            "properties": {
                "official_fault_name": "West Valley Fault",
                "official_fault_system": "Valley Fault System",
                "official_segment_name": "02",
                "feature_class": "Active Fault",
                "trace_type": "Certain",
                "line_type": "Solid - red",
                "mapped_year": "2013",
                "mapping_scale": "1:5,000",
                "source_object_id": 1681,
                "source_active_fault_id": "201020178101052401853",
                "source_global_id": "{B157FC0A-7EC5-455F-8719-1A2953318B51}",
                "source_agency": "DOST-PHIVOLCS",
                "source_service": "https://gisweb.phivolcs.dost.gov.ph/arcgis/rest/services/PHIVOLCS/ActiveFault/MapServer",
                "source_vector_endpoint": "https://gisweb.phivolcs.dost.gov.ph/arcgis/services/PHIVOLCS/ActiveFault/MapServer/KmlServer",
                "minimum_distance_to_caloocan_meters": 7905.77,
                "intersects_caloocan": false
            },
            "geometry": {
                "type": "LineString",
                "coordinates": [
                    [
                        121.087023496,
                        14.652625091
                    ],
                    [
                        121.087064059,
                        14.65272192700002
                    ],
                    [
                        121.087097281,
                        14.65289050799998
                    ],
                    [
                        121.087126783,
                        14.65296582600001
                    ],
                    [
                        121.08713786,
                        14.65303038899998
                    ]
                ]
            }
        },
        {
            "type": "Feature",
            "properties": {
                "official_fault_name": "West Valley Fault",
                "official_fault_system": "Valley Fault System",
                "official_segment_name": "02",
                "feature_class": "Active Fault",
                "trace_type": "Certain - Downthrown Area",
                "line_type": "Hachured (E) - red",
                "mapped_year": "2013",
                "mapping_scale": "1:5,000",
                "source_object_id": 1683,
                "source_active_fault_id": "201020178101081701855",
                "source_global_id": "{11D9BE66-BF3D-4B51-9E86-C97D0AA96C5B}",
                "source_agency": "DOST-PHIVOLCS",
                "source_service": "https://gisweb.phivolcs.dost.gov.ph/arcgis/rest/services/PHIVOLCS/ActiveFault/MapServer",
                "source_vector_endpoint": "https://gisweb.phivolcs.dost.gov.ph/arcgis/services/PHIVOLCS/ActiveFault/MapServer/KmlServer",
                "minimum_distance_to_caloocan_meters": 9627.46,
                "intersects_caloocan": false
            },
            "geometry": {
                "type": "LineString",
                "coordinates": [
                    [
                        121.072704207,
                        14.59656469999999
                    ],
                    [
                        121.072656604,
                        14.59635060300002
                    ],
                    [
                        121.072603081,
                        14.59620594799998
                    ],
                    [
                        121.072603058,
                        14.59613072000002
                    ],
                    [
                        121.072579248,
                        14.59599184400003
                    ],
                    [
                        121.072525664,
                        14.59564465300002
                    ],
                    [
                        121.072472095,
                        14.59534375499999
                    ],
                    [
                        121.072358979,
                        14.594626226
                    ],
                    [
                        121.072311379,
                        14.594417916
                    ],
                    [
                        121.072234034,
                        14.59409387800002
                    ],
                    [
                        121.07215078,
                        14.59387979000002
                    ],
                    [
                        121.07212103,
                        14.59374670300002
                    ],
                    [
                        121.072002083,
                        14.59339952900001
                    ],
                    [
                        121.071948561,
                        14.59325487500001
                    ],
                    [
                        121.071912848,
                        14.59305234700003
                    ],
                    [
                        121.0718473970001,
                        14.59275724000003
                    ],
                    [
                        121.071805768,
                        14.59264151600002
                    ],
                    [
                        121.071734397,
                        14.59242163800002
                    ],
                    [
                        121.071674926,
                        14.59225383799998
                    ],
                    [
                        121.071550035,
                        14.59189509200002
                    ],
                    [
                        121.0715024469999,
                        14.59172150199998
                    ],
                    [
                        121.071437009,
                        14.59146690199998
                    ],
                    [
                        121.0714250889999,
                        14.59134538299998
                    ],
                    [
                        121.071294225,
                        14.59087669000002
                    ],
                    [
                        121.071282304,
                        14.59074938399999
                    ],
                    [
                        121.071109804,
                        14.59013603300002
                    ],
                    [
                        121.070990859,
                        14.58978307199999
                    ],
                    [
                        121.0708956350001,
                        14.58926228799999
                    ]
                ]
            }
        },
        {
            "type": "Feature",
            "properties": {
                "official_fault_name": "West Valley Fault",
                "official_fault_system": "Valley Fault System",
                "official_segment_name": "02",
                "feature_class": "Active Fault",
                "trace_type": "Certain - Downthrown Area",
                "line_type": "Hachured (W) - red",
                "mapped_year": "2013",
                "mapping_scale": "1:10,000",
                "source_object_id": 1687,
                "source_active_fault_id": "201020178101082201859",
                "source_global_id": "{B2C50390-8513-4260-A644-99D23B1433EB}",
                "source_agency": "DOST-PHIVOLCS",
                "source_service": "https://gisweb.phivolcs.dost.gov.ph/arcgis/rest/services/PHIVOLCS/ActiveFault/MapServer",
                "source_vector_endpoint": "https://gisweb.phivolcs.dost.gov.ph/arcgis/services/PHIVOLCS/ActiveFault/MapServer/KmlServer",
                "minimum_distance_to_caloocan_meters": 5859.51,
                "intersects_caloocan": false
            },
            "geometry": {
                "type": "LineString",
                "coordinates": [
                    [
                        121.149460494,
                        14.798483256
                    ],
                    [
                        121.1490799969999,
                        14.79810276500001
                    ],
                    [
                        121.148940222,
                        14.79794746300001
                    ],
                    [
                        121.14884704,
                        14.79782710400002
                    ],
                    [
                        121.148544198,
                        14.79742720299998
                    ],
                    [
                        121.148311243,
                        14.79707777499999
                    ],
                    [
                        121.148054991,
                        14.79677105399998
                    ],
                    [
                        121.147688763,
                        14.796283109
                    ],
                    [
                        121.147527886,
                        14.79610395499998
                    ],
                    [
                        121.147450264,
                        14.79602865700002
                    ]
                ]
            }
        },
        {
            "type": "Feature",
            "properties": {
                "official_fault_name": "West Valley Fault",
                "official_fault_system": "Valley Fault System",
                "official_segment_name": "02",
                "feature_class": "Active Fault",
                "trace_type": "Certain - Downthrown Area",
                "line_type": "Hachured (E) - red",
                "mapped_year": "2013",
                "mapping_scale": "1:5,000",
                "source_object_id": 1715,
                "source_active_fault_id": "201020178101081701887",
                "source_global_id": "{A6622AFC-F745-4984-A1E6-733E4737086C}",
                "source_agency": "DOST-PHIVOLCS",
                "source_service": "https://gisweb.phivolcs.dost.gov.ph/arcgis/rest/services/PHIVOLCS/ActiveFault/MapServer",
                "source_vector_endpoint": "https://gisweb.phivolcs.dost.gov.ph/arcgis/services/PHIVOLCS/ActiveFault/MapServer/KmlServer",
                "minimum_distance_to_caloocan_meters": 9859.37,
                "intersects_caloocan": false
            },
            "geometry": {
                "type": "LineString",
                "coordinates": [
                    [
                        121.0708956350001,
                        14.58926228799999
                    ],
                    [
                        121.0708777800001,
                        14.58916391700001
                    ],
                    [
                        121.070853983,
                        14.589065549
                    ],
                    [
                        121.070687436,
                        14.588481129
                    ],
                    [
                        121.070538702,
                        14.58785041099998
                    ],
                    [
                        121.070455449,
                        14.58762474899999
                    ],
                    [
                        121.070318684,
                        14.58728336600001
                    ],
                    [
                        121.070271116,
                        14.58717343000001
                    ],
                    [
                        121.070140295,
                        14.58683783200002
                    ],
                    [
                        121.070104557,
                        14.58653692899998
                    ],
                    [
                        121.070039029,
                        14.585958269
                    ],
                    [
                        121.0700151900001,
                        14.58570944399997
                    ],
                    [
                        121.06992005,
                        14.58547221100002
                    ],
                    [
                        121.069812992,
                        14.58511346
                    ],
                    [
                        121.069765414,
                        14.58496301600002
                    ],
                    [
                        121.06966428,
                        14.584540608
                    ]
                ]
            }
        },
        {
            "type": "Feature",
            "properties": {
                "official_fault_name": "West Valley Fault",
                "official_fault_system": "Valley Fault System",
                "official_segment_name": "02",
                "feature_class": "Active Fault",
                "trace_type": "Certain - Downthrown Area",
                "line_type": "Hachured (W) - red",
                "mapped_year": "2013",
                "mapping_scale": "1:5,000",
                "source_object_id": 1724,
                "source_active_fault_id": "201020178101082201896",
                "source_global_id": "{A26D483E-E892-4016-9A89-9BB4788099A0}",
                "source_agency": "DOST-PHIVOLCS",
                "source_service": "https://gisweb.phivolcs.dost.gov.ph/arcgis/rest/services/PHIVOLCS/ActiveFault/MapServer",
                "source_vector_endpoint": "https://gisweb.phivolcs.dost.gov.ph/arcgis/services/PHIVOLCS/ActiveFault/MapServer/KmlServer",
                "minimum_distance_to_caloocan_meters": 7930.29,
                "intersects_caloocan": false
            },
            "geometry": {
                "type": "LineString",
                "coordinates": [
                    [
                        121.086684228,
                        14.65179300900002
                    ],
                    [
                        121.086636292,
                        14.651685413
                    ],
                    [
                        121.086603058,
                        14.65148096199999
                    ],
                    [
                        121.086566177,
                        14.65137694999999
                    ],
                    [
                        121.0865292790001,
                        14.65122989299999
                    ],
                    [
                        121.086470273,
                        14.65107566900002
                    ],
                    [
                        121.086440754,
                        14.65095371899997
                    ]
                ]
            }
        },
        {
            "type": "Feature",
            "properties": {
                "official_fault_name": "West Valley Fault",
                "official_fault_system": "Valley Fault System",
                "official_segment_name": "02",
                "feature_class": "Active Fault",
                "trace_type": "Certain - Downthrown Area",
                "line_type": "Hachured (E) - red",
                "mapped_year": "2013",
                "mapping_scale": "1:10,000",
                "source_object_id": 1737,
                "source_active_fault_id": "201020178101081701909",
                "source_global_id": "{76941A3D-2557-4D8A-986D-56C87CF25984}",
                "source_agency": "DOST-PHIVOLCS",
                "source_service": "https://gisweb.phivolcs.dost.gov.ph/arcgis/rest/services/PHIVOLCS/ActiveFault/MapServer",
                "source_vector_endpoint": "https://gisweb.phivolcs.dost.gov.ph/arcgis/services/PHIVOLCS/ActiveFault/MapServer/KmlServer",
                "minimum_distance_to_caloocan_meters": 4191.3,
                "intersects_caloocan": false
            },
            "geometry": {
                "type": "LineString",
                "coordinates": [
                    [
                        121.126537945,
                        14.73520507000001
                    ],
                    [
                        121.12635792,
                        14.73468751299998
                    ]
                ]
            }
        },
        {
            "type": "Feature",
            "properties": {
                "official_fault_name": "West Valley Fault",
                "official_fault_system": "Valley Fault System",
                "official_segment_name": "02",
                "feature_class": "Active Fault",
                "trace_type": "Approximate",
                "line_type": "Dashed - red",
                "mapped_year": "2013",
                "mapping_scale": "1:5,000",
                "source_object_id": 1751,
                "source_active_fault_id": "201020178101010201924",
                "source_global_id": "{55EC8273-C243-4DCF-8405-54B3B26E2368}",
                "source_agency": "DOST-PHIVOLCS",
                "source_service": "https://gisweb.phivolcs.dost.gov.ph/arcgis/rest/services/PHIVOLCS/ActiveFault/MapServer",
                "source_vector_endpoint": "https://gisweb.phivolcs.dost.gov.ph/arcgis/services/PHIVOLCS/ActiveFault/MapServer/KmlServer",
                "minimum_distance_to_caloocan_meters": 5918.37,
                "intersects_caloocan": false
            },
            "geometry": {
                "type": "LineString",
                "coordinates": [
                    [
                        121.108487823,
                        14.69300490500001
                    ],
                    [
                        121.108553384,
                        14.69318099200001
                    ],
                    [
                        121.1085948,
                        14.69331180299997
                    ],
                    [
                        121.108610364,
                        14.69343256100001
                    ],
                    [
                        121.108629455,
                        14.69372607899999
                    ],
                    [
                        121.108610563,
                        14.69386194800001
                    ],
                    [
                        121.108581306,
                        14.69393911700001
                    ],
                    [
                        121.108572727,
                        14.69401795300001
                    ],
                    [
                        121.1085814000001,
                        14.69414206900001
                    ],
                    [
                        121.108567685,
                        14.69429303200002
                    ],
                    [
                        121.108553981,
                        14.69446915399999
                    ],
                    [
                        121.10855057,
                        14.69454463300002
                    ],
                    [
                        121.108585122,
                        14.69473583000001
                    ],
                    [
                        121.10858859,
                        14.69478279200001
                    ],
                    [
                        121.108607572,
                        14.69484316699999
                    ],
                    [
                        121.108616232,
                        14.69493709099999
                    ],
                    [
                        121.108649042,
                        14.69508803299999
                    ],
                    [
                        121.108681887,
                        14.69531445400003
                    ],
                    [
                        121.108704377,
                        14.69550733199998
                    ],
                    [
                        121.108735466,
                        14.69566163000002
                    ],
                    [
                        121.108783829,
                        14.69590817099999
                    ],
                    [
                        121.10881665,
                        14.69608259500001
                    ],
                    [
                        121.108868497,
                        14.69640964400003
                    ],
                    [
                        121.108913445,
                        14.69672327799998
                    ],
                    [
                        121.108930818,
                        14.69702686099998
                    ],
                    [
                        121.108925736,
                        14.69721471999998
                    ],
                    [
                        121.10894821,
                        14.69737237499999
                    ],
                    [
                        121.108986201,
                        14.69754679699997
                    ],
                    [
                        121.109031065,
                        14.697679284
                    ],
                    [
                        121.109093184,
                        14.69786040399998
                    ],
                    [
                        121.109153552,
                        14.697982819
                    ],
                    [
                        121.109222545,
                        14.69812535900002
                    ],
                    [
                        121.109250141,
                        14.69817902
                    ],
                    [
                        121.109267414,
                        14.69826623199998
                    ],
                    [
                        121.10926186,
                        14.69851271599998
                    ]
                ]
            }
        },
        {
            "type": "Feature",
            "properties": {
                "official_fault_name": "West Valley Fault",
                "official_fault_system": "Valley Fault System",
                "official_segment_name": "02",
                "feature_class": "Active Fault",
                "trace_type": "Approximate",
                "line_type": "Dashed - red",
                "mapped_year": "2013",
                "mapping_scale": "1:5,000",
                "source_object_id": 1756,
                "source_active_fault_id": "201020178101010201929",
                "source_global_id": "{75529ACF-7553-40CF-826D-DF782D3CAAE4}",
                "source_agency": "DOST-PHIVOLCS",
                "source_service": "https://gisweb.phivolcs.dost.gov.ph/arcgis/rest/services/PHIVOLCS/ActiveFault/MapServer",
                "source_vector_endpoint": "https://gisweb.phivolcs.dost.gov.ph/arcgis/services/PHIVOLCS/ActiveFault/MapServer/KmlServer",
                "minimum_distance_to_caloocan_meters": 11678.17,
                "intersects_caloocan": false
            },
            "geometry": {
                "type": "LineString",
                "coordinates": [
                    [
                        121.063448497,
                        14.55521779200001
                    ],
                    [
                        121.063468521,
                        14.555294221
                    ],
                    [
                        121.063483919,
                        14.55534517400002
                    ],
                    [
                        121.063525485,
                        14.55542909100001
                    ],
                    [
                        121.063556274,
                        14.555486035
                    ],
                    [
                        121.06356705,
                        14.55550401699998
                    ],
                    [
                        121.063616302,
                        14.55555795800001
                    ],
                    [
                        121.063654777,
                        14.555586425
                    ],
                    [
                        121.063730189,
                        14.555649351
                    ],
                    [
                        121.063810214,
                        14.555697291
                    ],
                    [
                        121.063847151,
                        14.55573175199999
                    ],
                    [
                        121.063901019,
                        14.55578419400001
                    ],
                    [
                        121.063944117,
                        14.55584113600003
                    ],
                    [
                        121.0639949180001,
                        14.55593254399997
                    ],
                    [
                        121.064096508,
                        14.55606890199999
                    ],
                    [
                        121.064182704,
                        14.55618278200001
                    ],
                    [
                        121.064264286,
                        14.55630415799999
                    ],
                    [
                        121.064315084,
                        14.55638357800001
                    ],
                    [
                        121.064352031,
                        14.556454008
                    ],
                    [
                        121.0644043680001,
                        14.55653642499999
                    ],
                    [
                        121.064481334,
                        14.55665630300001
                    ],
                    [
                        121.06458293,
                        14.55681364200001
                    ],
                    [
                        121.064652195,
                        14.55690204899997
                    ],
                    [
                        121.06474609,
                        14.557033913
                    ],
                    [
                        121.064858458,
                        14.55719274799998
                    ],
                    [
                        121.06495851,
                        14.55733210300002
                    ],
                    [
                        121.065003151,
                        14.55740253200003
                    ],
                    [
                        121.065030857,
                        14.55744149100002
                    ],
                    [
                        121.065055485,
                        14.55746996099998
                    ],
                    [
                        121.065183227,
                        14.55758083299998
                    ],
                    [
                        121.06520939,
                        14.55760180800002
                    ],
                    [
                        121.065249407,
                        14.55764526199999
                    ],
                    [
                        121.065300206,
                        14.55772617999998
                    ]
                ]
            }
        },
        {
            "type": "Feature",
            "properties": {
                "official_fault_name": "West Valley Fault",
                "official_fault_system": "Valley Fault System",
                "official_segment_name": "02",
                "feature_class": "Active Fault",
                "trace_type": "Approximate",
                "line_type": "Dashed - red",
                "mapped_year": "2013",
                "mapping_scale": "1:5,000",
                "source_object_id": 1818,
                "source_active_fault_id": "201020178101010201991",
                "source_global_id": "{CACA1804-1CD1-44EF-88EE-1AE1C211CCD0}",
                "source_agency": "DOST-PHIVOLCS",
                "source_service": "https://gisweb.phivolcs.dost.gov.ph/arcgis/rest/services/PHIVOLCS/ActiveFault/MapServer",
                "source_vector_endpoint": "https://gisweb.phivolcs.dost.gov.ph/arcgis/services/PHIVOLCS/ActiveFault/MapServer/KmlServer",
                "minimum_distance_to_caloocan_meters": 10510.58,
                "intersects_caloocan": false
            },
            "geometry": {
                "type": "LineString",
                "coordinates": [
                    [
                        121.06885343,
                        14.574766942
                    ],
                    [
                        121.068770394,
                        14.57529356200001
                    ],
                    [
                        121.068770488,
                        14.57562919499998
                    ],
                    [
                        121.068740857,
                        14.57590696900002
                    ],
                    [
                        121.068687479,
                        14.57625419099998
                    ]
                ]
            }
        },
        {
            "type": "Feature",
            "properties": {
                "official_fault_name": "West Valley Fault",
                "official_fault_system": "Valley Fault System",
                "official_segment_name": "02",
                "feature_class": "Active Fault",
                "trace_type": "Certain - Downthrown Area",
                "line_type": "Hachured (W) - red",
                "mapped_year": "2013",
                "mapping_scale": "1:50,000",
                "source_object_id": 1843,
                "source_active_fault_id": "201020178101082202018",
                "source_global_id": "{64ED7087-9A87-4EAF-B1BF-065E3E13961E}",
                "source_agency": "DOST-PHIVOLCS",
                "source_service": "https://gisweb.phivolcs.dost.gov.ph/arcgis/rest/services/PHIVOLCS/ActiveFault/MapServer",
                "source_vector_endpoint": "https://gisweb.phivolcs.dost.gov.ph/arcgis/services/PHIVOLCS/ActiveFault/MapServer/KmlServer",
                "minimum_distance_to_caloocan_meters": 6180.18,
                "intersects_caloocan": false
            },
            "geometry": {
                "type": "LineString",
                "coordinates": [
                    [
                        121.151264201,
                        14.80125951999997
                    ],
                    [
                        121.150834521,
                        14.80039201599999
                    ],
                    [
                        121.15038043,
                        14.79959424800001
                    ],
                    [
                        121.149460494,
                        14.798483256
                    ]
                ]
            }
        },
        {
            "type": "Feature",
            "properties": {
                "official_fault_name": "West Valley Fault",
                "official_fault_system": "Valley Fault System",
                "official_segment_name": "02",
                "feature_class": "Active Fault",
                "trace_type": "Approximate",
                "line_type": "Dashed - red",
                "mapped_year": "2013",
                "mapping_scale": "1:50,000",
                "source_object_id": 1853,
                "source_active_fault_id": "201020178101010202028",
                "source_global_id": "{927E7A75-CFCC-4834-B9DA-A03343629110}",
                "source_agency": "DOST-PHIVOLCS",
                "source_service": "https://gisweb.phivolcs.dost.gov.ph/arcgis/rest/services/PHIVOLCS/ActiveFault/MapServer",
                "source_vector_endpoint": "https://gisweb.phivolcs.dost.gov.ph/arcgis/services/PHIVOLCS/ActiveFault/MapServer/KmlServer",
                "minimum_distance_to_caloocan_meters": 7371.93,
                "intersects_caloocan": false
            },
            "geometry": {
                "type": "LineString",
                "coordinates": [
                    [
                        121.153892577,
                        14.81720780000001
                    ],
                    [
                        121.1538039020001,
                        14.81688000899999
                    ],
                    [
                        121.153738531,
                        14.81651409599999
                    ],
                    [
                        121.153590699,
                        14.81447716700001
                    ],
                    [
                        121.153521653,
                        14.813462582
                    ],
                    [
                        121.153456487,
                        14.81197367499999
                    ]
                ]
            }
        },
        {
            "type": "Feature",
            "properties": {
                "official_fault_name": "West Valley Fault",
                "official_fault_system": "Valley Fault System",
                "official_segment_name": "02",
                "feature_class": "Active Fault",
                "trace_type": "Approximate",
                "line_type": "Dashed - red",
                "mapped_year": "2013",
                "mapping_scale": "1:5,000",
                "source_object_id": 1854,
                "source_active_fault_id": "201020178101010202029",
                "source_global_id": "{46AD819B-40C6-4F79-8530-03D45462112F}",
                "source_agency": "DOST-PHIVOLCS",
                "source_service": "https://gisweb.phivolcs.dost.gov.ph/arcgis/rest/services/PHIVOLCS/ActiveFault/MapServer",
                "source_vector_endpoint": "https://gisweb.phivolcs.dost.gov.ph/arcgis/services/PHIVOLCS/ActiveFault/MapServer/KmlServer",
                "minimum_distance_to_caloocan_meters": 17753.85,
                "intersects_caloocan": false
            },
            "geometry": {
                "type": "LineString",
                "coordinates": [
                    [
                        121.052420051,
                        14.48717100099998
                    ],
                    [
                        121.052443881,
                        14.48681700600002
                    ],
                    [
                        121.0524007609999,
                        14.48635123899999
                    ],
                    [
                        121.0523432380001,
                        14.48558272100001
                    ],
                    [
                        121.05231924,
                        14.48511695000002
                    ],
                    [
                        121.052280892,
                        14.48460460400003
                    ],
                    [
                        121.052247378,
                        14.48435774900003
                    ],
                    [
                        121.052252071,
                        14.48392923400002
                    ],
                    [
                        121.052228113,
                        14.48365908900001
                    ]
                ]
            }
        },
        {
            "type": "Feature",
            "properties": {
                "official_fault_name": "West Valley Fault",
                "official_fault_system": "Valley Fault System",
                "official_segment_name": "02",
                "feature_class": "Active Fault",
                "trace_type": "Approximate",
                "line_type": "Dashed - red",
                "mapped_year": "2013",
                "mapping_scale": "1:5,000",
                "source_object_id": 1885,
                "source_active_fault_id": "201020178101010202060",
                "source_global_id": "{95294322-2687-485A-AB56-1A3376FBC91B}",
                "source_agency": "DOST-PHIVOLCS",
                "source_service": "https://gisweb.phivolcs.dost.gov.ph/arcgis/rest/services/PHIVOLCS/ActiveFault/MapServer",
                "source_vector_endpoint": "https://gisweb.phivolcs.dost.gov.ph/arcgis/services/PHIVOLCS/ActiveFault/MapServer/KmlServer",
                "minimum_distance_to_caloocan_meters": 13385.91,
                "intersects_caloocan": false
            },
            "geometry": {
                "type": "LineString",
                "coordinates": [
                    [
                        121.056584764,
                        14.53127805999998
                    ],
                    [
                        121.056718869,
                        14.53163915900001
                    ],
                    [
                        121.0568154280001,
                        14.53188797600001
                    ],
                    [
                        121.056875083,
                        14.53211468199999
                    ],
                    [
                        121.056917688,
                        14.53224462200001
                    ],
                    [
                        121.057008576,
                        14.53251832299998
                    ],
                    [
                        121.057076732,
                        14.53267867099999
                    ],
                    [
                        121.057181816,
                        14.53296895900002
                    ]
                ]
            }
        },
        {
            "type": "Feature",
            "properties": {
                "official_fault_name": "West Valley Fault",
                "official_fault_system": "Valley Fault System",
                "official_segment_name": "02",
                "feature_class": "Active Fault",
                "trace_type": "Certain - Downthrown Area",
                "line_type": "Hachured (E) - red",
                "mapped_year": "2013",
                "mapping_scale": "1:5,000",
                "source_object_id": 1895,
                "source_active_fault_id": "201020178101081702071",
                "source_global_id": "{94737249-66B1-4F86-A996-E2FD734CB641}",
                "source_agency": "DOST-PHIVOLCS",
                "source_service": "https://gisweb.phivolcs.dost.gov.ph/arcgis/rest/services/PHIVOLCS/ActiveFault/MapServer",
                "source_vector_endpoint": "https://gisweb.phivolcs.dost.gov.ph/arcgis/services/PHIVOLCS/ActiveFault/MapServer/KmlServer",
                "minimum_distance_to_caloocan_meters": 10083.76,
                "intersects_caloocan": false
            },
            "geometry": {
                "type": "LineString",
                "coordinates": [
                    [
                        121.06991968,
                        14.58417597200003
                    ],
                    [
                        121.069895856,
                        14.58397922699999
                    ],
                    [
                        121.069824475,
                        14.58370726800001
                    ],
                    [
                        121.069711412,
                        14.583122833
                    ],
                    [
                        121.069645997,
                        14.58293188699997
                    ],
                    [
                        121.069640025,
                        14.58282772600001
                    ],
                    [
                        121.069586438,
                        14.58244002599997
                    ],
                    [
                        121.069520963,
                        14.58204075499998
                    ],
                    [
                        121.069431747,
                        14.58172829300003
                    ],
                    [
                        121.069396028,
                        14.58149104400002
                    ],
                    [
                        121.069348411,
                        14.58120171799999
                    ],
                    [
                        121.069312703,
                        14.58099919
                    ],
                    [
                        121.069229391,
                        14.58055363
                    ],
                    [
                        121.0691163620001,
                        14.58007914299998
                    ],
                    [
                        121.06896764,
                        14.57945420999999
                    ],
                    [
                        121.068848646,
                        14.57889292300001
                    ],
                    [
                        121.068795133,
                        14.57875984100002
                    ],
                    [
                        121.068759453,
                        14.57865568900002
                    ],
                    [
                        121.068682148,
                        14.57843581100002
                    ],
                    [
                        121.06859888,
                        14.57814070699999
                    ],
                    [
                        121.068545322,
                        14.57784559499999
                    ]
                ]
            }
        },
        {
            "type": "Feature",
            "properties": {
                "official_fault_name": "West Valley Fault",
                "official_fault_system": "Valley Fault System",
                "official_segment_name": "02",
                "feature_class": "Active Fault",
                "trace_type": "Approximate",
                "line_type": "Dashed - red",
                "mapped_year": "2013",
                "mapping_scale": "1:10,000",
                "source_object_id": 1944,
                "source_active_fault_id": "201020178101010202120",
                "source_global_id": "{09229297-DEA3-4FB0-BF15-50B9CDA18E4E}",
                "source_agency": "DOST-PHIVOLCS",
                "source_service": "https://gisweb.phivolcs.dost.gov.ph/arcgis/rest/services/PHIVOLCS/ActiveFault/MapServer",
                "source_vector_endpoint": "https://gisweb.phivolcs.dost.gov.ph/arcgis/services/PHIVOLCS/ActiveFault/MapServer/KmlServer",
                "minimum_distance_to_caloocan_meters": 5264.89,
                "intersects_caloocan": false
            },
            "geometry": {
                "type": "LineString",
                "coordinates": [
                    [
                        121.144015998,
                        14.790663247
                    ],
                    [
                        121.144575158,
                        14.79118670700001
                    ],
                    [
                        121.1446536780001,
                        14.791291398
                    ],
                    [
                        121.145055799,
                        14.79160547599997
                    ],
                    [
                        121.1451819070001,
                        14.79173158200001
                    ],
                    [
                        121.145300873,
                        14.79200520500001
                    ],
                    [
                        121.145562608,
                        14.79223600400002
                    ],
                    [
                        121.145881443,
                        14.79276659700003
                    ],
                    [
                        121.145962341,
                        14.79293077099999
                    ],
                    [
                        121.146171728,
                        14.79315918899999
                    ],
                    [
                        121.146464388,
                        14.79370405700001
                    ],
                    [
                        121.14669756,
                        14.79431078599998
                    ],
                    [
                        121.146835561,
                        14.79465103000001
                    ],
                    [
                        121.147094907,
                        14.79528631099998
                    ],
                    [
                        121.147304289,
                        14.79571459099998
                    ],
                    [
                        121.147450264,
                        14.79602865700002
                    ]
                ]
            }
        },
        {
            "type": "Feature",
            "properties": {
                "official_fault_name": "West Valley Fault",
                "official_fault_system": "Valley Fault System",
                "official_segment_name": "02",
                "feature_class": "Active Fault",
                "trace_type": "Approximate",
                "line_type": "Dashed - red",
                "mapped_year": "2013",
                "mapping_scale": "1:5,000",
                "source_object_id": 1970,
                "source_active_fault_id": "201020178101010202147",
                "source_global_id": "{4D8440CE-3329-45B7-98E3-986AA2644B8B}",
                "source_agency": "DOST-PHIVOLCS",
                "source_service": "https://gisweb.phivolcs.dost.gov.ph/arcgis/rest/services/PHIVOLCS/ActiveFault/MapServer",
                "source_vector_endpoint": "https://gisweb.phivolcs.dost.gov.ph/arcgis/services/PHIVOLCS/ActiveFault/MapServer/KmlServer",
                "minimum_distance_to_caloocan_meters": 19119.96,
                "intersects_caloocan": false
            },
            "geometry": {
                "type": "LineString",
                "coordinates": [
                    [
                        121.050715489,
                        14.47350080299998
                    ],
                    [
                        121.0506968030001,
                        14.47322483300002
                    ],
                    [
                        121.050682041,
                        14.47303830499999
                    ],
                    [
                        121.050678267,
                        14.47256839300002
                    ],
                    [
                        121.050678214,
                        14.47229935899998
                    ],
                    [
                        121.050659748,
                        14.47200163100001
                    ],
                    [
                        121.050638626,
                        14.47157250399999
                    ],
                    [
                        121.05063373,
                        14.47098562700001
                    ],
                    [
                        121.050657584,
                        14.470748077
                    ],
                    [
                        121.0506575440001,
                        14.47054313500001
                    ],
                    [
                        121.050705265,
                        14.47013790099999
                    ],
                    [
                        121.050752997,
                        14.46978390200002
                    ],
                    [
                        121.050795462,
                        14.46947985899999
                    ],
                    [
                        121.050784364,
                        14.46920723900001
                    ],
                    [
                        121.05071434,
                        14.46880908200001
                    ],
                    [
                        121.050670107,
                        14.46852211999999
                    ],
                    [
                        121.050647501,
                        14.46809315399997
                    ],
                    [
                        121.050590069,
                        14.46773451600001
                    ],
                    [
                        121.050581545,
                        14.46745676099999
                    ],
                    [
                        121.050603583,
                        14.46720207099997
                    ],
                    [
                        121.050609027,
                        14.46690543099999
                    ],
                    [
                        121.050580262,
                        14.46647692200003
                    ],
                    [
                        121.050559198,
                        14.46613670400001
                    ],
                    [
                        121.050441304,
                        14.465666812
                    ],
                    [
                        121.050404376,
                        14.465082118
                    ],
                    [
                        121.0504116770001,
                        14.46476645000001
                    ],
                    [
                        121.050374836,
                        14.46462297099998
                    ],
                    [
                        121.050371092,
                        14.464303718
                    ],
                    [
                        121.050359975,
                        14.46393065900003
                    ],
                    [
                        121.050378346,
                        14.46374771199999
                    ],
                    [
                        121.050396689,
                        14.463424868
                    ],
                    [
                        121.0504003040001,
                        14.46308409
                    ],
                    [
                        121.050433384,
                        14.46282222399998
                    ],
                    [
                        121.050433357,
                        14.46268591299997
                    ],
                    [
                        121.050428833,
                        14.46267744599999
                    ]
                ]
            }
        },
        {
            "type": "Feature",
            "properties": {
                "official_fault_name": "East Valley Fault",
                "official_fault_system": "Valley Fault System",
                "official_segment_name": "01",
                "feature_class": "Active Fault",
                "trace_type": "Approximate",
                "line_type": "Dashed - red",
                "mapped_year": "2014",
                "mapping_scale": "1:10,000",
                "source_object_id": 1975,
                "source_active_fault_id": "201020173201010202153",
                "source_global_id": "{D03ADD04-848F-4571-B0D0-079637E1E8FE}",
                "source_agency": "DOST-PHIVOLCS",
                "source_service": "https://gisweb.phivolcs.dost.gov.ph/arcgis/rest/services/PHIVOLCS/ActiveFault/MapServer",
                "source_vector_endpoint": "https://gisweb.phivolcs.dost.gov.ph/arcgis/services/PHIVOLCS/ActiveFault/MapServer/KmlServer",
                "minimum_distance_to_caloocan_meters": 8805.24,
                "intersects_caloocan": false
            },
            "geometry": {
                "type": "LineString",
                "coordinates": [
                    [
                        121.142622322,
                        14.69401970899997
                    ],
                    [
                        121.142253301,
                        14.693452036
                    ]
                ]
            }
        },
        {
            "type": "Feature",
            "properties": {
                "official_fault_name": "West Valley Fault",
                "official_fault_system": "Valley Fault System",
                "official_segment_name": "02",
                "feature_class": "Active Fault",
                "trace_type": "Approximate",
                "line_type": "Dashed - red",
                "mapped_year": "2013",
                "mapping_scale": "1:5,000",
                "source_object_id": 2009,
                "source_active_fault_id": "201020178101010202189",
                "source_global_id": "{13E12C56-AAAE-4427-A4EC-E34B3B1E10B7}",
                "source_agency": "DOST-PHIVOLCS",
                "source_service": "https://gisweb.phivolcs.dost.gov.ph/arcgis/rest/services/PHIVOLCS/ActiveFault/MapServer",
                "source_vector_endpoint": "https://gisweb.phivolcs.dost.gov.ph/arcgis/services/PHIVOLCS/ActiveFault/MapServer/KmlServer",
                "minimum_distance_to_caloocan_meters": 5090.28,
                "intersects_caloocan": false
            },
            "geometry": {
                "type": "LineString",
                "coordinates": [
                    [
                        121.120399433,
                        14.72078733900003
                    ],
                    [
                        121.120531624,
                        14.72102939899997
                    ]
                ]
            }
        },
        {
            "type": "Feature",
            "properties": {
                "official_fault_name": "West Valley Fault",
                "official_fault_system": "Valley Fault System",
                "official_segment_name": "02",
                "feature_class": "Active Fault",
                "trace_type": "Approximate",
                "line_type": "Dashed - red",
                "mapped_year": "2013",
                "mapping_scale": "1:5,000",
                "source_object_id": 2021,
                "source_active_fault_id": "201020178101010202201",
                "source_global_id": "{130F7429-6A1D-4409-944E-461EBC385752}",
                "source_agency": "DOST-PHIVOLCS",
                "source_service": "https://gisweb.phivolcs.dost.gov.ph/arcgis/rest/services/PHIVOLCS/ActiveFault/MapServer",
                "source_vector_endpoint": "https://gisweb.phivolcs.dost.gov.ph/arcgis/services/PHIVOLCS/ActiveFault/MapServer/KmlServer",
                "minimum_distance_to_caloocan_meters": 15951.39,
                "intersects_caloocan": false
            },
            "geometry": {
                "type": "LineString",
                "coordinates": [
                    [
                        121.054219905,
                        14.50365769199999
                    ],
                    [
                        121.054207624,
                        14.50383773099998
                    ],
                    [
                        121.054195321,
                        14.50391574999998
                    ],
                    [
                        121.0542046000001,
                        14.504098785
                    ],
                    [
                        121.054223151,
                        14.50443485
                    ],
                    [
                        121.054223168,
                        14.50451586700001
                    ],
                    [
                        121.054217063,
                        14.50477092
                    ],
                    [
                        121.054214064,
                        14.50514899799998
                    ],
                    [
                        121.054214122,
                        14.50542205400001
                    ],
                    [
                        121.054213131,
                        14.50545951999999
                    ]
                ]
            }
        },
        {
            "type": "Feature",
            "properties": {
                "official_fault_name": "West Valley Fault",
                "official_fault_system": "Valley Fault System",
                "official_segment_name": "02",
                "feature_class": "Active Fault",
                "trace_type": "Approximate",
                "line_type": "Dashed - red",
                "mapped_year": "2013",
                "mapping_scale": "1:5,000",
                "source_object_id": 2038,
                "source_active_fault_id": "201020178101010202218",
                "source_global_id": "{F2604E18-B20B-4706-B4BD-A0ACADC055F8}",
                "source_agency": "DOST-PHIVOLCS",
                "source_service": "https://gisweb.phivolcs.dost.gov.ph/arcgis/rest/services/PHIVOLCS/ActiveFault/MapServer",
                "source_vector_endpoint": "https://gisweb.phivolcs.dost.gov.ph/arcgis/services/PHIVOLCS/ActiveFault/MapServer/KmlServer",
                "minimum_distance_to_caloocan_meters": 6506.94,
                "intersects_caloocan": false
            },
            "geometry": {
                "type": "LineString",
                "coordinates": [
                    [
                        121.0988328670001,
                        14.67687844199998
                    ],
                    [
                        121.098886433,
                        14.67705893499999
                    ],
                    [
                        121.098936407,
                        14.67717694300001
                    ],
                    [
                        121.099032754,
                        14.67732964800001
                    ],
                    [
                        121.099137998,
                        14.67743895500001
                    ],
                    [
                        121.099264633,
                        14.677536105
                    ],
                    [
                        121.0993288460001,
                        14.67759335800002
                    ],
                    [
                        121.099368096,
                        14.677648885
                    ],
                    [
                        121.099443015,
                        14.67772522600001
                    ],
                    [
                        121.099530441,
                        14.67786231299999
                    ],
                    [
                        121.0996000180001,
                        14.67795601300003
                    ],
                    [
                        121.099655332,
                        14.67804971999999
                    ],
                    [
                        121.099755224,
                        14.678152087
                    ],
                    [
                        121.0998372840001,
                        14.67824751799998
                    ],
                    [
                        121.099919333,
                        14.67831864900001
                    ],
                    [
                        121.10002458,
                        14.67843142800001
                    ],
                    [
                        121.10014053,
                        14.67855635299998
                    ],
                    [
                        121.100333185,
                        14.67876282499998
                    ],
                    [
                        121.100413452,
                        14.67883569200001
                    ],
                    [
                        121.100536528,
                        14.67894672800003
                    ],
                    [
                        121.100615015,
                        14.679024803
                    ],
                    [
                        121.100732762,
                        14.67918097
                    ],
                    [
                        121.100798784,
                        14.67929723600003
                    ],
                    [
                        121.10087193,
                        14.67939440599997
                    ],
                    [
                        121.100975394,
                        14.67950718499998
                    ],
                    [
                        121.101075292,
                        14.67961823000002
                    ],
                    [
                        121.101153791,
                        14.67972407600001
                    ],
                    [
                        121.101221578,
                        14.67979694899998
                    ],
                    [
                        121.101357185,
                        14.68002080000002
                    ],
                    [
                        121.101455308,
                        14.68014920299999
                    ],
                    [
                        121.101524905,
                        14.68028456000002
                    ],
                    [
                        121.101583807,
                        14.68042860000003
                    ],
                    [
                        121.101635566,
                        14.680546607
                    ],
                    [
                        121.101667708,
                        14.68065420800002
                    ],
                    [
                        121.101678452,
                        14.68076181800001
                    ],
                    [
                        121.101690965,
                        14.68083297700002
                    ],
                    [
                        121.101717763,
                        14.680954466
                    ],
                    [
                        121.101751684,
                        14.68105512300002
                    ],
                    [
                        121.101794565,
                        14.681258184
                    ],
                    [
                        121.101821372,
                        14.68139876599997
                    ],
                    [
                        121.101842829,
                        14.68153934999998
                    ],
                    [
                        121.101854051,
                        14.68178870700001
                    ],
                    [
                        121.101885531,
                        14.682009102
                    ],
                    [
                        121.101903738,
                        14.682197159
                    ],
                    [
                        121.101903797,
                        14.68233428100001
                    ],
                    [
                        121.101910995,
                        14.682485284
                    ],
                    [
                        121.1019235270001,
                        14.68260157200001
                    ],
                    [
                        121.101921765,
                        14.68265017300001
                    ],
                    [
                        121.101952116,
                        14.68274041699999
                    ],
                    [
                        121.101996756,
                        14.682886199
                    ],
                    [
                        121.1020378330001,
                        14.68304066000002
                    ],
                    [
                        121.1020574950001,
                        14.68315173799999
                    ],
                    [
                        121.102062883,
                        14.68324025700002
                    ],
                    [
                        121.102091462,
                        14.683356538
                    ],
                    [
                        121.1021343149999,
                        14.68349190499998
                    ],
                    [
                        121.102180742,
                        14.68364636500002
                    ],
                    [
                        121.1021932580001,
                        14.683726202
                    ],
                    [
                        121.102227178,
                        14.68382338800001
                    ],
                    [
                        121.102270007,
                        14.68390321300001
                    ],
                    [
                        121.102328917,
                        14.68406113899999
                    ],
                    [
                        121.102369988,
                        14.68419997900003
                    ],
                    [
                        121.102423523,
                        14.68429889200002
                    ],
                    [
                        121.102496688,
                        14.684432512
                    ],
                    [
                        121.102552017,
                        14.68455746000001
                    ],
                    [
                        121.102612705,
                        14.68470149900003
                    ],
                    [
                        121.102660897,
                        14.68481430000003
                    ],
                    [
                        121.102800122,
                        14.68514402800003
                    ],
                    [
                        121.102869732,
                        14.68530368400002
                    ],
                    [
                        121.10293399,
                        14.68545640000002
                    ],
                    [
                        121.10298396,
                        14.68555705099999
                    ],
                    [
                        121.103025069,
                        14.68578093999997
                    ],
                    [
                        121.103053707,
                        14.68602913500001
                    ],
                    [
                        121.103093004,
                        14.68618533300003
                    ],
                    [
                        121.103141219,
                        14.68634846999998
                    ],
                    [
                        121.10317336,
                        14.68645259900001
                    ],
                    [
                        121.10330719,
                        14.68667471399999
                    ],
                    [
                        121.103423153,
                        14.68681699400003
                    ],
                    [
                        121.10349273,
                        14.68689854299998
                    ],
                    [
                        121.103608714,
                        14.68708595200002
                    ],
                    [
                        121.103797824,
                        14.68731672199999
                    ],
                    [
                        121.103951264,
                        14.68752841499997
                    ],
                    [
                        121.10408867,
                        14.68776962099997
                    ],
                    [
                        121.104202896,
                        14.68801257199999
                    ],
                    [
                        121.104258235,
                        14.68815314099999
                    ],
                    [
                        121.1042850280001,
                        14.68825727299998
                    ],
                    [
                        121.104329683,
                        14.68843256100001
                    ],
                    [
                        121.1043546990001,
                        14.68854884299998
                    ],
                    [
                        121.104410032,
                        14.688677262
                    ],
                    [
                        121.104558136,
                        14.68891499199998
                    ],
                    [
                        121.104670543,
                        14.68907289399999
                    ],
                    [
                        121.104790086,
                        14.689239472
                    ]
                ]
            }
        },
        {
            "type": "Feature",
            "properties": {
                "official_fault_name": "West Valley Fault",
                "official_fault_system": "Valley Fault System",
                "official_segment_name": "02",
                "feature_class": "Active Fault",
                "trace_type": "Certain",
                "line_type": "Solid - red",
                "mapped_year": "2013",
                "mapping_scale": "1:10,000",
                "source_object_id": 2045,
                "source_active_fault_id": "201020178101052402225",
                "source_global_id": "{776193A2-83E9-4C5C-A97D-904A8FF63D42}",
                "source_agency": "DOST-PHIVOLCS",
                "source_service": "https://gisweb.phivolcs.dost.gov.ph/arcgis/rest/services/PHIVOLCS/ActiveFault/MapServer",
                "source_vector_endpoint": "https://gisweb.phivolcs.dost.gov.ph/arcgis/services/PHIVOLCS/ActiveFault/MapServer/KmlServer",
                "minimum_distance_to_caloocan_meters": 4140.55,
                "intersects_caloocan": false
            },
            "geometry": {
                "type": "LineString",
                "coordinates": [
                    [
                        121.126537945,
                        14.73520507000001
                    ],
                    [
                        121.1266212210001,
                        14.73540969300001
                    ],
                    [
                        121.126728287,
                        14.73584272900001
                    ],
                    [
                        121.126794906,
                        14.73608066100002
                    ]
                ]
            }
        },
        {
            "type": "Feature",
            "properties": {
                "official_fault_name": "West Valley Fault",
                "official_fault_system": "Valley Fault System",
                "official_segment_name": "02",
                "feature_class": "Active Fault",
                "trace_type": "Approximate",
                "line_type": "Dashed - red",
                "mapped_year": "2013",
                "mapping_scale": "1:5,000",
                "source_object_id": 2073,
                "source_active_fault_id": "201020178101010202253",
                "source_global_id": "{40EED35C-7ABF-4782-9C53-DB60149AC527}",
                "source_agency": "DOST-PHIVOLCS",
                "source_service": "https://gisweb.phivolcs.dost.gov.ph/arcgis/rest/services/PHIVOLCS/ActiveFault/MapServer",
                "source_vector_endpoint": "https://gisweb.phivolcs.dost.gov.ph/arcgis/services/PHIVOLCS/ActiveFault/MapServer/KmlServer",
                "minimum_distance_to_caloocan_meters": 8555.15,
                "intersects_caloocan": false
            },
            "geometry": {
                "type": "LineString",
                "coordinates": [
                    [
                        121.082488513,
                        14.63271838499998
                    ],
                    [
                        121.082602876,
                        14.63317390600003
                    ],
                    [
                        121.082684031,
                        14.63347878100001
                    ],
                    [
                        121.082768862,
                        14.63376213200002
                    ],
                    [
                        121.082894306,
                        14.63429656400001
                    ],
                    [
                        121.082964395,
                        14.63455839699998
                    ],
                    [
                        121.083063997,
                        14.63493859400001
                    ],
                    [
                        121.08312302,
                        14.63516097299998
                    ],
                    [
                        121.083215235,
                        14.63548377900003
                    ],
                    [
                        121.083285337,
                        14.63578148300002
                    ],
                    [
                        121.083477108,
                        14.636348177
                    ],
                    [
                        121.083532444,
                        14.63655979599997
                    ],
                    [
                        121.083573039,
                        14.63675707099998
                    ],
                    [
                        121.083628377,
                        14.63697586400002
                    ],
                    [
                        121.083672647,
                        14.637148029
                    ],
                    [
                        121.083720586,
                        14.63727714700002
                    ],
                    [
                        121.083812771,
                        14.637510276
                    ],
                    [
                        121.083949218,
                        14.63789045999999
                    ],
                    [
                        121.083978718,
                        14.63796577900001
                    ],
                    [
                        121.084063554,
                        14.63825271600001
                    ]
                ]
            }
        },
        {
            "type": "Feature",
            "properties": {
                "official_fault_name": "West Valley Fault",
                "official_fault_system": "Valley Fault System",
                "official_segment_name": "02",
                "feature_class": "Active Fault",
                "trace_type": "Approximate",
                "line_type": "Dashed - red",
                "mapped_year": "2013",
                "mapping_scale": "1:5,000",
                "source_object_id": 2084,
                "source_active_fault_id": "201020178101010202264",
                "source_global_id": "{63499066-BFE7-4673-9E8F-82F3C06C17AB}",
                "source_agency": "DOST-PHIVOLCS",
                "source_service": "https://gisweb.phivolcs.dost.gov.ph/arcgis/rest/services/PHIVOLCS/ActiveFault/MapServer",
                "source_vector_endpoint": "https://gisweb.phivolcs.dost.gov.ph/arcgis/services/PHIVOLCS/ActiveFault/MapServer/KmlServer",
                "minimum_distance_to_caloocan_meters": 8135.27,
                "intersects_caloocan": false
            },
            "geometry": {
                "type": "LineString",
                "coordinates": [
                    [
                        121.09145366,
                        14.656544177
                    ],
                    [
                        121.091512668,
                        14.65669122499998
                    ],
                    [
                        121.091560631,
                        14.65685980000001
                    ],
                    [
                        121.091615932,
                        14.65694586900003
                    ],
                    [
                        121.091638066,
                        14.657017602
                    ],
                    [
                        121.091678615,
                        14.65706780599999
                    ],
                    [
                        121.091748664,
                        14.65718256700001
                    ],
                    [
                        121.091825797,
                        14.65739733100003
                    ],
                    [
                        121.091866372,
                        14.65751568899998
                    ],
                    [
                        121.091955188,
                        14.65768109300001
                    ],
                    [
                        121.092014214,
                        14.65787118499998
                    ],
                    [
                        121.092128564,
                        14.65820832700001
                    ],
                    [
                        121.092142117,
                        14.65826290000001
                    ]
                ]
            }
        },
        {
            "type": "Feature",
            "properties": {
                "official_fault_name": "West Valley Fault",
                "official_fault_system": "Valley Fault System",
                "official_segment_name": "02",
                "feature_class": "Active Fault",
                "trace_type": "Approximate",
                "line_type": "Dashed - red",
                "mapped_year": "2013",
                "mapping_scale": "1:50,000",
                "source_object_id": 2093,
                "source_active_fault_id": "201020178101010202273",
                "source_global_id": "{718CD2A4-E4D8-40A6-A06D-93A561BF3908}",
                "source_agency": "DOST-PHIVOLCS",
                "source_service": "https://gisweb.phivolcs.dost.gov.ph/arcgis/rest/services/PHIVOLCS/ActiveFault/MapServer",
                "source_vector_endpoint": "https://gisweb.phivolcs.dost.gov.ph/arcgis/services/PHIVOLCS/ActiveFault/MapServer/KmlServer",
                "minimum_distance_to_caloocan_meters": 16293.63,
                "intersects_caloocan": false
            },
            "geometry": {
                "type": "LineString",
                "coordinates": [
                    [
                        121.178063071,
                        14.904351824
                    ],
                    [
                        121.177622465,
                        14.90188807700002
                    ],
                    [
                        121.176977687,
                        14.897949036
                    ],
                    [
                        121.176824935,
                        14.89725336100003
                    ]
                ]
            }
        },
        {
            "type": "Feature",
            "properties": {
                "official_fault_name": "West Valley Fault",
                "official_fault_system": "Valley Fault System",
                "official_segment_name": "02",
                "feature_class": "Active Fault",
                "trace_type": "Approximate",
                "line_type": "Dashed - red",
                "mapped_year": "2013",
                "mapping_scale": "1:5,000",
                "source_object_id": 2102,
                "source_active_fault_id": "201020178101010202282",
                "source_global_id": "{EF08625C-9A13-4898-B8F2-941BEEC366FB}",
                "source_agency": "DOST-PHIVOLCS",
                "source_service": "https://gisweb.phivolcs.dost.gov.ph/arcgis/rest/services/PHIVOLCS/ActiveFault/MapServer",
                "source_vector_endpoint": "https://gisweb.phivolcs.dost.gov.ph/arcgis/services/PHIVOLCS/ActiveFault/MapServer/KmlServer",
                "minimum_distance_to_caloocan_meters": 9215.57,
                "intersects_caloocan": false
            },
            "geometry": {
                "type": "LineString",
                "coordinates": [
                    [
                        121.076266543,
                        14.61576097900002
                    ],
                    [
                        121.076358831,
                        14.616304743
                    ]
                ]
            }
        },
        {
            "type": "Feature",
            "properties": {
                "official_fault_name": "West Valley Fault",
                "official_fault_system": "Valley Fault System",
                "official_segment_name": "02",
                "feature_class": "Active Fault",
                "trace_type": "Certain - Downthrown Area",
                "line_type": "Hachured (E) - red",
                "mapped_year": "2013",
                "mapping_scale": "1:5,000",
                "source_object_id": 2109,
                "source_active_fault_id": "201020178101081702289",
                "source_global_id": "{5CDF57D1-FDEA-4A5D-8227-52AF71CD1F37}",
                "source_agency": "DOST-PHIVOLCS",
                "source_service": "https://gisweb.phivolcs.dost.gov.ph/arcgis/rest/services/PHIVOLCS/ActiveFault/MapServer",
                "source_vector_endpoint": "https://gisweb.phivolcs.dost.gov.ph/arcgis/services/PHIVOLCS/ActiveFault/MapServer/KmlServer",
                "minimum_distance_to_caloocan_meters": 8285.02,
                "intersects_caloocan": false
            },
            "geometry": {
                "type": "LineString",
                "coordinates": [
                    [
                        121.085041706,
                        14.643450051
                    ],
                    [
                        121.085008498,
                        14.64331016699998
                    ],
                    [
                        121.084953176,
                        14.64314517999998
                    ]
                ]
            }
        },
        {
            "type": "Feature",
            "properties": {
                "official_fault_name": "West Valley Fault",
                "official_fault_system": "Valley Fault System",
                "official_segment_name": "02",
                "feature_class": "Active Fault",
                "trace_type": "Certain",
                "line_type": "Solid - red",
                "mapped_year": "2013",
                "mapping_scale": "1:5,000",
                "source_object_id": 2114,
                "source_active_fault_id": "201020178101052402294",
                "source_global_id": "{A233E810-EFAA-451B-AFAD-B2C05C1F5234}",
                "source_agency": "DOST-PHIVOLCS",
                "source_service": "https://gisweb.phivolcs.dost.gov.ph/arcgis/rest/services/PHIVOLCS/ActiveFault/MapServer",
                "source_vector_endpoint": "https://gisweb.phivolcs.dost.gov.ph/arcgis/services/PHIVOLCS/ActiveFault/MapServer/KmlServer",
                "minimum_distance_to_caloocan_meters": 5701.81,
                "intersects_caloocan": false
            },
            "geometry": {
                "type": "LineString",
                "coordinates": [
                    [
                        121.110748692,
                        14.70211344900002
                    ],
                    [
                        121.110818723,
                        14.70217200100001
                    ],
                    [
                        121.110938666,
                        14.70227716699998
                    ],
                    [
                        121.110983895,
                        14.70232688700003
                    ]
                ]
            }
        },
        {
            "type": "Feature",
            "properties": {
                "official_fault_name": "West Valley Fault",
                "official_fault_system": "Valley Fault System",
                "official_segment_name": "02",
                "feature_class": "Active Fault",
                "trace_type": "Approximate",
                "line_type": "Dashed - red",
                "mapped_year": "2013",
                "mapping_scale": "1:5,000",
                "source_object_id": 2116,
                "source_active_fault_id": "201020178101010202296",
                "source_global_id": "{2C516243-B928-4738-80D8-04B2391225BD}",
                "source_agency": "DOST-PHIVOLCS",
                "source_service": "https://gisweb.phivolcs.dost.gov.ph/arcgis/rest/services/PHIVOLCS/ActiveFault/MapServer",
                "source_vector_endpoint": "https://gisweb.phivolcs.dost.gov.ph/arcgis/services/PHIVOLCS/ActiveFault/MapServer/KmlServer",
                "minimum_distance_to_caloocan_meters": 7599,
                "intersects_caloocan": false
            },
            "geometry": {
                "type": "LineString",
                "coordinates": [
                    [
                        121.098335761,
                        14.67544807500002
                    ],
                    [
                        121.098385982,
                        14.67554213699998
                    ],
                    [
                        121.09841761,
                        14.67562173200003
                    ],
                    [
                        121.098469682,
                        14.67569770099999
                    ],
                    [
                        121.0985050100001,
                        14.67573387200002
                    ]
                ]
            }
        },
        {
            "type": "Feature",
            "properties": {
                "official_fault_name": "West Valley Fault",
                "official_fault_system": "Valley Fault System",
                "official_segment_name": "02",
                "feature_class": "Active Fault",
                "trace_type": "Certain - Downthrown Area",
                "line_type": "Hachured (E) - red",
                "mapped_year": "2013",
                "mapping_scale": "1:5,000",
                "source_object_id": 2142,
                "source_active_fault_id": "201020178101081702323",
                "source_global_id": "{D155CD6E-6E0C-452F-B367-E4A5D8A3983D}",
                "source_agency": "DOST-PHIVOLCS",
                "source_service": "https://gisweb.phivolcs.dost.gov.ph/arcgis/rest/services/PHIVOLCS/ActiveFault/MapServer",
                "source_vector_endpoint": "https://gisweb.phivolcs.dost.gov.ph/arcgis/services/PHIVOLCS/ActiveFault/MapServer/KmlServer",
                "minimum_distance_to_caloocan_meters": 5484.89,
                "intersects_caloocan": false
            },
            "geometry": {
                "type": "LineString",
                "coordinates": [
                    [
                        121.115874334,
                        14.70954823599999
                    ],
                    [
                        121.115819626,
                        14.70937543600002
                    ],
                    [
                        121.115762709,
                        14.70913590599997
                    ],
                    [
                        121.115683727,
                        14.70893938400002
                    ],
                    [
                        121.11556368,
                        14.70865381599998
                    ],
                    [
                        121.115402578,
                        14.70829762800003
                    ],
                    [
                        121.115355025,
                        14.70819813399999
                    ],
                    [
                        121.1152981830001,
                        14.70805024999999
                    ],
                    [
                        121.1152334890001,
                        14.70791596999999
                    ],
                    [
                        121.115187019,
                        14.70778963999999
                    ]
                ]
            }
        },
        {
            "type": "Feature",
            "properties": {
                "official_fault_name": "East Valley Fault",
                "official_fault_system": "Valley Fault System",
                "official_segment_name": "01",
                "feature_class": "Active Fault",
                "trace_type": "Certain - Downthrown Area",
                "line_type": "Hachured (W) - red",
                "mapped_year": "2014",
                "mapping_scale": "1:10,000",
                "source_object_id": 2160,
                "source_active_fault_id": "201020173201082202341",
                "source_global_id": "{62515429-C687-49D1-9B9A-012B205B35B2}",
                "source_agency": "DOST-PHIVOLCS",
                "source_service": "https://gisweb.phivolcs.dost.gov.ph/arcgis/rest/services/PHIVOLCS/ActiveFault/MapServer",
                "source_vector_endpoint": "https://gisweb.phivolcs.dost.gov.ph/arcgis/services/PHIVOLCS/ActiveFault/MapServer/KmlServer",
                "minimum_distance_to_caloocan_meters": 7647.85,
                "intersects_caloocan": false
            },
            "geometry": {
                "type": "LineString",
                "coordinates": [
                    [
                        121.163899952,
                        14.73282273299998
                    ],
                    [
                        121.163719675,
                        14.73255231399998
                    ],
                    [
                        121.1635459200001,
                        14.73214388600002
                    ],
                    [
                        121.1633329490001,
                        14.731709395
                    ],
                    [
                        121.163206996,
                        14.73144428799998
                    ]
                ]
            }
        },
        {
            "type": "Feature",
            "properties": {
                "official_fault_name": "West Valley Fault",
                "official_fault_system": "Valley Fault System",
                "official_segment_name": "02",
                "feature_class": "Active Fault",
                "trace_type": "Certain - Downthrown Area",
                "line_type": "Hachured (E) - red",
                "mapped_year": "2013",
                "mapping_scale": "1:5,000",
                "source_object_id": 2175,
                "source_active_fault_id": "201020178101081702356",
                "source_global_id": "{E52E8937-9B10-46AC-A380-938DB95B5AAE}",
                "source_agency": "DOST-PHIVOLCS",
                "source_service": "https://gisweb.phivolcs.dost.gov.ph/arcgis/rest/services/PHIVOLCS/ActiveFault/MapServer",
                "source_vector_endpoint": "https://gisweb.phivolcs.dost.gov.ph/arcgis/services/PHIVOLCS/ActiveFault/MapServer/KmlServer",
                "minimum_distance_to_caloocan_meters": 9263.85,
                "intersects_caloocan": false
            },
            "geometry": {
                "type": "LineString",
                "coordinates": [
                    [
                        121.076312294,
                        14.61447565100002
                    ],
                    [
                        121.0763348740001,
                        14.61440361500002
                    ],
                    [
                        121.076359483,
                        14.61425154400001
                    ],
                    [
                        121.076379991,
                        14.61412548599998
                    ],
                    [
                        121.076375851,
                        14.61403144799999
                    ],
                    [
                        121.076353204,
                        14.61388739500001
                    ],
                    [
                        121.076332612,
                        14.61374934399998
                    ],
                    [
                        121.0762996680001,
                        14.61353126400002
                    ],
                    [
                        121.07622564,
                        14.61335121100001
                    ],
                    [
                        121.07619271,
                        14.61317915000001
                    ],
                    [
                        121.076186508,
                        14.61305910200002
                    ],
                    [
                        121.07616796,
                        14.61288503499998
                    ],
                    [
                        121.076126803,
                        14.61268696600001
                    ],
                    [
                        121.076077442,
                        14.61253891899997
                    ],
                    [
                        121.076048633,
                        14.61240086999999
                    ],
                    [
                        121.076032165,
                        14.61230683600002
                    ],
                    [
                        121.075980646,
                        14.61182665299998
                    ],
                    [
                        121.075953872,
                        14.61162857800002
                    ],
                    [
                        121.075912713,
                        14.61142250500001
                    ],
                    [
                        121.075898303,
                        14.61133647399998
                    ],
                    [
                        121.075887998,
                        14.61123843600001
                    ],
                    [
                        121.075797419,
                        14.61069223700002
                    ],
                    [
                        121.075692424,
                        14.610039997
                    ],
                    [
                        121.0756018560001,
                        14.60952380999999
                    ],
                    [
                        121.075562729,
                        14.60924570600002
                    ],
                    [
                        121.075476274,
                        14.60874152299999
                    ],
                    [
                        121.075420687,
                        14.60838939299998
                    ],
                    [
                        121.075381579,
                        14.60816731300002
                    ],
                    [
                        121.0753116030001,
                        14.60779517899999
                    ],
                    [
                        121.075245725,
                        14.60738302700003
                    ],
                    [
                        121.075192209,
                        14.60708091800001
                    ],
                    [
                        121.075146914,
                        14.60678480799999
                    ],
                    [
                        121.07507901,
                        14.60646269400002
                    ],
                    [
                        121.07501523,
                        14.60619059999999
                    ],
                    [
                        121.0749699640001,
                        14.60598652900001
                    ],
                    [
                        121.074895881,
                        14.60561639700001
                    ],
                    [
                        121.074867048,
                        14.605398315
                    ],
                    [
                        121.074819691,
                        14.605074194
                    ],
                    [
                        121.074772338,
                        14.60476607999999
                    ],
                    [
                        121.074702331,
                        14.60428389999998
                    ],
                    [
                        121.074654978,
                        14.60397178400001
                    ],
                    [
                        121.074613802,
                        14.60370368500003
                    ],
                    [
                        121.074580848,
                        14.60344358700002
                    ],
                    [
                        121.0745273270001,
                        14.60312146799998
                    ],
                    [
                        121.07448821,
                        14.60286537299999
                    ],
                    [
                        121.074455268,
                        14.60264329099999
                    ],
                    [
                        121.0744120320001,
                        14.60235718400003
                    ],
                    [
                        121.07436673,
                        14.60203106199998
                    ],
                    [
                        121.074296736,
                        14.60158489700001
                    ],
                    [
                        121.074269964,
                        14.60138282100002
                    ],
                    [
                        121.074251437,
                        14.60126877900001
                    ],
                    [
                        121.074197929,
                        14.600982676
                    ],
                    [
                        121.074162945,
                        14.60080261100001
                    ],
                    [
                        121.0741403,
                        14.60065855800002
                    ],
                    [
                        121.074107391,
                        14.60054452000003
                    ],
                    [
                        121.074086802,
                        14.60040246699998
                    ],
                    [
                        121.074005103,
                        14.60000658600001
                    ]
                ]
            }
        },
        {
            "type": "Feature",
            "properties": {
                "official_fault_name": "East Valley Fault",
                "official_fault_system": "Valley Fault System",
                "official_segment_name": "01",
                "feature_class": "Active Fault",
                "trace_type": "Approximate",
                "line_type": "Dashed - red",
                "mapped_year": "2014",
                "mapping_scale": "1:10,000",
                "source_object_id": 2183,
                "source_active_fault_id": "201020173201010202364",
                "source_global_id": "{B2C6AD77-34DB-4EF3-8D4D-52D58BF0EB32}",
                "source_agency": "DOST-PHIVOLCS",
                "source_service": "https://gisweb.phivolcs.dost.gov.ph/arcgis/rest/services/PHIVOLCS/ActiveFault/MapServer",
                "source_vector_endpoint": "https://gisweb.phivolcs.dost.gov.ph/arcgis/services/PHIVOLCS/ActiveFault/MapServer/KmlServer",
                "minimum_distance_to_caloocan_meters": 8022.58,
                "intersects_caloocan": false
            },
            "geometry": {
                "type": "LineString",
                "coordinates": [
                    [
                        121.149552704,
                        14.70886669599997
                    ],
                    [
                        121.149398306,
                        14.70841034900002
                    ],
                    [
                        121.1493176069999,
                        14.70802118300003
                    ],
                    [
                        121.149170181,
                        14.70720239299999
                    ],
                    [
                        121.1490158410001,
                        14.70673935999997
                    ],
                    [
                        121.1488480740001,
                        14.70637027800001
                    ],
                    [
                        121.148418581,
                        14.70502806899998
                    ]
                ]
            }
        },
        {
            "type": "Feature",
            "properties": {
                "official_fault_name": "West Valley Fault",
                "official_fault_system": "Valley Fault System",
                "official_segment_name": "02",
                "feature_class": "Active Fault",
                "trace_type": "Approximate",
                "line_type": "Dashed - red",
                "mapped_year": "2013",
                "mapping_scale": "1:10,000",
                "source_object_id": 2187,
                "source_active_fault_id": "201020178101010202368",
                "source_global_id": "{B4C9FEFF-3952-4A21-9377-CA2B99D3F6EA}",
                "source_agency": "DOST-PHIVOLCS",
                "source_service": "https://gisweb.phivolcs.dost.gov.ph/arcgis/rest/services/PHIVOLCS/ActiveFault/MapServer",
                "source_vector_endpoint": "https://gisweb.phivolcs.dost.gov.ph/arcgis/services/PHIVOLCS/ActiveFault/MapServer/KmlServer",
                "minimum_distance_to_caloocan_meters": 4181.52,
                "intersects_caloocan": false
            },
            "geometry": {
                "type": "LineString",
                "coordinates": [
                    [
                        121.138642929,
                        14.760908599
                    ],
                    [
                        121.138926069,
                        14.761567673
                    ],
                    [
                        121.139161623,
                        14.76211253999998
                    ],
                    [
                        121.139363864,
                        14.76265026800002
                    ],
                    [
                        121.1394471370001,
                        14.76298575200002
                    ],
                    [
                        121.139561345,
                        14.76323558199999
                    ]
                ]
            }
        },
        {
            "type": "Feature",
            "properties": {
                "official_fault_name": "West Valley Fault",
                "official_fault_system": "Valley Fault System",
                "official_segment_name": "02",
                "feature_class": "Active Fault",
                "trace_type": "Approximate",
                "line_type": "Dashed - red",
                "mapped_year": "2013",
                "mapping_scale": "1:5,000",
                "source_object_id": 2189,
                "source_active_fault_id": "201020178101010202370",
                "source_global_id": "{F796EBB7-BD57-4154-BF5E-B9E9D6E48FEC}",
                "source_agency": "DOST-PHIVOLCS",
                "source_service": "https://gisweb.phivolcs.dost.gov.ph/arcgis/rest/services/PHIVOLCS/ActiveFault/MapServer",
                "source_vector_endpoint": "https://gisweb.phivolcs.dost.gov.ph/arcgis/services/PHIVOLCS/ActiveFault/MapServer/KmlServer",
                "minimum_distance_to_caloocan_meters": 8274.54,
                "intersects_caloocan": false
            },
            "geometry": {
                "type": "LineString",
                "coordinates": [
                    [
                        121.085041706,
                        14.643450051
                    ],
                    [
                        121.08510074,
                        14.643690365
                    ]
                ]
            }
        },
        {
            "type": "Feature",
            "properties": {
                "official_fault_name": "East Valley Fault",
                "official_fault_system": "Valley Fault System",
                "official_segment_name": "01",
                "feature_class": "Active Fault",
                "trace_type": "Certain - Downthrown Area",
                "line_type": "Hachured (W) - red",
                "mapped_year": "2014",
                "mapping_scale": "1:10,000",
                "source_object_id": 2193,
                "source_active_fault_id": "201020173201082202374",
                "source_global_id": "{661DDF84-44F3-436C-841B-1F223E07293B}",
                "source_agency": "DOST-PHIVOLCS",
                "source_service": "https://gisweb.phivolcs.dost.gov.ph/arcgis/rest/services/PHIVOLCS/ActiveFault/MapServer",
                "source_vector_endpoint": "https://gisweb.phivolcs.dost.gov.ph/arcgis/services/PHIVOLCS/ActiveFault/MapServer/KmlServer",
                "minimum_distance_to_caloocan_meters": 7674.86,
                "intersects_caloocan": false
            },
            "geometry": {
                "type": "LineString",
                "coordinates": [
                    [
                        121.158292999,
                        14.72306409700002
                    ],
                    [
                        121.158112555,
                        14.72284237399998
                    ],
                    [
                        121.157962239,
                        14.72266200299998
                    ]
                ]
            }
        },
        {
            "type": "Feature",
            "properties": {
                "official_fault_name": "West Valley Fault",
                "official_fault_system": "Valley Fault System",
                "official_segment_name": "02",
                "feature_class": "Active Fault",
                "trace_type": "Certain",
                "line_type": "Solid - red",
                "mapped_year": "2013",
                "mapping_scale": "1:5,000",
                "source_object_id": 2203,
                "source_active_fault_id": "201020178101052402384",
                "source_global_id": "{C0CBB738-4E0A-4AD7-9222-B2EB0A35C4E8}",
                "source_agency": "DOST-PHIVOLCS",
                "source_service": "https://gisweb.phivolcs.dost.gov.ph/arcgis/rest/services/PHIVOLCS/ActiveFault/MapServer",
                "source_vector_endpoint": "https://gisweb.phivolcs.dost.gov.ph/arcgis/services/PHIVOLCS/ActiveFault/MapServer/KmlServer",
                "minimum_distance_to_caloocan_meters": 7903.43,
                "intersects_caloocan": false
            },
            "geometry": {
                "type": "LineString",
                "coordinates": [
                    [
                        121.088413707,
                        14.65525828199998
                    ],
                    [
                        121.088439311,
                        14.65532924299998
                    ],
                    [
                        121.0885278340001,
                        14.655587481
                    ],
                    [
                        121.0885868520001,
                        14.65576681300001
                    ],
                    [
                        121.088635504,
                        14.65587237300002
                    ]
                ]
            }
        },
        {
            "type": "Feature",
            "properties": {
                "official_fault_name": "West Valley Fault",
                "official_fault_system": "Valley Fault System",
                "official_segment_name": "02",
                "feature_class": "Active Fault",
                "trace_type": "Certain - Downthrown Area",
                "line_type": "Hachured (E) - red",
                "mapped_year": "2013",
                "mapping_scale": "1:10,000",
                "source_object_id": 2213,
                "source_active_fault_id": "201020178101081702394",
                "source_global_id": "{070227B3-EC04-4005-AF86-ACB0ACB78FF3}",
                "source_agency": "DOST-PHIVOLCS",
                "source_service": "https://gisweb.phivolcs.dost.gov.ph/arcgis/rest/services/PHIVOLCS/ActiveFault/MapServer",
                "source_vector_endpoint": "https://gisweb.phivolcs.dost.gov.ph/arcgis/services/PHIVOLCS/ActiveFault/MapServer/KmlServer",
                "minimum_distance_to_caloocan_meters": 3868.84,
                "intersects_caloocan": false
            },
            "geometry": {
                "type": "LineString",
                "coordinates": [
                    [
                        121.130030785,
                        14.74380872500001
                    ],
                    [
                        121.12997844,
                        14.74369689600002
                    ],
                    [
                        121.129531121,
                        14.74289030099999
                    ],
                    [
                        121.129095698,
                        14.74211939600002
                    ]
                ]
            }
        },
        {
            "type": "Feature",
            "properties": {
                "official_fault_name": "West Valley Fault",
                "official_fault_system": "Valley Fault System",
                "official_segment_name": "02",
                "feature_class": "Active Fault",
                "trace_type": "Certain",
                "line_type": "Solid - red",
                "mapped_year": "2013",
                "mapping_scale": "1:5,000",
                "source_object_id": 2215,
                "source_active_fault_id": "201020178101052402396",
                "source_global_id": "{DABD7B87-2650-4A62-871E-DC5B738E0716}",
                "source_agency": "DOST-PHIVOLCS",
                "source_service": "https://gisweb.phivolcs.dost.gov.ph/arcgis/rest/services/PHIVOLCS/ActiveFault/MapServer",
                "source_vector_endpoint": "https://gisweb.phivolcs.dost.gov.ph/arcgis/services/PHIVOLCS/ActiveFault/MapServer/KmlServer",
                "minimum_distance_to_caloocan_meters": 6743.55,
                "intersects_caloocan": false
            },
            "geometry": {
                "type": "LineString",
                "coordinates": [
                    [
                        121.104317574,
                        14.68459327199997
                    ],
                    [
                        121.104572874,
                        14.685235009
                    ],
                    [
                        121.104710863,
                        14.68555699199999
                    ],
                    [
                        121.104867236,
                        14.68588567500001
                    ],
                    [
                        121.1048971290001,
                        14.68594604499998
                    ],
                    [
                        121.105023643,
                        14.68629263299999
                    ],
                    [
                        121.105090402,
                        14.686590045
                    ],
                    [
                        121.105101977,
                        14.686784606
                    ],
                    [
                        121.105135243,
                        14.68694740799998
                    ],
                    [
                        121.105167482,
                        14.68700762399999
                    ]
                ]
            }
        },
        {
            "type": "Feature",
            "properties": {
                "official_fault_name": "West Valley Fault",
                "official_fault_system": "Valley Fault System",
                "official_segment_name": "02",
                "feature_class": "Active Fault",
                "trace_type": "Approximate",
                "line_type": "Dashed - red",
                "mapped_year": "2013",
                "mapping_scale": "1:5,000",
                "source_object_id": 2242,
                "source_active_fault_id": "201020178101010202426",
                "source_global_id": "{2C50E4D9-EEA0-47BF-BCEB-E268CA14FA03}",
                "source_agency": "DOST-PHIVOLCS",
                "source_service": "https://gisweb.phivolcs.dost.gov.ph/arcgis/rest/services/PHIVOLCS/ActiveFault/MapServer",
                "source_vector_endpoint": "https://gisweb.phivolcs.dost.gov.ph/arcgis/services/PHIVOLCS/ActiveFault/MapServer/KmlServer",
                "minimum_distance_to_caloocan_meters": 7905.57,
                "intersects_caloocan": false
            },
            "geometry": {
                "type": "LineString",
                "coordinates": [
                    [
                        121.08744386,
                        14.65355758200002
                    ],
                    [
                        121.087310818,
                        14.65334197300001
                    ],
                    [
                        121.087222329,
                        14.65316982500002
                    ],
                    [
                        121.08713786,
                        14.65303038899998
                    ]
                ]
            }
        },
        {
            "type": "Feature",
            "properties": {
                "official_fault_name": "West Valley Fault",
                "official_fault_system": "Valley Fault System",
                "official_segment_name": "02",
                "feature_class": "Active Fault",
                "trace_type": "Approximate",
                "line_type": "Dashed - red",
                "mapped_year": "2013",
                "mapping_scale": "1:5,000",
                "source_object_id": 2247,
                "source_active_fault_id": "201020178101010202431",
                "source_global_id": "{1EEC50BA-8402-4CBE-8D2D-445CA0A75E29}",
                "source_agency": "DOST-PHIVOLCS",
                "source_service": "https://gisweb.phivolcs.dost.gov.ph/arcgis/rest/services/PHIVOLCS/ActiveFault/MapServer",
                "source_vector_endpoint": "https://gisweb.phivolcs.dost.gov.ph/arcgis/services/PHIVOLCS/ActiveFault/MapServer/KmlServer",
                "minimum_distance_to_caloocan_meters": 8708.45,
                "intersects_caloocan": false
            },
            "geometry": {
                "type": "LineString",
                "coordinates": [
                    [
                        121.077737458,
                        14.62349479099999
                    ],
                    [
                        121.077762637,
                        14.62374143300002
                    ],
                    [
                        121.077865905,
                        14.624107283
                    ],
                    [
                        121.07792489,
                        14.62423639999997
                    ],
                    [
                        121.078050291,
                        14.62469191999998
                    ],
                    [
                        121.078109288,
                        14.62486049500001
                    ],
                    [
                        121.078138781,
                        14.62492505300003
                    ],
                    [
                        121.078153549,
                        14.62502548600003
                    ],
                    [
                        121.078183043,
                        14.62509363200002
                    ],
                    [
                        121.07819416,
                        14.62529450400001
                    ],
                    [
                        121.078208914,
                        14.62535189300002
                    ],
                    [
                        121.078260524,
                        14.62545948899998
                    ],
                    [
                        121.078330606,
                        14.62572491100002
                    ],
                    [
                        121.07838591,
                        14.62586478999998
                    ],
                    [
                        121.078437564,
                        14.62610510799999
                    ],
                    [
                        121.078444988,
                        14.62627728500002
                    ],
                    [
                        121.0784892840001,
                        14.62654988899999
                    ],
                    [
                        121.078555715,
                        14.62691575000002
                    ],
                    [
                        121.078603646,
                        14.627037696
                    ],
                    [
                        121.078740134,
                        14.62759006300001
                    ],
                    [
                        121.0787733460001,
                        14.62776223200001
                    ],
                    [
                        121.0788323530001,
                        14.62795591600002
                    ],
                    [
                        121.078909788,
                        14.62817111599998
                    ],
                    [
                        121.079005665,
                        14.628454465
                    ],
                    [
                        121.079127324,
                        14.62871987099999
                    ],
                    [
                        121.0792895770001,
                        14.629196901
                    ],
                    [
                        121.079381758,
                        14.62944079300002
                    ],
                    [
                        121.079433394,
                        14.62962371800001
                    ],
                    [
                        121.079591944,
                        14.63003618099998
                    ],
                    [
                        121.079720985,
                        14.63033745500002
                    ],
                    [
                        121.0799053340001,
                        14.63078219400001
                    ],
                    [
                        121.080052789,
                        14.63106193900001
                    ],
                    [
                        121.080148636,
                        14.63124843700001
                    ],
                    [
                        121.080251908,
                        14.63160352400001
                    ],
                    [
                        121.08028882,
                        14.631818737
                    ],
                    [
                        121.080340523,
                        14.63219536299999
                    ]
                ]
            }
        },
        {
            "type": "Feature",
            "properties": {
                "official_fault_name": "West Valley Fault",
                "official_fault_system": "Valley Fault System",
                "official_segment_name": "02",
                "feature_class": "Active Fault",
                "trace_type": "Certain",
                "line_type": "Solid - red",
                "mapped_year": "2013",
                "mapping_scale": "1:5,000",
                "source_object_id": 2255,
                "source_active_fault_id": "201020178101052402439",
                "source_global_id": "{13D94B5A-0265-4D95-8EFF-AF2C4DA1B78C}",
                "source_agency": "DOST-PHIVOLCS",
                "source_service": "https://gisweb.phivolcs.dost.gov.ph/arcgis/rest/services/PHIVOLCS/ActiveFault/MapServer",
                "source_vector_endpoint": "https://gisweb.phivolcs.dost.gov.ph/arcgis/services/PHIVOLCS/ActiveFault/MapServer/KmlServer",
                "minimum_distance_to_caloocan_meters": 7999.85,
                "intersects_caloocan": false
            },
            "geometry": {
                "type": "LineString",
                "coordinates": [
                    [
                        121.087170286,
                        14.65102162199997
                    ],
                    [
                        121.087424695,
                        14.65153089699999
                    ],
                    [
                        121.087620139,
                        14.65199714699998
                    ],
                    [
                        121.087697598,
                        14.65223386600002
                    ],
                    [
                        121.087756596,
                        14.65236298000002
                    ]
                ]
            }
        },
        {
            "type": "Feature",
            "properties": {
                "official_fault_name": "East Valley Fault",
                "official_fault_system": "Valley Fault System",
                "official_segment_name": "01",
                "feature_class": "Active Fault",
                "trace_type": "Certain - Downthrown Area",
                "line_type": "Hachured (W) - red",
                "mapped_year": "2014",
                "mapping_scale": "1:10,000",
                "source_object_id": 2263,
                "source_active_fault_id": "201020173201082202447",
                "source_global_id": "{5AF4C383-ED16-4C52-BC1D-D6922079494E}",
                "source_agency": "DOST-PHIVOLCS",
                "source_service": "https://gisweb.phivolcs.dost.gov.ph/arcgis/rest/services/PHIVOLCS/ActiveFault/MapServer",
                "source_vector_endpoint": "https://gisweb.phivolcs.dost.gov.ph/arcgis/services/PHIVOLCS/ActiveFault/MapServer/KmlServer",
                "minimum_distance_to_caloocan_meters": 7648.89,
                "intersects_caloocan": false
            },
            "geometry": {
                "type": "LineString",
                "coordinates": [
                    [
                        121.16098224,
                        14.72759889999998
                    ],
                    [
                        121.16089969,
                        14.727290407
                    ],
                    [
                        121.16086062,
                        14.72704704400002
                    ],
                    [
                        121.160605685,
                        14.72660498800002
                    ],
                    [
                        121.160347838,
                        14.72629970499997
                    ],
                    [
                        121.159756887,
                        14.72546978999998
                    ],
                    [
                        121.159578746,
                        14.725174358
                    ],
                    [
                        121.159526638,
                        14.72507003599998
                    ],
                    [
                        121.159448399,
                        14.72491364199999
                    ],
                    [
                        121.159326714,
                        14.72467901599998
                    ],
                    [
                        121.159093446,
                        14.72416521100001
                    ]
                ]
            }
        },
        {
            "type": "Feature",
            "properties": {
                "official_fault_name": "West Valley Fault",
                "official_fault_system": "Valley Fault System",
                "official_segment_name": "02",
                "feature_class": "Active Fault",
                "trace_type": "Approximate",
                "line_type": "Dashed - red",
                "mapped_year": "2013",
                "mapping_scale": "1:5,000",
                "source_object_id": 2281,
                "source_active_fault_id": "201020178101010202466",
                "source_global_id": "{C7D264B0-8C6A-4D95-9174-3C6C587394AD}",
                "source_agency": "DOST-PHIVOLCS",
                "source_service": "https://gisweb.phivolcs.dost.gov.ph/arcgis/rest/services/PHIVOLCS/ActiveFault/MapServer",
                "source_vector_endpoint": "https://gisweb.phivolcs.dost.gov.ph/arcgis/services/PHIVOLCS/ActiveFault/MapServer/KmlServer",
                "minimum_distance_to_caloocan_meters": 13721.93,
                "intersects_caloocan": false
            },
            "geometry": {
                "type": "LineString",
                "coordinates": [
                    [
                        121.054671337,
                        14.52420823900002
                    ],
                    [
                        121.054729789,
                        14.52462831399998
                    ],
                    [
                        121.0548235170001,
                        14.52493795999999
                    ],
                    [
                        121.054885986,
                        14.52506789500001
                    ],
                    [
                        121.054920071,
                        14.52518954200002
                    ],
                    [
                        121.055016625,
                        14.52543559499998
                    ],
                    [
                        121.055062053,
                        14.52551023699999
                    ],
                    [
                        121.055116013,
                        14.52566782299999
                    ],
                    [
                        121.055181341,
                        14.52588899900002
                    ],
                    [
                        121.055195552,
                        14.52597747200002
                    ],
                    [
                        121.05525803,
                        14.52614887999999
                    ],
                    [
                        121.055297806,
                        14.52633135299999
                    ],
                    [
                        121.05532054,
                        14.52646129700003
                    ],
                    [
                        121.055343298,
                        14.526699071
                    ],
                    [
                        121.055414318,
                        14.526989367
                    ],
                    [
                        121.055499526,
                        14.52726583499998
                    ],
                    [
                        121.055590442,
                        14.527680546
                    ],
                    [
                        121.055652939,
                        14.52793213500002
                    ],
                    [
                        121.055709764,
                        14.52820308000003
                    ],
                    [
                        121.055755213,
                        14.528368962
                    ],
                    [
                        121.055780774,
                        14.52844637300001
                    ],
                    [
                        121.0558265,
                        14.52870844199998
                    ]
                ]
            }
        },
        {
            "type": "Feature",
            "properties": {
                "official_fault_name": "West Valley Fault",
                "official_fault_system": "Valley Fault System",
                "official_segment_name": "02",
                "feature_class": "Active Fault",
                "trace_type": "Certain - Downthrown Area",
                "line_type": "Hachured (E) - red",
                "mapped_year": "2013",
                "mapping_scale": "1:5,000",
                "source_object_id": 2287,
                "source_active_fault_id": "201020178101081702472",
                "source_global_id": "{66483107-E42A-41B5-A0CB-0955A8BFE0CE}",
                "source_agency": "DOST-PHIVOLCS",
                "source_service": "https://gisweb.phivolcs.dost.gov.ph/arcgis/rest/services/PHIVOLCS/ActiveFault/MapServer",
                "source_vector_endpoint": "https://gisweb.phivolcs.dost.gov.ph/arcgis/services/PHIVOLCS/ActiveFault/MapServer/KmlServer",
                "minimum_distance_to_caloocan_meters": 11115.86,
                "intersects_caloocan": false
            },
            "geometry": {
                "type": "LineString",
                "coordinates": [
                    [
                        121.0676452389999,
                        14.56692506500002
                    ],
                    [
                        121.067640229,
                        14.566566357
                    ],
                    [
                        121.067650031,
                        14.56649461299998
                    ],
                    [
                        121.067664688,
                        14.56622198999997
                    ],
                    [
                        121.0676547970001,
                        14.565968505
                    ],
                    [
                        121.067679219,
                        14.56549500199998
                    ],
                    [
                        121.067703729,
                        14.56533716400003
                    ],
                    [
                        121.067742943,
                        14.56507888300001
                    ],
                    [
                        121.067782199,
                        14.564973651
                    ],
                    [
                        121.067949029,
                        14.56450489399998
                    ]
                ]
            }
        },
        {
            "type": "Feature",
            "properties": {
                "official_fault_name": "East Valley Fault",
                "official_fault_system": "Valley Fault System",
                "official_segment_name": "01",
                "feature_class": "Active Fault",
                "trace_type": "Approximate",
                "line_type": "Dashed - red",
                "mapped_year": "2014",
                "mapping_scale": "1:50,000",
                "source_object_id": 2303,
                "source_active_fault_id": "201020173201010202488",
                "source_global_id": "{C143F80B-6E12-492E-8313-B03165E444CE}",
                "source_agency": "DOST-PHIVOLCS",
                "source_service": "https://gisweb.phivolcs.dost.gov.ph/arcgis/rest/services/PHIVOLCS/ActiveFault/MapServer",
                "source_vector_endpoint": "https://gisweb.phivolcs.dost.gov.ph/arcgis/services/PHIVOLCS/ActiveFault/MapServer/KmlServer",
                "minimum_distance_to_caloocan_meters": 8210.58,
                "intersects_caloocan": false
            },
            "geometry": {
                "type": "LineString",
                "coordinates": [
                    [
                        121.174749587,
                        14.74860495000002
                    ],
                    [
                        121.17590957,
                        14.75161281599998
                    ],
                    [
                        121.176563604,
                        14.75277136699998
                    ],
                    [
                        121.1770766,
                        14.75379028800001
                    ],
                    [
                        121.177969577,
                        14.75472005400002
                    ],
                    [
                        121.178583088,
                        14.75504783399998
                    ],
                    [
                        121.179662214,
                        14.75639424500002
                    ],
                    [
                        121.180554828,
                        14.75737008099998
                    ],
                    [
                        121.181350336,
                        14.75862199300002
                    ],
                    [
                        121.182140852,
                        14.76047354600001
                    ],
                    [
                        121.182844267,
                        14.76140179999999
                    ]
                ]
            }
        },
        {
            "type": "Feature",
            "properties": {
                "official_fault_name": "West Valley Fault",
                "official_fault_system": "Valley Fault System",
                "official_segment_name": "02",
                "feature_class": "Active Fault",
                "trace_type": "Certain - Downthrown Area",
                "line_type": "Hachured (E) - red",
                "mapped_year": "2013",
                "mapping_scale": "1:5,000",
                "source_object_id": 2311,
                "source_active_fault_id": "201020178101081702496",
                "source_global_id": "{B7242255-7026-4AAD-86F8-61EBD2C09B50}",
                "source_agency": "DOST-PHIVOLCS",
                "source_service": "https://gisweb.phivolcs.dost.gov.ph/arcgis/rest/services/PHIVOLCS/ActiveFault/MapServer",
                "source_vector_endpoint": "https://gisweb.phivolcs.dost.gov.ph/arcgis/services/PHIVOLCS/ActiveFault/MapServer/KmlServer",
                "minimum_distance_to_caloocan_meters": 6361.9,
                "intersects_caloocan": false
            },
            "geometry": {
                "type": "LineString",
                "coordinates": [
                    [
                        121.108487823,
                        14.69300490500001
                    ],
                    [
                        121.108408492,
                        14.692860693
                    ],
                    [
                        121.10832913,
                        14.69264771100001
                    ],
                    [
                        121.10823426,
                        14.69243641399999
                    ],
                    [
                        121.108063498,
                        14.69206412900002
                    ],
                    [
                        121.107951375,
                        14.69180252000001
                    ],
                    [
                        121.107821994,
                        14.69148389100002
                    ],
                    [
                        121.107716774,
                        14.69124743800001
                    ],
                    [
                        121.107671934,
                        14.691161916
                    ],
                    [
                        121.107597762,
                        14.69099254100001
                    ],
                    [
                        121.107525313,
                        14.69082148899997
                    ],
                    [
                        121.1074304490001,
                        14.690620255
                    ],
                    [
                        121.107335595,
                        14.690439148
                    ],
                    [
                        121.107257973,
                        14.690261389
                    ],
                    [
                        121.107147577,
                        14.69000481000001
                    ],
                    [
                        121.107099286,
                        14.689909226
                    ],
                    [
                        121.10700442,
                        14.68969960499999
                    ],
                    [
                        121.106961298,
                        14.68960401800001
                    ],
                    [
                        121.106921641,
                        14.68954700699999
                    ]
                ]
            }
        },
        {
            "type": "Feature",
            "properties": {
                "official_fault_name": "West Valley Fault",
                "official_fault_system": "Valley Fault System",
                "official_segment_name": "02",
                "feature_class": "Active Fault",
                "trace_type": "Approximate",
                "line_type": "Dashed - red",
                "mapped_year": "2013",
                "mapping_scale": "1:5,000",
                "source_object_id": 2312,
                "source_active_fault_id": "201020178101010202497",
                "source_global_id": "{454E93B9-3B52-436D-9993-B8CB94520C83}",
                "source_agency": "DOST-PHIVOLCS",
                "source_service": "https://gisweb.phivolcs.dost.gov.ph/arcgis/rest/services/PHIVOLCS/ActiveFault/MapServer",
                "source_vector_endpoint": "https://gisweb.phivolcs.dost.gov.ph/arcgis/services/PHIVOLCS/ActiveFault/MapServer/KmlServer",
                "minimum_distance_to_caloocan_meters": 9128.54,
                "intersects_caloocan": false
            },
            "geometry": {
                "type": "LineString",
                "coordinates": [
                    [
                        121.076529014,
                        14.61760680600003
                    ],
                    [
                        121.076531273,
                        14.61774486299998
                    ],
                    [
                        121.076535503,
                        14.61798749000002
                    ],
                    [
                        121.0765542740001,
                        14.618250332
                    ],
                    [
                        121.076564696,
                        14.61837366499998
                    ],
                    [
                        121.076606291,
                        14.61858393099999
                    ],
                    [
                        121.076676995,
                        14.61891348
                    ],
                    [
                        121.076724804,
                        14.61907521799998
                    ],
                    [
                        121.076758103,
                        14.61931177000002
                    ],
                    [
                        121.076805931,
                        14.61953214300002
                    ],
                    [
                        121.0768703490001,
                        14.61968376700003
                    ],
                    [
                        121.076949296,
                        14.61981314500002
                    ],
                    [
                        121.077001276,
                        14.62002947299999
                    ],
                    [
                        121.077022078,
                        14.62014673700003
                    ],
                    [
                        121.07702625,
                        14.62020739299999
                    ],
                    [
                        121.077080281,
                        14.62034284399999
                    ],
                    [
                        121.077117711,
                        14.62050862900003
                    ],
                    [
                        121.077126041,
                        14.62058545899998
                    ],
                    [
                        121.077194628,
                        14.62078358399998
                    ],
                    [
                        121.077211301,
                        14.62097566
                    ],
                    [
                        121.077223803,
                        14.62111314600003
                    ],
                    [
                        121.077394246,
                        14.62165091999998
                    ],
                    [
                        121.077429606,
                        14.62183692500003
                    ],
                    [
                        121.077467021,
                        14.62195822799998
                    ],
                    [
                        121.077510664,
                        14.62207346299999
                    ],
                    [
                        121.077564696,
                        14.622208914
                    ],
                    [
                        121.077637418,
                        14.62234840299999
                    ],
                    [
                        121.077703912,
                        14.622491938
                    ],
                    [
                        121.077737235,
                        14.62280127899999
                    ],
                    [
                        121.077729044,
                        14.62315915800002
                    ],
                    [
                        121.07773536,
                        14.623428069
                    ],
                    [
                        121.077737458,
                        14.62349479099999
                    ]
                ]
            }
        },
        {
            "type": "Feature",
            "properties": {
                "official_fault_name": "West Valley Fault",
                "official_fault_system": "Valley Fault System",
                "official_segment_name": "02",
                "feature_class": "Active Fault",
                "trace_type": "Approximate",
                "line_type": "Dashed - red",
                "mapped_year": "2013",
                "mapping_scale": "1:50,000",
                "source_object_id": 2329,
                "source_active_fault_id": "201020178101010202515",
                "source_global_id": "{69F13A69-B873-4FA8-AA71-EB55A5D3DDDB}",
                "source_agency": "DOST-PHIVOLCS",
                "source_service": "https://gisweb.phivolcs.dost.gov.ph/arcgis/rest/services/PHIVOLCS/ActiveFault/MapServer",
                "source_vector_endpoint": "https://gisweb.phivolcs.dost.gov.ph/arcgis/services/PHIVOLCS/ActiveFault/MapServer/KmlServer",
                "minimum_distance_to_caloocan_meters": 13889.62,
                "intersects_caloocan": false
            },
            "geometry": {
                "type": "LineString",
                "coordinates": [
                    [
                        121.168286312,
                        14.88245015400003
                    ],
                    [
                        121.167501294,
                        14.880704294
                    ],
                    [
                        121.1665256589999,
                        14.87800837700002
                    ]
                ]
            }
        },
        {
            "type": "Feature",
            "properties": {
                "official_fault_name": "West Valley Fault",
                "official_fault_system": "Valley Fault System",
                "official_segment_name": "02",
                "feature_class": "Active Fault",
                "trace_type": "Approximate",
                "line_type": "Dashed - red",
                "mapped_year": "2013",
                "mapping_scale": "1:50,000",
                "source_object_id": 2340,
                "source_active_fault_id": "201020178101010202526",
                "source_global_id": "{C86FA1C3-AF74-4EE4-86ED-CCC1B15D5C1F}",
                "source_agency": "DOST-PHIVOLCS",
                "source_service": "https://gisweb.phivolcs.dost.gov.ph/arcgis/rest/services/PHIVOLCS/ActiveFault/MapServer",
                "source_vector_endpoint": "https://gisweb.phivolcs.dost.gov.ph/arcgis/services/PHIVOLCS/ActiveFault/MapServer/KmlServer",
                "minimum_distance_to_caloocan_meters": 6293.95,
                "intersects_caloocan": false
            },
            "geometry": {
                "type": "LineString",
                "coordinates": [
                    [
                        121.151981994,
                        14.80092557099999
                    ],
                    [
                        121.151010785,
                        14.79916554099998
                    ],
                    [
                        121.1506739610001,
                        14.79847824299998
                    ]
                ]
            }
        },
        {
            "type": "Feature",
            "properties": {
                "official_fault_name": "East Valley Fault",
                "official_fault_system": "Valley Fault System",
                "official_segment_name": "01",
                "feature_class": "Active Fault",
                "trace_type": "Approximate",
                "line_type": "Dashed - red",
                "mapped_year": "2014",
                "mapping_scale": "1:10,000",
                "source_object_id": 2358,
                "source_active_fault_id": "201020173201010202545",
                "source_global_id": "{1FC777DE-FCD2-45D3-9492-7BFB1485F630}",
                "source_agency": "DOST-PHIVOLCS",
                "source_service": "https://gisweb.phivolcs.dost.gov.ph/arcgis/rest/services/PHIVOLCS/ActiveFault/MapServer",
                "source_vector_endpoint": "https://gisweb.phivolcs.dost.gov.ph/arcgis/services/PHIVOLCS/ActiveFault/MapServer/KmlServer",
                "minimum_distance_to_caloocan_meters": 7833.33,
                "intersects_caloocan": false
            },
            "geometry": {
                "type": "LineString",
                "coordinates": [
                    [
                        121.16812577,
                        14.738284002
                    ],
                    [
                        121.1684933719999,
                        14.73900008700002
                    ],
                    [
                        121.16859477,
                        14.739190275
                    ],
                    [
                        121.168841868,
                        14.73968457699999
                    ],
                    [
                        121.1690256970001,
                        14.73992538599998
                    ],
                    [
                        121.1693235,
                        14.740235859
                    ],
                    [
                        121.1698685710001,
                        14.74069213899998
                    ],
                    [
                        121.170033318,
                        14.74082527399997
                    ],
                    [
                        121.170166436,
                        14.74089500000002
                    ]
                ]
            }
        },
        {
            "type": "Feature",
            "properties": {
                "official_fault_name": "West Valley Fault",
                "official_fault_system": "Valley Fault System",
                "official_segment_name": "02",
                "feature_class": "Active Fault",
                "trace_type": "Certain",
                "line_type": "Solid - red",
                "mapped_year": "2013",
                "mapping_scale": "1:5,000",
                "source_object_id": 2383,
                "source_active_fault_id": "201020178101052402572",
                "source_global_id": "{3D81E78F-0709-4537-BEE6-F11572BA4712}",
                "source_agency": "DOST-PHIVOLCS",
                "source_service": "https://gisweb.phivolcs.dost.gov.ph/arcgis/rest/services/PHIVOLCS/ActiveFault/MapServer",
                "source_vector_endpoint": "https://gisweb.phivolcs.dost.gov.ph/arcgis/services/PHIVOLCS/ActiveFault/MapServer/KmlServer",
                "minimum_distance_to_caloocan_meters": 10629.87,
                "intersects_caloocan": false
            },
            "geometry": {
                "type": "LineString",
                "coordinates": [
                    [
                        121.068811693,
                        14.57425192800002
                    ],
                    [
                        121.068859289,
                        14.57447181399999
                    ],
                    [
                        121.068859336,
                        14.57463963100003
                    ],
                    [
                        121.06885343,
                        14.574766942
                    ]
                ]
            }
        },
        {
            "type": "Feature",
            "properties": {
                "official_fault_name": "West Valley Fault",
                "official_fault_system": "Valley Fault System",
                "official_segment_name": "02",
                "feature_class": "Active Fault",
                "trace_type": "Certain",
                "line_type": "Solid - red",
                "mapped_year": "2013",
                "mapping_scale": "1:5,000",
                "source_object_id": 2388,
                "source_active_fault_id": "201020178101052402577",
                "source_global_id": "{9D2EA833-3741-4AF4-826B-CD8E8FE8C3A5}",
                "source_agency": "DOST-PHIVOLCS",
                "source_service": "https://gisweb.phivolcs.dost.gov.ph/arcgis/rest/services/PHIVOLCS/ActiveFault/MapServer",
                "source_vector_endpoint": "https://gisweb.phivolcs.dost.gov.ph/arcgis/services/PHIVOLCS/ActiveFault/MapServer/KmlServer",
                "minimum_distance_to_caloocan_meters": 10012.35,
                "intersects_caloocan": false
            },
            "geometry": {
                "type": "LineString",
                "coordinates": [
                    [
                        121.071976516,
                        14.587306055
                    ],
                    [
                        121.072172752,
                        14.58780945000001
                    ],
                    [
                        121.072392764,
                        14.588335986
                    ],
                    [
                        121.072440345,
                        14.588486429
                    ],
                    [
                        121.072547524,
                        14.58923289299997
                    ]
                ]
            }
        },
        {
            "type": "Feature",
            "properties": {
                "official_fault_name": "West Valley Fault",
                "official_fault_system": "Valley Fault System",
                "official_segment_name": "02",
                "feature_class": "Active Fault",
                "trace_type": "Approximate",
                "line_type": "Dashed - red",
                "mapped_year": "2013",
                "mapping_scale": "1:10,000",
                "source_object_id": 2405,
                "source_active_fault_id": "201020178101010202595",
                "source_global_id": "{7CC32F2F-1133-4D8A-9AE2-D9BE1D985A7A}",
                "source_agency": "DOST-PHIVOLCS",
                "source_service": "https://gisweb.phivolcs.dost.gov.ph/arcgis/rest/services/PHIVOLCS/ActiveFault/MapServer",
                "source_vector_endpoint": "https://gisweb.phivolcs.dost.gov.ph/arcgis/services/PHIVOLCS/ActiveFault/MapServer/KmlServer",
                "minimum_distance_to_caloocan_meters": 4088.61,
                "intersects_caloocan": false
            },
            "geometry": {
                "type": "LineString",
                "coordinates": [
                    [
                        121.13759421,
                        14.75868262699999
                    ],
                    [
                        121.137886917,
                        14.75989544100003
                    ]
                ]
            }
        },
        {
            "type": "Feature",
            "properties": {
                "official_fault_name": "West Valley Fault",
                "official_fault_system": "Valley Fault System",
                "official_segment_name": "02",
                "feature_class": "Active Fault",
                "trace_type": "Approximate",
                "line_type": "Dashed - red",
                "mapped_year": "2013",
                "mapping_scale": "1:50,000",
                "source_object_id": 2425,
                "source_active_fault_id": "201020178101010202615",
                "source_global_id": "{58CD5190-2587-4D4E-98E1-404288343AD1}",
                "source_agency": "DOST-PHIVOLCS",
                "source_service": "https://gisweb.phivolcs.dost.gov.ph/arcgis/rest/services/PHIVOLCS/ActiveFault/MapServer",
                "source_vector_endpoint": "https://gisweb.phivolcs.dost.gov.ph/arcgis/services/PHIVOLCS/ActiveFault/MapServer/KmlServer",
                "minimum_distance_to_caloocan_meters": 8198.58,
                "intersects_caloocan": false
            },
            "geometry": {
                "type": "LineString",
                "coordinates": [
                    [
                        121.154668002,
                        14.82434603899998
                    ],
                    [
                        121.154371103,
                        14.82229896600001
                    ]
                ]
            }
        },
        {
            "type": "Feature",
            "properties": {
                "official_fault_name": "West Valley Fault",
                "official_fault_system": "Valley Fault System",
                "official_segment_name": "02",
                "feature_class": "Active Fault",
                "trace_type": "Certain - Downthrown Area",
                "line_type": "Hachured (E) - red",
                "mapped_year": "2013",
                "mapping_scale": "1:10,000",
                "source_object_id": 2438,
                "source_active_fault_id": "201020178101081702628",
                "source_global_id": "{82569E11-F098-4CB7-87E9-2DE5356D64A7}",
                "source_agency": "DOST-PHIVOLCS",
                "source_service": "https://gisweb.phivolcs.dost.gov.ph/arcgis/rest/services/PHIVOLCS/ActiveFault/MapServer",
                "source_vector_endpoint": "https://gisweb.phivolcs.dost.gov.ph/arcgis/services/PHIVOLCS/ActiveFault/MapServer/KmlServer",
                "minimum_distance_to_caloocan_meters": 3758.38,
                "intersects_caloocan": false
            },
            "geometry": {
                "type": "LineString",
                "coordinates": [
                    [
                        121.134094663,
                        14.753751943
                    ],
                    [
                        121.133944763,
                        14.753497353
                    ],
                    [
                        121.1336877920001,
                        14.753080969
                    ],
                    [
                        121.1333451629999,
                        14.75253371999997
                    ],
                    [
                        121.133081053,
                        14.752086405
                    ],
                    [
                        121.1329882589999,
                        14.75189129900002
                    ],
                    [
                        121.132897845,
                        14.75168191799997
                    ],
                    [
                        121.1327717410001,
                        14.75135832900003
                    ],
                    [
                        121.132614706,
                        14.75098001600003
                    ],
                    [
                        121.132376643,
                        14.75046741400001
                    ]
                ]
            }
        },
        {
            "type": "Feature",
            "properties": {
                "official_fault_name": "West Valley Fault",
                "official_fault_system": "Valley Fault System",
                "official_segment_name": "02",
                "feature_class": "Active Fault",
                "trace_type": "Certain - Downthrown Area",
                "line_type": "Hachured (E) - red",
                "mapped_year": "2013",
                "mapping_scale": "1:5,000",
                "source_object_id": 2441,
                "source_active_fault_id": "201020178101081702631",
                "source_global_id": "{2EC448ED-E2A4-483B-9463-113912EBD71C}",
                "source_agency": "DOST-PHIVOLCS",
                "source_service": "https://gisweb.phivolcs.dost.gov.ph/arcgis/rest/services/PHIVOLCS/ActiveFault/MapServer",
                "source_vector_endpoint": "https://gisweb.phivolcs.dost.gov.ph/arcgis/services/PHIVOLCS/ActiveFault/MapServer/KmlServer",
                "minimum_distance_to_caloocan_meters": 4527.12,
                "intersects_caloocan": false
            },
            "geometry": {
                "type": "LineString",
                "coordinates": [
                    [
                        121.124032998,
                        14.72930814900002
                    ],
                    [
                        121.123851642,
                        14.72904220300001
                    ],
                    [
                        121.123737884,
                        14.72882404900003
                    ],
                    [
                        121.123633362,
                        14.728647739
                    ],
                    [
                        121.123519593,
                        14.728408661
                    ],
                    [
                        121.123330309,
                        14.72801585600001
                    ],
                    [
                        121.123210282,
                        14.72779017200003
                    ],
                    [
                        121.123131568,
                        14.72762760000001
                    ],
                    [
                        121.12300764,
                        14.72745739700002
                    ],
                    [
                        121.122909296,
                        14.72734648800002
                    ],
                    [
                        121.122755878,
                        14.72716673399998
                    ],
                    [
                        121.1226260780001,
                        14.72704436200002
                    ],
                    [
                        121.12256511,
                        14.726983174
                    ],
                    [
                        121.12250807,
                        14.726916244
                    ],
                    [
                        121.122419549,
                        14.72679193800002
                    ],
                    [
                        121.122368393,
                        14.72670013499999
                    ],
                    [
                        121.122216873,
                        14.72639220399998
                    ],
                    [
                        121.122053568,
                        14.72609958300001
                    ],
                    [
                        121.121923716,
                        14.72587581699997
                    ],
                    [
                        121.121841135,
                        14.72576590599999
                    ]
                ]
            }
        },
        {
            "type": "Feature",
            "properties": {
                "official_fault_name": "East Valley Fault",
                "official_fault_system": "Valley Fault System",
                "official_segment_name": "01",
                "feature_class": "Active Fault",
                "trace_type": "Approximate",
                "line_type": "Dashed - red",
                "mapped_year": "2014",
                "mapping_scale": "1:10,000",
                "source_object_id": 2457,
                "source_active_fault_id": "201020173201010202648",
                "source_global_id": "{A26FCF20-0A10-4333-A36D-68B099B60D6E}",
                "source_agency": "DOST-PHIVOLCS",
                "source_service": "https://gisweb.phivolcs.dost.gov.ph/arcgis/rest/services/PHIVOLCS/ActiveFault/MapServer",
                "source_vector_endpoint": "https://gisweb.phivolcs.dost.gov.ph/arcgis/services/PHIVOLCS/ActiveFault/MapServer/KmlServer",
                "minimum_distance_to_caloocan_meters": 7711.91,
                "intersects_caloocan": false
            },
            "geometry": {
                "type": "LineString",
                "coordinates": [
                    [
                        121.155387984,
                        14.71883258200001
                    ],
                    [
                        121.155312838,
                        14.71857329900001
                    ],
                    [
                        121.155233927,
                        14.71841545299998
                    ]
                ]
            }
        },
        {
            "type": "Feature",
            "properties": {
                "official_fault_name": "West Valley Fault",
                "official_fault_system": "Valley Fault System",
                "official_segment_name": "02",
                "feature_class": "Active Fault",
                "trace_type": "Approximate",
                "line_type": "Dashed - red",
                "mapped_year": "2013",
                "mapping_scale": "1:5,000",
                "source_object_id": 2481,
                "source_active_fault_id": "201020178101010202672",
                "source_global_id": "{32AE905D-095B-453A-90F8-1BDE0B132FAC}",
                "source_agency": "DOST-PHIVOLCS",
                "source_service": "https://gisweb.phivolcs.dost.gov.ph/arcgis/rest/services/PHIVOLCS/ActiveFault/MapServer",
                "source_vector_endpoint": "https://gisweb.phivolcs.dost.gov.ph/arcgis/services/PHIVOLCS/ActiveFault/MapServer/KmlServer",
                "minimum_distance_to_caloocan_meters": 12825.71,
                "intersects_caloocan": false
            },
            "geometry": {
                "type": "LineString",
                "coordinates": [
                    [
                        121.057982716,
                        14.53330594800002
                    ],
                    [
                        121.058057995,
                        14.53355506499997
                    ],
                    [
                        121.0581168480001,
                        14.53373890400002
                    ],
                    [
                        121.058181184,
                        14.53398136200002
                    ],
                    [
                        121.058220884,
                        14.534142557
                    ],
                    [
                        121.058341349,
                        14.53461415200002
                    ],
                    [
                        121.058407057,
                        14.53487259600001
                    ],
                    [
                        121.058441278,
                        14.53499915399999
                    ],
                    [
                        121.058556282,
                        14.53550938500001
                    ],
                    [
                        121.058606947,
                        14.53576783300002
                    ],
                    [
                        121.058632964,
                        14.53590105299998
                    ],
                    [
                        121.058679556,
                        14.536287399
                    ],
                    [
                        121.058723371,
                        14.53649921900001
                    ],
                    [
                        121.058750752,
                        14.53661512000002
                    ],
                    [
                        121.058794566,
                        14.53682161099999
                    ],
                    [
                        121.0588274210001,
                        14.53695083299999
                    ],
                    [
                        121.058835637,
                        14.53699346399998
                    ],
                    [
                        121.05886851,
                        14.53719729300002
                    ],
                    [
                        121.058880845,
                        14.53730786800003
                    ],
                    [
                        121.058891849,
                        14.537574318
                    ],
                    [
                        121.058928846,
                        14.53787007199998
                    ],
                    [
                        121.058972693,
                        14.53821378599997
                    ],
                    [
                        121.058995973,
                        14.53833768099997
                    ],
                    [
                        121.05905214,
                        14.53872535699998
                    ],
                    [
                        121.059094646,
                        14.53917831600001
                    ],
                    [
                        121.059146715,
                        14.53958464499999
                    ],
                    [
                        121.059212486,
                        14.54010021599999
                    ],
                    [
                        121.059223033,
                        14.540179405
                    ]
                ]
            }
        },
        {
            "type": "Feature",
            "properties": {
                "official_fault_name": "West Valley Fault",
                "official_fault_system": "Valley Fault System",
                "official_segment_name": "02",
                "feature_class": "Active Fault",
                "trace_type": "Certain - Downthrown Area",
                "line_type": "Hachured (E) - red",
                "mapped_year": "2013",
                "mapping_scale": "1:5,000",
                "source_object_id": 2489,
                "source_active_fault_id": "201020178101081702681",
                "source_global_id": "{108CE1D8-2764-4294-9F95-0DB068F29505}",
                "source_agency": "DOST-PHIVOLCS",
                "source_service": "https://gisweb.phivolcs.dost.gov.ph/arcgis/rest/services/PHIVOLCS/ActiveFault/MapServer",
                "source_vector_endpoint": "https://gisweb.phivolcs.dost.gov.ph/arcgis/services/PHIVOLCS/ActiveFault/MapServer/KmlServer",
                "minimum_distance_to_caloocan_meters": 7875.89,
                "intersects_caloocan": false
            },
            "geometry": {
                "type": "LineString",
                "coordinates": [
                    [
                        121.089342969,
                        14.65790443499998
                    ],
                    [
                        121.08931713,
                        14.65777889700001
                    ],
                    [
                        121.0892765470001,
                        14.65763542899998
                    ],
                    [
                        121.089195389,
                        14.65737001500003
                    ],
                    [
                        121.08918079,
                        14.65731608499999
                    ]
                ]
            }
        },
        {
            "type": "Feature",
            "properties": {
                "official_fault_name": "West Valley Fault",
                "official_fault_system": "Valley Fault System",
                "official_segment_name": "02",
                "feature_class": "Active Fault",
                "trace_type": "Certain",
                "line_type": "Solid - red",
                "mapped_year": "2013",
                "mapping_scale": "1:5,000",
                "source_object_id": 2501,
                "source_active_fault_id": "201020178101052402694",
                "source_global_id": "{8B971BFD-BCF1-4919-9E95-F729A2BB9042}",
                "source_agency": "DOST-PHIVOLCS",
                "source_service": "https://gisweb.phivolcs.dost.gov.ph/arcgis/rest/services/PHIVOLCS/ActiveFault/MapServer",
                "source_vector_endpoint": "https://gisweb.phivolcs.dost.gov.ph/arcgis/services/PHIVOLCS/ActiveFault/MapServer/KmlServer",
                "minimum_distance_to_caloocan_meters": 8101.33,
                "intersects_caloocan": false
            },
            "geometry": {
                "type": "LineString",
                "coordinates": [
                    [
                        121.093002924,
                        14.66109917599999
                    ],
                    [
                        121.093054569,
                        14.66125698799999
                    ],
                    [
                        121.093135682,
                        14.66138967900002
                    ]
                ]
            }
        },
        {
            "type": "Feature",
            "properties": {
                "official_fault_name": "West Valley Fault",
                "official_fault_system": "Valley Fault System",
                "official_segment_name": "02",
                "feature_class": "Active Fault",
                "trace_type": "Certain - Downthrown Area",
                "line_type": "Hachured (E) - red",
                "mapped_year": "2013",
                "mapping_scale": "1:5,000",
                "source_object_id": 2507,
                "source_active_fault_id": "201020178101081702700",
                "source_global_id": "{9108AD54-D12A-40E5-AEC9-062DF5833091}",
                "source_agency": "DOST-PHIVOLCS",
                "source_service": "https://gisweb.phivolcs.dost.gov.ph/arcgis/rest/services/PHIVOLCS/ActiveFault/MapServer",
                "source_vector_endpoint": "https://gisweb.phivolcs.dost.gov.ph/arcgis/services/PHIVOLCS/ActiveFault/MapServer/KmlServer",
                "minimum_distance_to_caloocan_meters": 8097.76,
                "intersects_caloocan": false
            },
            "geometry": {
                "type": "LineString",
                "coordinates": [
                    [
                        121.083824923,
                        14.64469699799997
                    ],
                    [
                        121.083775422,
                        14.64452634899999
                    ],
                    [
                        121.083743925,
                        14.64442571199999
                    ],
                    [
                        121.083676388,
                        14.64408878099999
                    ],
                    [
                        121.083631373,
                        14.64388968700001
                    ],
                    [
                        121.08353014,
                        14.643589964
                    ],
                    [
                        121.083429485,
                        14.64334613300002
                    ],
                    [
                        121.083340992,
                        14.6431417
                    ],
                    [
                        121.083285668,
                        14.64296953899998
                    ],
                    [
                        121.083152932,
                        14.64267185599999
                    ],
                    [
                        121.083053376,
                        14.64243514200001
                    ],
                    [
                        121.082999396,
                        14.64228900199998
                    ],
                    [
                        121.082979222,
                        14.64224414799998
                    ]
                ]
            }
        },
        {
            "type": "Feature",
            "properties": {
                "official_fault_name": "West Valley Fault",
                "official_fault_system": "Valley Fault System",
                "official_segment_name": "02",
                "feature_class": "Active Fault",
                "trace_type": "Certain",
                "line_type": "Solid - red",
                "mapped_year": "2013",
                "mapping_scale": "1:5,000",
                "source_object_id": 2537,
                "source_active_fault_id": "201020178101052402733",
                "source_global_id": "{0451B6A1-6B61-4306-B833-EFFD6E06E615}",
                "source_agency": "DOST-PHIVOLCS",
                "source_service": "https://gisweb.phivolcs.dost.gov.ph/arcgis/rest/services/PHIVOLCS/ActiveFault/MapServer",
                "source_vector_endpoint": "https://gisweb.phivolcs.dost.gov.ph/arcgis/services/PHIVOLCS/ActiveFault/MapServer/KmlServer",
                "minimum_distance_to_caloocan_meters": 8297.26,
                "intersects_caloocan": false
            },
            "geometry": {
                "type": "LineString",
                "coordinates": [
                    [
                        121.084355635,
                        14.64117966700002
                    ],
                    [
                        121.084481022,
                        14.64153115800002
                    ],
                    [
                        121.084554798,
                        14.64178940199997
                    ],
                    [
                        121.084647089,
                        14.64231308400002
                    ],
                    [
                        121.084720856,
                        14.64254621800001
                    ],
                    [
                        121.08489048,
                        14.64296584800002
                    ],
                    [
                        121.084953176,
                        14.64314517999998
                    ]
                ]
            }
        },
        {
            "type": "Feature",
            "properties": {
                "official_fault_name": "West Valley Fault",
                "official_fault_system": "Valley Fault System",
                "official_segment_name": "02",
                "feature_class": "Active Fault",
                "trace_type": "Certain - Downthrown Area",
                "line_type": "Hachured (E) - red",
                "mapped_year": "2013",
                "mapping_scale": "1:10,000",
                "source_object_id": 2539,
                "source_active_fault_id": "201020178101081702735",
                "source_global_id": "{C025F191-4C70-44BA-A781-BDAA58220ACB}",
                "source_agency": "DOST-PHIVOLCS",
                "source_service": "https://gisweb.phivolcs.dost.gov.ph/arcgis/rest/services/PHIVOLCS/ActiveFault/MapServer",
                "source_vector_endpoint": "https://gisweb.phivolcs.dost.gov.ph/arcgis/services/PHIVOLCS/ActiveFault/MapServer/KmlServer",
                "minimum_distance_to_caloocan_meters": 4562.12,
                "intersects_caloocan": false
            },
            "geometry": {
                "type": "LineString",
                "coordinates": [
                    [
                        121.1448603390001,
                        14.765691146
                    ],
                    [
                        121.144367803,
                        14.76517720499999
                    ],
                    [
                        121.144072756,
                        14.76494402600002
                    ],
                    [
                        121.143894299,
                        14.76483695299999
                    ],
                    [
                        121.143668253,
                        14.764715604
                    ],
                    [
                        121.143394621,
                        14.76450859800002
                    ],
                    [
                        121.143056743,
                        14.76429207299998
                    ],
                    [
                        121.14245237,
                        14.76390185299999
                    ],
                    [
                        121.142214428,
                        14.76373767600001
                    ]
                ]
            }
        },
        {
            "type": "Feature",
            "properties": {
                "official_fault_name": "West Valley Fault",
                "official_fault_system": "Valley Fault System",
                "official_segment_name": "02",
                "feature_class": "Active Fault",
                "trace_type": "Certain",
                "line_type": "Solid - red",
                "mapped_year": "2013",
                "mapping_scale": "1:50,000",
                "source_object_id": 2554,
                "source_active_fault_id": "201020178101052402750",
                "source_global_id": "{171CC33F-58EB-4C61-8E7E-25969BC2CC74}",
                "source_agency": "DOST-PHIVOLCS",
                "source_service": "https://gisweb.phivolcs.dost.gov.ph/arcgis/rest/services/PHIVOLCS/ActiveFault/MapServer",
                "source_vector_endpoint": "https://gisweb.phivolcs.dost.gov.ph/arcgis/services/PHIVOLCS/ActiveFault/MapServer/KmlServer",
                "minimum_distance_to_caloocan_meters": 12875.62,
                "intersects_caloocan": false
            },
            "geometry": {
                "type": "LineString",
                "coordinates": [
                    [
                        121.166458172,
                        14.877861645
                    ],
                    [
                        121.163566628,
                        14.87114689600003
                    ],
                    [
                        121.162971332,
                        14.86940842299998
                    ]
                ]
            }
        },
        {
            "type": "Feature",
            "properties": {
                "official_fault_name": "West Valley Fault",
                "official_fault_system": "Valley Fault System",
                "official_segment_name": "02",
                "feature_class": "Active Fault",
                "trace_type": "Certain - Downthrown Area",
                "line_type": "Hachured (E) - red",
                "mapped_year": "2013",
                "mapping_scale": "1:5,000",
                "source_object_id": 2559,
                "source_active_fault_id": "201020178101081702755",
                "source_global_id": "{20A05A65-E6E4-4CFF-BF54-E42950CB5A9F}",
                "source_agency": "DOST-PHIVOLCS",
                "source_service": "https://gisweb.phivolcs.dost.gov.ph/arcgis/rest/services/PHIVOLCS/ActiveFault/MapServer",
                "source_vector_endpoint": "https://gisweb.phivolcs.dost.gov.ph/arcgis/services/PHIVOLCS/ActiveFault/MapServer/KmlServer",
                "minimum_distance_to_caloocan_meters": 5094.69,
                "intersects_caloocan": false
            },
            "geometry": {
                "type": "LineString",
                "coordinates": [
                    [
                        121.120399433,
                        14.72078733900003
                    ],
                    [
                        121.120340966,
                        14.72057214500001
                    ],
                    [
                        121.120257876,
                        14.72025234099999
                    ],
                    [
                        121.1201871440001,
                        14.72007302399999
                    ],
                    [
                        121.120144081,
                        14.719947499
                    ],
                    [
                        121.120076411,
                        14.71975024400001
                    ],
                    [
                        121.120045639,
                        14.71963667
                    ],
                    [
                        121.1200240760001,
                        14.71951113400002
                    ],
                    [
                        121.119984103,
                        14.71942147800002
                    ],
                    [
                        121.1198919,
                        14.71929597600001
                    ],
                    [
                        121.119790456,
                        14.71911667400002
                    ],
                    [
                        121.119679759,
                        14.71886264599999
                    ],
                    [
                        121.119599814,
                        14.718683333
                    ]
                ]
            }
        },
        {
            "type": "Feature",
            "properties": {
                "official_fault_name": "West Valley Fault",
                "official_fault_system": "Valley Fault System",
                "official_segment_name": "02",
                "feature_class": "Active Fault",
                "trace_type": "Approximate",
                "line_type": "Dashed - red",
                "mapped_year": "2013",
                "mapping_scale": "1:5,000",
                "source_object_id": 2564,
                "source_active_fault_id": "201020178101010202760",
                "source_global_id": "{50821D67-48B7-4271-9794-CF147A2F55D3}",
                "source_agency": "DOST-PHIVOLCS",
                "source_service": "https://gisweb.phivolcs.dost.gov.ph/arcgis/rest/services/PHIVOLCS/ActiveFault/MapServer",
                "source_vector_endpoint": "https://gisweb.phivolcs.dost.gov.ph/arcgis/services/PHIVOLCS/ActiveFault/MapServer/KmlServer",
                "minimum_distance_to_caloocan_meters": 5541.32,
                "intersects_caloocan": false
            },
            "geometry": {
                "type": "LineString",
                "coordinates": [
                    [
                        121.111373265,
                        14.70276480899997
                    ],
                    [
                        121.111452973,
                        14.70295608800001
                    ],
                    [
                        121.111503151,
                        14.703063122
                    ],
                    [
                        121.111535457,
                        14.70316907099999
                    ],
                    [
                        121.111579041,
                        14.703363916
                    ],
                    [
                        121.111633593,
                        14.70357810899998
                    ],
                    [
                        121.111698063,
                        14.70380347100002
                    ],
                    [
                        121.111737177,
                        14.70387424299997
                    ],
                    [
                        121.111807252,
                        14.70398899700001
                    ],
                    [
                        121.111888412,
                        14.70416472599999
                    ],
                    [
                        121.112010155,
                        14.70443369899999
                    ],
                    [
                        121.112150312,
                        14.704677554
                    ],
                    [
                        121.112290451,
                        14.70488195199999
                    ],
                    [
                        121.112367911,
                        14.70502539799998
                    ],
                    [
                        121.11243431,
                        14.70515808900001
                    ],
                    [
                        121.112538018,
                        14.705251299
                    ],
                    [
                        121.112626049,
                        14.70537322400003
                    ],
                    [
                        121.112755098,
                        14.70550588600003
                    ],
                    [
                        121.113031665,
                        14.70585728899999
                    ],
                    [
                        121.113245562,
                        14.706165677
                    ],
                    [
                        121.113287994,
                        14.70621319000003
                    ]
                ]
            }
        },
        {
            "type": "Feature",
            "properties": {
                "official_fault_name": "West Valley Fault",
                "official_fault_system": "Valley Fault System",
                "official_segment_name": "02",
                "feature_class": "Active Fault",
                "trace_type": "Approximate",
                "line_type": "Dashed - red",
                "mapped_year": "2013",
                "mapping_scale": "1:5,000",
                "source_object_id": 2577,
                "source_active_fault_id": "201020178101010202773",
                "source_global_id": "{F20CCDBD-6F24-42F7-A2B1-7E25AF44F50D}",
                "source_agency": "DOST-PHIVOLCS",
                "source_service": "https://gisweb.phivolcs.dost.gov.ph/arcgis/rest/services/PHIVOLCS/ActiveFault/MapServer",
                "source_vector_endpoint": "https://gisweb.phivolcs.dost.gov.ph/arcgis/services/PHIVOLCS/ActiveFault/MapServer/KmlServer",
                "minimum_distance_to_caloocan_meters": 8360.49,
                "intersects_caloocan": false
            },
            "geometry": {
                "type": "LineString",
                "coordinates": [
                    [
                        121.0789633110001,
                        14.633129129
                    ],
                    [
                        121.07907604,
                        14.633444865
                    ],
                    [
                        121.079144879,
                        14.63365528499998
                    ],
                    [
                        121.0791802810001,
                        14.63376049499999
                    ],
                    [
                        121.079260886,
                        14.63390203900002
                    ],
                    [
                        121.0792923400001,
                        14.63395177000001
                    ],
                    [
                        121.079316684,
                        14.63400176900001
                    ],
                    [
                        121.079336599,
                        14.63405032899999
                    ],
                    [
                        121.079345987,
                        14.634105068
                    ],
                    [
                        121.079357732,
                        14.634200862
                    ],
                    [
                        121.079364802,
                        14.63432859099999
                    ],
                    [
                        121.07939999,
                        14.634476839
                    ],
                    [
                        121.079457621,
                        14.63465956700003
                    ],
                    [
                        121.079481233,
                        14.634728166
                    ],
                    [
                        121.079530674,
                        14.63482570399998
                    ],
                    [
                        121.079591522,
                        14.63495910799998
                    ],
                    [
                        121.079658071,
                        14.63517790600002
                    ],
                    [
                        121.079786882,
                        14.63562076
                    ],
                    [
                        121.079967525,
                        14.63598299699999
                    ],
                    [
                        121.0802255900001,
                        14.63651021499999
                    ],
                    [
                        121.080339858,
                        14.63668953199999
                    ],
                    [
                        121.080476242,
                        14.636901126
                    ]
                ]
            }
        },
        {
            "type": "Feature",
            "properties": {
                "official_fault_name": "West Valley Fault",
                "official_fault_system": "Valley Fault System",
                "official_segment_name": "02",
                "feature_class": "Active Fault",
                "trace_type": "Certain - Downthrown Area",
                "line_type": "Hachured (E) - red",
                "mapped_year": "2013",
                "mapping_scale": "1:5,000",
                "source_object_id": 2586,
                "source_active_fault_id": "201020178101081702782",
                "source_global_id": "{1951F31A-F981-447B-923D-071A13755DD8}",
                "source_agency": "DOST-PHIVOLCS",
                "source_service": "https://gisweb.phivolcs.dost.gov.ph/arcgis/rest/services/PHIVOLCS/ActiveFault/MapServer",
                "source_vector_endpoint": "https://gisweb.phivolcs.dost.gov.ph/arcgis/services/PHIVOLCS/ActiveFault/MapServer/KmlServer",
                "minimum_distance_to_caloocan_meters": 7808.86,
                "intersects_caloocan": false
            },
            "geometry": {
                "type": "LineString",
                "coordinates": [
                    [
                        121.097742068,
                        14.67348887000003
                    ],
                    [
                        121.097698466,
                        14.67346197699999
                    ],
                    [
                        121.0976579120001,
                        14.67340818700001
                    ],
                    [
                        121.097569396,
                        14.673210934
                    ],
                    [
                        121.0973997580001,
                        14.67287381699998
                    ],
                    [
                        121.097145305,
                        14.67237172799997
                    ]
                ]
            }
        },
        {
            "type": "Feature",
            "properties": {
                "official_fault_name": "West Valley Fault",
                "official_fault_system": "Valley Fault System",
                "official_segment_name": "02",
                "feature_class": "Active Fault",
                "trace_type": "Certain - Downthrown Area",
                "line_type": "Hachured (E) - red",
                "mapped_year": "2013",
                "mapping_scale": "1:10,000",
                "source_object_id": 2590,
                "source_active_fault_id": "201020178101081702786",
                "source_global_id": "{4ED3BCC2-C816-403F-A8BD-50F37B19F6DC}",
                "source_agency": "DOST-PHIVOLCS",
                "source_service": "https://gisweb.phivolcs.dost.gov.ph/arcgis/rest/services/PHIVOLCS/ActiveFault/MapServer",
                "source_vector_endpoint": "https://gisweb.phivolcs.dost.gov.ph/arcgis/services/PHIVOLCS/ActiveFault/MapServer/KmlServer",
                "minimum_distance_to_caloocan_meters": 3926.28,
                "intersects_caloocan": false
            },
            "geometry": {
                "type": "LineString",
                "coordinates": [
                    [
                        121.137528083,
                        14.75854462400002
                    ],
                    [
                        121.1372486940001,
                        14.75817174500003
                    ],
                    [
                        121.137116141,
                        14.757923312
                    ],
                    [
                        121.136919025,
                        14.75769934599998
                    ],
                    [
                        121.136590379,
                        14.75718367600001
                    ],
                    [
                        121.136427736,
                        14.75696369799999
                    ],
                    [
                        121.13617632,
                        14.75662451900001
                    ],
                    [
                        121.13599056,
                        14.75637645799998
                    ],
                    [
                        121.135660212,
                        14.75606433199999
                    ]
                ]
            }
        },
        {
            "type": "Feature",
            "properties": {
                "official_fault_name": "West Valley Fault",
                "official_fault_system": "Valley Fault System",
                "official_segment_name": "02",
                "feature_class": "Active Fault",
                "trace_type": "Certain",
                "line_type": "Solid - red",
                "mapped_year": "2013",
                "mapping_scale": "1:5,000",
                "source_object_id": 2642,
                "source_active_fault_id": "201020178101052402838",
                "source_global_id": "{C457AA7A-CEEC-468B-B08C-D7B97E3F852C}",
                "source_agency": "DOST-PHIVOLCS",
                "source_service": "https://gisweb.phivolcs.dost.gov.ph/arcgis/rest/services/PHIVOLCS/ActiveFault/MapServer",
                "source_vector_endpoint": "https://gisweb.phivolcs.dost.gov.ph/arcgis/services/PHIVOLCS/ActiveFault/MapServer/KmlServer",
                "minimum_distance_to_caloocan_meters": 9585.34,
                "intersects_caloocan": false
            },
            "geometry": {
                "type": "LineString",
                "coordinates": [
                    [
                        121.07389173,
                        14.59937759500002
                    ],
                    [
                        121.074005103,
                        14.60000658600001
                    ]
                ]
            }
        },
        {
            "type": "Feature",
            "properties": {
                "official_fault_name": "West Valley Fault",
                "official_fault_system": "Valley Fault System",
                "official_segment_name": "02",
                "feature_class": "Active Fault",
                "trace_type": "Approximate",
                "line_type": "Dashed - red",
                "mapped_year": "2013",
                "mapping_scale": "1:5,000",
                "source_object_id": 2644,
                "source_active_fault_id": "201020178101010202840",
                "source_global_id": "{DE6A1B8F-748D-4155-A089-88074997674A}",
                "source_agency": "DOST-PHIVOLCS",
                "source_service": "https://gisweb.phivolcs.dost.gov.ph/arcgis/rest/services/PHIVOLCS/ActiveFault/MapServer",
                "source_vector_endpoint": "https://gisweb.phivolcs.dost.gov.ph/arcgis/services/PHIVOLCS/ActiveFault/MapServer/KmlServer",
                "minimum_distance_to_caloocan_meters": 7887.29,
                "intersects_caloocan": false
            },
            "geometry": {
                "type": "LineString",
                "coordinates": [
                    [
                        121.088635504,
                        14.65587237300002
                    ],
                    [
                        121.088682726,
                        14.655974829
                    ],
                    [
                        121.088774888,
                        14.65611110499998
                    ],
                    [
                        121.088859688,
                        14.656265319
                    ],
                    [
                        121.088903939,
                        14.656365741
                    ],
                    [
                        121.088966636,
                        14.65652713600002
                    ],
                    [
                        121.089018258,
                        14.65663473000001
                    ],
                    [
                        121.089051498,
                        14.65684635500003
                    ],
                    [
                        121.089106843,
                        14.65705438499998
                    ],
                    [
                        121.089158493,
                        14.65723372000002
                    ],
                    [
                        121.08918079,
                        14.65731608499999
                    ]
                ]
            }
        },
        {
            "type": "Feature",
            "properties": {
                "official_fault_name": "West Valley Fault",
                "official_fault_system": "Valley Fault System",
                "official_segment_name": "02",
                "feature_class": "Active Fault",
                "trace_type": "Certain - Downthrown Area",
                "line_type": "Hachured (E) - red",
                "mapped_year": "2013",
                "mapping_scale": "1:5,000",
                "source_object_id": 2645,
                "source_active_fault_id": "201020178101081702841",
                "source_global_id": "{5AD2066B-6EE0-453D-BD59-C027F686A1D9}",
                "source_agency": "DOST-PHIVOLCS",
                "source_service": "https://gisweb.phivolcs.dost.gov.ph/arcgis/rest/services/PHIVOLCS/ActiveFault/MapServer",
                "source_vector_endpoint": "https://gisweb.phivolcs.dost.gov.ph/arcgis/services/PHIVOLCS/ActiveFault/MapServer/KmlServer",
                "minimum_distance_to_caloocan_meters": 8099.67,
                "intersects_caloocan": false
            },
            "geometry": {
                "type": "LineString",
                "coordinates": [
                    [
                        121.095319477,
                        14.66769849500003
                    ],
                    [
                        121.095167403,
                        14.667287284
                    ],
                    [
                        121.095120284,
                        14.66714616399997
                    ],
                    [
                        121.095042817,
                        14.66692379599999
                    ],
                    [
                        121.094946887,
                        14.66660099699999
                    ],
                    [
                        121.094832539,
                        14.66629255300001
                    ],
                    [
                        121.094766151,
                        14.66613116000002
                    ],
                    [
                        121.094670239,
                        14.665851406
                    ],
                    [
                        121.094589071,
                        14.66558599400003
                    ],
                    [
                        121.094507919,
                        14.66536004
                    ]
                ]
            }
        },
        {
            "type": "Feature",
            "properties": {
                "official_fault_name": "East Valley Fault",
                "official_fault_system": "Valley Fault System",
                "official_segment_name": "01",
                "feature_class": "Active Fault",
                "trace_type": "Approximate",
                "line_type": "Dashed - red",
                "mapped_year": "2014",
                "mapping_scale": "1:10,000",
                "source_object_id": 2663,
                "source_active_fault_id": "201020173201010202859",
                "source_global_id": "{67C24989-87AB-4AA9-BEC8-BC91AD7D5A71}",
                "source_agency": "DOST-PHIVOLCS",
                "source_service": "https://gisweb.phivolcs.dost.gov.ph/arcgis/rest/services/PHIVOLCS/ActiveFault/MapServer",
                "source_vector_endpoint": "https://gisweb.phivolcs.dost.gov.ph/arcgis/services/PHIVOLCS/ActiveFault/MapServer/KmlServer",
                "minimum_distance_to_caloocan_meters": 8502.06,
                "intersects_caloocan": false
            },
            "geometry": {
                "type": "LineString",
                "coordinates": [
                    [
                        121.141920145,
                        14.69318895200001
                    ],
                    [
                        121.1389484820001,
                        14.69154724499998
                    ],
                    [
                        121.135710313,
                        14.68966109600001
                    ],
                    [
                        121.1344885,
                        14.68864403399999
                    ],
                    [
                        121.133463368,
                        14.687519667
                    ],
                    [
                        121.132322682,
                        14.68682991100002
                    ],
                    [
                        121.13167242,
                        14.68638323200003
                    ],
                    [
                        121.131268677,
                        14.68581418999997
                    ],
                    [
                        121.129746286,
                        14.68397802499999
                    ]
                ]
            }
        },
        {
            "type": "Feature",
            "properties": {
                "official_fault_name": "West Valley Fault",
                "official_fault_system": "Valley Fault System",
                "official_segment_name": "02",
                "feature_class": "Active Fault",
                "trace_type": "Approximate",
                "line_type": "Dashed - red",
                "mapped_year": "2013",
                "mapping_scale": "1:5,000",
                "source_object_id": 2664,
                "source_active_fault_id": "201020178101010202860",
                "source_global_id": "{A3E3B41E-72DE-4E23-A078-6B657286953C}",
                "source_agency": "DOST-PHIVOLCS",
                "source_service": "https://gisweb.phivolcs.dost.gov.ph/arcgis/rest/services/PHIVOLCS/ActiveFault/MapServer",
                "source_vector_endpoint": "https://gisweb.phivolcs.dost.gov.ph/arcgis/services/PHIVOLCS/ActiveFault/MapServer/KmlServer",
                "minimum_distance_to_caloocan_meters": 8376.97,
                "intersects_caloocan": false
            },
            "geometry": {
                "type": "LineString",
                "coordinates": [
                    [
                        121.082963318,
                        14.63770741399998
                    ],
                    [
                        121.0830813280001,
                        14.63804456000003
                    ],
                    [
                        121.083269372,
                        14.63848212099998
                    ],
                    [
                        121.08336157,
                        14.63875112099998
                    ],
                    [
                        121.083542213,
                        14.63909183300001
                    ],
                    [
                        121.0836712399999,
                        14.63932136199998
                    ],
                    [
                        121.083744973,
                        14.63946482099999
                    ],
                    [
                        121.083844528,
                        14.639697947
                    ],
                    [
                        121.083995743,
                        14.64016421600002
                    ],
                    [
                        121.0841432680001,
                        14.64060896299998
                    ],
                    [
                        121.084272347,
                        14.64098556300002
                    ],
                    [
                        121.084355635,
                        14.64117966700002
                    ]
                ]
            }
        },
        {
            "type": "Feature",
            "properties": {
                "official_fault_name": "West Valley Fault",
                "official_fault_system": "Valley Fault System",
                "official_segment_name": "02",
                "feature_class": "Active Fault",
                "trace_type": "Approximate",
                "line_type": "Dashed - red",
                "mapped_year": "2013",
                "mapping_scale": "1:50,000",
                "source_object_id": 2672,
                "source_active_fault_id": "201020178101010202868",
                "source_global_id": "{4903BD0F-C1E1-4D42-A186-F5652C998A23}",
                "source_agency": "DOST-PHIVOLCS",
                "source_service": "https://gisweb.phivolcs.dost.gov.ph/arcgis/rest/services/PHIVOLCS/ActiveFault/MapServer",
                "source_vector_endpoint": "https://gisweb.phivolcs.dost.gov.ph/arcgis/services/PHIVOLCS/ActiveFault/MapServer/KmlServer",
                "minimum_distance_to_caloocan_meters": 14362.64,
                "intersects_caloocan": false
            },
            "geometry": {
                "type": "LineString",
                "coordinates": [
                    [
                        121.1767833930001,
                        14.89733588299998
                    ],
                    [
                        121.174221685,
                        14.88897924299999
                    ],
                    [
                        121.169563021,
                        14.88119661799999
                    ]
                ]
            }
        },
        {
            "type": "Feature",
            "properties": {
                "official_fault_name": "West Valley Fault",
                "official_fault_system": "Valley Fault System",
                "official_segment_name": "02",
                "feature_class": "Active Fault",
                "trace_type": "Approximate",
                "line_type": "Dashed - red",
                "mapped_year": "2013",
                "mapping_scale": "1:50,000",
                "source_object_id": 2683,
                "source_active_fault_id": "201020178101010202880",
                "source_global_id": "{9D927627-C6B9-47BE-A741-4D750C0A6C5B}",
                "source_agency": "DOST-PHIVOLCS",
                "source_service": "https://gisweb.phivolcs.dost.gov.ph/arcgis/rest/services/PHIVOLCS/ActiveFault/MapServer",
                "source_vector_endpoint": "https://gisweb.phivolcs.dost.gov.ph/arcgis/services/PHIVOLCS/ActiveFault/MapServer/KmlServer",
                "minimum_distance_to_caloocan_meters": 14347.97,
                "intersects_caloocan": false
            },
            "geometry": {
                "type": "LineString",
                "coordinates": [
                    [
                        121.1672665800001,
                        14.88502408300002
                    ],
                    [
                        121.16716981,
                        14.88485136499998
                    ],
                    [
                        121.166568367,
                        14.88394834000002
                    ],
                    [
                        121.166005671,
                        14.88310300000001
                    ]
                ]
            }
        },
        {
            "type": "Feature",
            "properties": {
                "official_fault_name": "West Valley Fault",
                "official_fault_system": "Valley Fault System",
                "official_segment_name": "02",
                "feature_class": "Active Fault",
                "trace_type": "Certain - Downthrown Area",
                "line_type": "Hachured (W) - red",
                "mapped_year": "2013",
                "mapping_scale": "1:50,000",
                "source_object_id": 2731,
                "source_active_fault_id": "201020178101082202928",
                "source_global_id": "{0E115735-E7F5-4294-99D6-9FAED7C49C0A}",
                "source_agency": "DOST-PHIVOLCS",
                "source_service": "https://gisweb.phivolcs.dost.gov.ph/arcgis/rest/services/PHIVOLCS/ActiveFault/MapServer",
                "source_vector_endpoint": "https://gisweb.phivolcs.dost.gov.ph/arcgis/services/PHIVOLCS/ActiveFault/MapServer/KmlServer",
                "minimum_distance_to_caloocan_meters": 15052.5,
                "intersects_caloocan": false
            },
            "geometry": {
                "type": "LineString",
                "coordinates": [
                    [
                        121.1690965719999,
                        14.89024191499999
                    ],
                    [
                        121.168580751,
                        14.888980608
                    ]
                ]
            }
        },
        {
            "type": "Feature",
            "properties": {
                "official_fault_name": "West Valley Fault",
                "official_fault_system": "Valley Fault System",
                "official_segment_name": "02",
                "feature_class": "Active Fault",
                "trace_type": "Approximate",
                "line_type": "Dashed - red",
                "mapped_year": "2013",
                "mapping_scale": "1:5,000",
                "source_object_id": 2736,
                "source_active_fault_id": "201020178101010202933",
                "source_global_id": "{CD4DEB22-A977-45A3-A8DE-EECB8ED9F25C}",
                "source_agency": "DOST-PHIVOLCS",
                "source_service": "https://gisweb.phivolcs.dost.gov.ph/arcgis/rest/services/PHIVOLCS/ActiveFault/MapServer",
                "source_vector_endpoint": "https://gisweb.phivolcs.dost.gov.ph/arcgis/services/PHIVOLCS/ActiveFault/MapServer/KmlServer",
                "minimum_distance_to_caloocan_meters": 9990.85,
                "intersects_caloocan": false
            },
            "geometry": {
                "type": "LineString",
                "coordinates": [
                    [
                        121.072547524,
                        14.58923289299997
                    ],
                    [
                        121.072618974,
                        14.589718963
                    ]
                ]
            }
        },
        {
            "type": "Feature",
            "properties": {
                "official_fault_name": "West Valley Fault",
                "official_fault_system": "Valley Fault System",
                "official_segment_name": "02",
                "feature_class": "Active Fault",
                "trace_type": "Certain - Downthrown Area",
                "line_type": "Hachured (E) - red",
                "mapped_year": "2013",
                "mapping_scale": "1:5,000",
                "source_object_id": 2743,
                "source_active_fault_id": "201020178101081702940",
                "source_global_id": "{E1CC7814-72CA-48C0-8BD0-6A3613EBE7FC}",
                "source_agency": "DOST-PHIVOLCS",
                "source_service": "https://gisweb.phivolcs.dost.gov.ph/arcgis/rest/services/PHIVOLCS/ActiveFault/MapServer",
                "source_vector_endpoint": "https://gisweb.phivolcs.dost.gov.ph/arcgis/services/PHIVOLCS/ActiveFault/MapServer/KmlServer",
                "minimum_distance_to_caloocan_meters": 10708.29,
                "intersects_caloocan": false
            },
            "geometry": {
                "type": "LineString",
                "coordinates": [
                    [
                        121.068698591,
                        14.57349967599998
                    ],
                    [
                        121.068619309,
                        14.57323330700001
                    ],
                    [
                        121.0685455840001,
                        14.57300853599998
                    ],
                    [
                        121.068511133,
                        14.57273592600001
                    ],
                    [
                        121.068511051,
                        14.57244417599998
                    ],
                    [
                        121.068491356,
                        14.57225765300001
                    ],
                    [
                        121.068456909,
                        14.57199939100002
                    ],
                    [
                        121.06842737,
                        14.57173156300001
                    ],
                    [
                        121.068407687,
                        14.57158808399998
                    ],
                    [
                        121.0683683570001,
                        14.57143026300003
                    ],
                    [
                        121.068338856,
                        14.571301135
                    ],
                    [
                        121.06827005,
                        14.57110027599998
                    ],
                    [
                        121.06823561,
                        14.57086592899998
                    ],
                    [
                        121.0681765959999,
                        14.57055984599998
                    ],
                    [
                        121.068161812,
                        14.57037332099998
                    ],
                    [
                        121.068132251,
                        14.57002418500002
                    ],
                    [
                        121.068097773,
                        14.56965113699999
                    ],
                    [
                        121.0680731700001,
                        14.56947417999999
                    ]
                ]
            }
        },
        {
            "type": "Feature",
            "properties": {
                "official_fault_name": "West Valley Fault",
                "official_fault_system": "Valley Fault System",
                "official_segment_name": "02",
                "feature_class": "Active Fault",
                "trace_type": "Certain",
                "line_type": "Solid - red",
                "mapped_year": "2013",
                "mapping_scale": "1:5,000",
                "source_object_id": 2744,
                "source_active_fault_id": "201020178101052402941",
                "source_global_id": "{AB68E92A-334D-4F85-8FA0-F2BC30BEFAFF}",
                "source_agency": "DOST-PHIVOLCS",
                "source_service": "https://gisweb.phivolcs.dost.gov.ph/arcgis/rest/services/PHIVOLCS/ActiveFault/MapServer",
                "source_vector_endpoint": "https://gisweb.phivolcs.dost.gov.ph/arcgis/services/PHIVOLCS/ActiveFault/MapServer/KmlServer",
                "minimum_distance_to_caloocan_meters": 7181.03,
                "intersects_caloocan": false
            },
            "geometry": {
                "type": "LineString",
                "coordinates": [
                    [
                        121.103171936,
                        14.68112733999999
                    ],
                    [
                        121.103245525,
                        14.68129056599997
                    ],
                    [
                        121.103275429,
                        14.68137777300001
                    ],
                    [
                        121.103321457,
                        14.68156113800001
                    ],
                    [
                        121.103365175,
                        14.68171319499999
                    ]
                ]
            }
        },
        {
            "type": "Feature",
            "properties": {
                "official_fault_name": "West Valley Fault",
                "official_fault_system": "Valley Fault System",
                "official_segment_name": "02",
                "feature_class": "Active Fault",
                "trace_type": "Certain - Downthrown Area",
                "line_type": "Hachured (E) - red",
                "mapped_year": "2013",
                "mapping_scale": "1:5,000",
                "source_object_id": 2803,
                "source_active_fault_id": "201020178101081703001",
                "source_global_id": "{9BFBFD99-04AD-40C4-A54F-D0BC0833D847}",
                "source_agency": "DOST-PHIVOLCS",
                "source_service": "https://gisweb.phivolcs.dost.gov.ph/arcgis/rest/services/PHIVOLCS/ActiveFault/MapServer",
                "source_vector_endpoint": "https://gisweb.phivolcs.dost.gov.ph/arcgis/services/PHIVOLCS/ActiveFault/MapServer/KmlServer",
                "minimum_distance_to_caloocan_meters": 5620.02,
                "intersects_caloocan": false
            },
            "geometry": {
                "type": "LineString",
                "coordinates": [
                    [
                        121.114334732,
                        14.70620979099999
                    ],
                    [
                        121.114284524,
                        14.706029027
                    ],
                    [
                        121.114173836,
                        14.70576650700002
                    ],
                    [
                        121.114041039,
                        14.70550830100001
                    ],
                    [
                        121.113967272,
                        14.70538350599998
                    ],
                    [
                        121.113704706,
                        14.70502779200001
                    ],
                    [
                        121.113523267,
                        14.704773913
                    ]
                ]
            }
        },
        {
            "type": "Feature",
            "properties": {
                "official_fault_name": "West Valley Fault",
                "official_fault_system": "Valley Fault System",
                "official_segment_name": "02",
                "feature_class": "Active Fault",
                "trace_type": "Certain",
                "line_type": "Solid - red",
                "mapped_year": "2013",
                "mapping_scale": "1:5,000",
                "source_object_id": 2812,
                "source_active_fault_id": "201020178101052403010",
                "source_global_id": "{7C32CDB7-74BC-4F7F-98AA-299F063580CE}",
                "source_agency": "DOST-PHIVOLCS",
                "source_service": "https://gisweb.phivolcs.dost.gov.ph/arcgis/rest/services/PHIVOLCS/ActiveFault/MapServer",
                "source_vector_endpoint": "https://gisweb.phivolcs.dost.gov.ph/arcgis/services/PHIVOLCS/ActiveFault/MapServer/KmlServer",
                "minimum_distance_to_caloocan_meters": 7995.72,
                "intersects_caloocan": false
            },
            "geometry": {
                "type": "LineString",
                "coordinates": [
                    [
                        121.085313962,
                        14.648460661
                    ],
                    [
                        121.085553542,
                        14.64873319700001
                    ],
                    [
                        121.085822585,
                        14.64897343899997
                    ]
                ]
            }
        },
        {
            "type": "Feature",
            "properties": {
                "official_fault_name": "West Valley Fault",
                "official_fault_system": "Valley Fault System",
                "official_segment_name": "02",
                "feature_class": "Active Fault",
                "trace_type": "Approximate",
                "line_type": "Dashed - red",
                "mapped_year": "2013",
                "mapping_scale": "1:5,000",
                "source_object_id": 2818,
                "source_active_fault_id": "201020178101010203016",
                "source_global_id": "{8DB82813-6AF4-4FFB-96DE-6D361BBDDED2}",
                "source_agency": "DOST-PHIVOLCS",
                "source_service": "https://gisweb.phivolcs.dost.gov.ph/arcgis/rest/services/PHIVOLCS/ActiveFault/MapServer",
                "source_vector_endpoint": "https://gisweb.phivolcs.dost.gov.ph/arcgis/services/PHIVOLCS/ActiveFault/MapServer/KmlServer",
                "minimum_distance_to_caloocan_meters": 17205.89,
                "intersects_caloocan": false
            },
            "geometry": {
                "type": "LineString",
                "coordinates": [
                    [
                        121.052342339,
                        14.49243401400003
                    ],
                    [
                        121.0523472050001,
                        14.49234815800003
                    ],
                    [
                        121.052261048,
                        14.49197165200002
                    ],
                    [
                        121.052244879,
                        14.49189701300003
                    ],
                    [
                        121.05220606,
                        14.49171782100001
                    ],
                    [
                        121.052175462,
                        14.49159928799998
                    ],
                    [
                        121.052155384,
                        14.491385181
                    ],
                    [
                        121.052148072,
                        14.49127244099998
                    ],
                    [
                        121.052134307,
                        14.49112573999997
                    ]
                ]
            }
        },
        {
            "type": "Feature",
            "properties": {
                "official_fault_name": "West Valley Fault",
                "official_fault_system": "Valley Fault System",
                "official_segment_name": "02",
                "feature_class": "Active Fault",
                "trace_type": "Approximate",
                "line_type": "Dashed - red",
                "mapped_year": "2013",
                "mapping_scale": "1:5,000",
                "source_object_id": 2829,
                "source_active_fault_id": "201020178101010203029",
                "source_global_id": "{149AA943-CCBC-4ECF-9FBD-9DDAC5F6EB7A}",
                "source_agency": "DOST-PHIVOLCS",
                "source_service": "https://gisweb.phivolcs.dost.gov.ph/arcgis/rest/services/PHIVOLCS/ActiveFault/MapServer",
                "source_vector_endpoint": "https://gisweb.phivolcs.dost.gov.ph/arcgis/services/PHIVOLCS/ActiveFault/MapServer/KmlServer",
                "minimum_distance_to_caloocan_meters": 8099.67,
                "intersects_caloocan": false
            },
            "geometry": {
                "type": "LineString",
                "coordinates": [
                    [
                        121.094426695,
                        14.66495114600002
                    ],
                    [
                        121.094437802,
                        14.66508386300001
                    ],
                    [
                        121.094485782,
                        14.66528471999999
                    ],
                    [
                        121.094507919,
                        14.66536004
                    ]
                ]
            }
        },
        {
            "type": "Feature",
            "properties": {
                "official_fault_name": "West Valley Fault",
                "official_fault_system": "Valley Fault System",
                "official_segment_name": "02",
                "feature_class": "Active Fault",
                "trace_type": "Approximate",
                "line_type": "Dashed - red",
                "mapped_year": "2013",
                "mapping_scale": "1:5,000",
                "source_object_id": 2848,
                "source_active_fault_id": "201020178101010203050",
                "source_global_id": "{F807B8BF-1E93-44F4-97AA-5A3AFA1EE520}",
                "source_agency": "DOST-PHIVOLCS",
                "source_service": "https://gisweb.phivolcs.dost.gov.ph/arcgis/rest/services/PHIVOLCS/ActiveFault/MapServer",
                "source_vector_endpoint": "https://gisweb.phivolcs.dost.gov.ph/arcgis/services/PHIVOLCS/ActiveFault/MapServer/KmlServer",
                "minimum_distance_to_caloocan_meters": 7231.35,
                "intersects_caloocan": false
            },
            "geometry": {
                "type": "LineString",
                "coordinates": [
                    [
                        121.1024097340001,
                        14.677068599
                    ],
                    [
                        121.102449059,
                        14.67768806399999
                    ],
                    [
                        121.1024837799999,
                        14.678287404
                    ],
                    [
                        121.102504543,
                        14.67848643399998
                    ],
                    [
                        121.102529956,
                        14.67881070099998
                    ],
                    [
                        121.102534643,
                        14.67902315700002
                    ],
                    [
                        121.102566871,
                        14.67917298200001
                    ],
                    [
                        121.102610705,
                        14.67959340599998
                    ],
                    [
                        121.102638321,
                        14.67970297800002
                    ],
                    [
                        121.102665949,
                        14.67983938700002
                    ],
                    [
                        121.102691277,
                        14.67996908700002
                    ],
                    [
                        121.10272351,
                        14.68013009399999
                    ],
                    [
                        121.102785618,
                        14.68030898000001
                    ],
                    [
                        121.102859213,
                        14.68049009800001
                    ],
                    [
                        121.102974204,
                        14.68076736299997
                    ],
                    [
                        121.103031691,
                        14.68088810400002
                    ],
                    [
                        121.103130549,
                        14.68104908399999
                    ],
                    [
                        121.103171936,
                        14.68112733999999
                    ]
                ]
            }
        },
        {
            "type": "Feature",
            "properties": {
                "official_fault_name": "West Valley Fault",
                "official_fault_system": "Valley Fault System",
                "official_segment_name": "02",
                "feature_class": "Active Fault",
                "trace_type": "Certain - Downthrown Area",
                "line_type": "Hachured (E) - red",
                "mapped_year": "2013",
                "mapping_scale": "1:5,000",
                "source_object_id": 2852,
                "source_active_fault_id": "201020178101081703054",
                "source_global_id": "{4752E343-ECD9-4789-B833-E7BD89445ADB}",
                "source_agency": "DOST-PHIVOLCS",
                "source_service": "https://gisweb.phivolcs.dost.gov.ph/arcgis/rest/services/PHIVOLCS/ActiveFault/MapServer",
                "source_vector_endpoint": "https://gisweb.phivolcs.dost.gov.ph/arcgis/services/PHIVOLCS/ActiveFault/MapServer/KmlServer",
                "minimum_distance_to_caloocan_meters": 8252.39,
                "intersects_caloocan": false
            },
            "geometry": {
                "type": "LineString",
                "coordinates": [
                    [
                        121.085443665,
                        14.64450092599998
                    ],
                    [
                        121.085340443,
                        14.64432519500002
                    ],
                    [
                        121.085266702,
                        14.644170976
                    ],
                    [
                        121.0852187740001,
                        14.644077729
                    ],
                    [
                        121.085156173,
                        14.64390643600001
                    ],
                    [
                        121.08510074,
                        14.643690365
                    ]
                ]
            }
        },
        {
            "type": "Feature",
            "properties": {
                "official_fault_name": "West Valley Fault",
                "official_fault_system": "Valley Fault System",
                "official_segment_name": "02",
                "feature_class": "Active Fault",
                "trace_type": "Certain",
                "line_type": "Solid - red",
                "mapped_year": "2013",
                "mapping_scale": "1:5,000",
                "source_object_id": 2856,
                "source_active_fault_id": "201020178101052403058",
                "source_global_id": "{9E8CBD81-B61D-4398-AAA1-BBACC1F7242D}",
                "source_agency": "DOST-PHIVOLCS",
                "source_service": "https://gisweb.phivolcs.dost.gov.ph/arcgis/rest/services/PHIVOLCS/ActiveFault/MapServer",
                "source_vector_endpoint": "https://gisweb.phivolcs.dost.gov.ph/arcgis/services/PHIVOLCS/ActiveFault/MapServer/KmlServer",
                "minimum_distance_to_caloocan_meters": 11063.42,
                "intersects_caloocan": false
            },
            "geometry": {
                "type": "LineString",
                "coordinates": [
                    [
                        121.0676452389999,
                        14.56692506500002
                    ],
                    [
                        121.06763054,
                        14.56704463900002
                    ],
                    [
                        121.0676748990001,
                        14.567637693
                    ]
                ]
            }
        },
        {
            "type": "Feature",
            "properties": {
                "official_fault_name": "West Valley Fault",
                "official_fault_system": "Valley Fault System",
                "official_segment_name": "02",
                "feature_class": "Active Fault",
                "trace_type": "Certain - Downthrown Area",
                "line_type": "Hachured (E) - red",
                "mapped_year": "2013",
                "mapping_scale": "1:5,000",
                "source_object_id": 2857,
                "source_active_fault_id": "201020178101081703059",
                "source_global_id": "{5C6A2CAA-930D-4720-9785-4E1D64A0E196}",
                "source_agency": "DOST-PHIVOLCS",
                "source_service": "https://gisweb.phivolcs.dost.gov.ph/arcgis/rest/services/PHIVOLCS/ActiveFault/MapServer",
                "source_vector_endpoint": "https://gisweb.phivolcs.dost.gov.ph/arcgis/services/PHIVOLCS/ActiveFault/MapServer/KmlServer",
                "minimum_distance_to_caloocan_meters": 8102.38,
                "intersects_caloocan": false
            },
            "geometry": {
                "type": "LineString",
                "coordinates": [
                    [
                        121.094378696,
                        14.66470365700002
                    ],
                    [
                        121.0943528719999,
                        14.66462475200001
                    ],
                    [
                        121.094319677,
                        14.66453867500002
                    ],
                    [
                        121.094249614,
                        14.66439880600001
                    ],
                    [
                        121.094183208,
                        14.664190781
                    ],
                    [
                        121.094098404,
                        14.66404374400003
                    ],
                    [
                        121.094054135,
                        14.66390745199999
                    ],
                    [
                        121.093987738,
                        14.66372095000003
                    ],
                    [
                        121.093947169,
                        14.66362411400002
                    ],
                    [
                        121.09388445,
                        14.66341967599999
                    ],
                    [
                        121.093836508,
                        14.663312082
                    ]
                ]
            }
        },
        {
            "type": "Feature",
            "properties": {
                "official_fault_name": "West Valley Fault",
                "official_fault_system": "Valley Fault System",
                "official_segment_name": "02",
                "feature_class": "Active Fault",
                "trace_type": "Certain",
                "line_type": "Solid - red",
                "mapped_year": "2013",
                "mapping_scale": "1:5,000",
                "source_object_id": 2858,
                "source_active_fault_id": "201020178101052403060",
                "source_global_id": "{F3EA278F-6DBD-4115-AB85-899892AE6D91}",
                "source_agency": "DOST-PHIVOLCS",
                "source_service": "https://gisweb.phivolcs.dost.gov.ph/arcgis/rest/services/PHIVOLCS/ActiveFault/MapServer",
                "source_vector_endpoint": "https://gisweb.phivolcs.dost.gov.ph/arcgis/services/PHIVOLCS/ActiveFault/MapServer/KmlServer",
                "minimum_distance_to_caloocan_meters": 12067.73,
                "intersects_caloocan": false
            },
            "geometry": {
                "type": "LineString",
                "coordinates": [
                    [
                        121.062022444,
                        14.54981550000002
                    ],
                    [
                        121.062033677,
                        14.54991922300002
                    ],
                    [
                        121.062051804,
                        14.55002965400001
                    ],
                    [
                        121.062056798,
                        14.55008220299999
                    ],
                    [
                        121.062078568,
                        14.55014772700002
                    ],
                    [
                        121.062091797,
                        14.55019568900002
                    ],
                    [
                        121.062116869,
                        14.550339592
                    ],
                    [
                        121.062134204,
                        14.55043737900002
                    ],
                    [
                        121.062131906,
                        14.55047784499999
                    ],
                    [
                        121.062128454,
                        14.55051943500001
                    ],
                    [
                        121.0621319220001,
                        14.550541915
                    ],
                    [
                        121.062150977,
                        14.55062563500002
                    ]
                ]
            }
        },
        {
            "type": "Feature",
            "properties": {
                "official_fault_name": "West Valley Fault",
                "official_fault_system": "Valley Fault System",
                "official_segment_name": "02",
                "feature_class": "Active Fault",
                "trace_type": "Approximate",
                "line_type": "Dashed - red",
                "mapped_year": "2013",
                "mapping_scale": "1:5,000",
                "source_object_id": 2885,
                "source_active_fault_id": "201020178101010203088",
                "source_global_id": "{A793C81F-E980-4989-B4A2-72508F22324B}",
                "source_agency": "DOST-PHIVOLCS",
                "source_service": "https://gisweb.phivolcs.dost.gov.ph/arcgis/rest/services/PHIVOLCS/ActiveFault/MapServer",
                "source_vector_endpoint": "https://gisweb.phivolcs.dost.gov.ph/arcgis/services/PHIVOLCS/ActiveFault/MapServer/KmlServer",
                "minimum_distance_to_caloocan_meters": 7929.59,
                "intersects_caloocan": false
            },
            "geometry": {
                "type": "LineString",
                "coordinates": [
                    [
                        121.086684228,
                        14.65179300900002
                    ],
                    [
                        121.086750593,
                        14.65191853300001
                    ]
                ]
            }
        },
        {
            "type": "Feature",
            "properties": {
                "official_fault_name": "West Valley Fault",
                "official_fault_system": "Valley Fault System",
                "official_segment_name": "02",
                "feature_class": "Active Fault",
                "trace_type": "Approximate",
                "line_type": "Dashed - red",
                "mapped_year": "2013",
                "mapping_scale": "1:5,000",
                "source_object_id": 2896,
                "source_active_fault_id": "201020178101010203099",
                "source_global_id": "{70807216-5795-4C8C-8C1C-5EEFDD60C3C9}",
                "source_agency": "DOST-PHIVOLCS",
                "source_service": "https://gisweb.phivolcs.dost.gov.ph/arcgis/rest/services/PHIVOLCS/ActiveFault/MapServer",
                "source_vector_endpoint": "https://gisweb.phivolcs.dost.gov.ph/arcgis/services/PHIVOLCS/ActiveFault/MapServer/KmlServer",
                "minimum_distance_to_caloocan_meters": 7907.41,
                "intersects_caloocan": false
            },
            "geometry": {
                "type": "LineString",
                "coordinates": [
                    [
                        121.095319477,
                        14.66769849500003
                    ],
                    [
                        121.095481779,
                        14.668136054
                    ],
                    [
                        121.095644062,
                        14.668526982
                    ],
                    [
                        121.095743663,
                        14.66881032100002
                    ],
                    [
                        121.095846934,
                        14.66905778799998
                    ],
                    [
                        121.096023971,
                        14.66948099299998
                    ],
                    [
                        121.09619732,
                        14.66989702500001
                    ],
                    [
                        121.096341177,
                        14.67027361100003
                    ],
                    [
                        121.0964924050001,
                        14.670653781
                    ],
                    [
                        121.096562507,
                        14.670879738
                    ],
                    [
                        121.096750619,
                        14.67134957000002
                    ],
                    [
                        121.096968243,
                        14.67189830500001
                    ],
                    [
                        121.097145305,
                        14.67237172799997
                    ]
                ]
            }
        },
        {
            "type": "Feature",
            "properties": {
                "official_fault_name": "West Valley Fault",
                "official_fault_system": "Valley Fault System",
                "official_segment_name": "02",
                "feature_class": "Active Fault",
                "trace_type": "Approximate",
                "line_type": "Dashed - red",
                "mapped_year": "2013",
                "mapping_scale": "1:5,000",
                "source_object_id": 2903,
                "source_active_fault_id": "201020178101010203106",
                "source_global_id": "{1F702A9E-B34E-441F-B928-954F643ABE9B}",
                "source_agency": "DOST-PHIVOLCS",
                "source_service": "https://gisweb.phivolcs.dost.gov.ph/arcgis/rest/services/PHIVOLCS/ActiveFault/MapServer",
                "source_vector_endpoint": "https://gisweb.phivolcs.dost.gov.ph/arcgis/services/PHIVOLCS/ActiveFault/MapServer/KmlServer",
                "minimum_distance_to_caloocan_meters": 13522.01,
                "intersects_caloocan": false
            },
            "geometry": {
                "type": "LineString",
                "coordinates": [
                    [
                        121.055801354,
                        14.528705823
                    ],
                    [
                        121.055831918,
                        14.52884685700002
                    ],
                    [
                        121.055956508,
                        14.52911796000001
                    ],
                    [
                        121.056026803,
                        14.52933153100003
                    ],
                    [
                        121.0560476440001,
                        14.52945318100001
                    ],
                    [
                        121.056218039,
                        14.52989183599999
                    ],
                    [
                        121.056221846,
                        14.52999505700001
                    ],
                    [
                        121.0563165260001,
                        14.53030838799998
                    ],
                    [
                        121.056350623,
                        14.530477959
                    ],
                    [
                        121.0564225650001,
                        14.53065120899998
                    ],
                    [
                        121.056494534,
                        14.53094242600002
                    ],
                    [
                        121.056591613,
                        14.53120424999997
                    ],
                    [
                        121.056591315,
                        14.53120745699999
                    ]
                ]
            }
        },
        {
            "type": "Feature",
            "properties": {
                "official_fault_name": "West Valley Fault",
                "official_fault_system": "Valley Fault System",
                "official_segment_name": "02",
                "feature_class": "Active Fault",
                "trace_type": "Certain",
                "line_type": "Solid - red",
                "mapped_year": "2013",
                "mapping_scale": "1:5,000",
                "source_object_id": 2921,
                "source_active_fault_id": "201020178101052403124",
                "source_global_id": "{6D8803DB-B2BF-469E-BF46-D8BAA92BBF54}",
                "source_agency": "DOST-PHIVOLCS",
                "source_service": "https://gisweb.phivolcs.dost.gov.ph/arcgis/rest/services/PHIVOLCS/ActiveFault/MapServer",
                "source_vector_endpoint": "https://gisweb.phivolcs.dost.gov.ph/arcgis/services/PHIVOLCS/ActiveFault/MapServer/KmlServer",
                "minimum_distance_to_caloocan_meters": 12137.4,
                "intersects_caloocan": false
            },
            "geometry": {
                "type": "LineString",
                "coordinates": [
                    [
                        121.061186299,
                        14.54849989600001
                    ],
                    [
                        121.061187463,
                        14.54854904500002
                    ],
                    [
                        121.061189876,
                        14.54856381899998
                    ],
                    [
                        121.06119327,
                        14.54858459799999
                    ],
                    [
                        121.06120017,
                        14.54859642999998
                    ],
                    [
                        121.061261359,
                        14.54870769500002
                    ],
                    [
                        121.061327158,
                        14.54879647799999
                    ],
                    [
                        121.061396421,
                        14.54889312900002
                    ],
                    [
                        121.0614668440001,
                        14.54901450800003
                    ],
                    [
                        121.0615268510001,
                        14.54911504400002
                    ],
                    [
                        121.06154535,
                        14.54915611799999
                    ],
                    [
                        121.061584603,
                        14.549239806
                    ],
                    [
                        121.061630796,
                        14.549364045
                    ],
                    [
                        121.061665443,
                        14.54947082000001
                    ]
                ]
            }
        },
        {
            "type": "Feature",
            "properties": {
                "official_fault_name": "West Valley Fault",
                "official_fault_system": "Valley Fault System",
                "official_segment_name": "02",
                "feature_class": "Active Fault",
                "trace_type": "Certain - Downthrown Area",
                "line_type": "Hachured (E) - red",
                "mapped_year": "2013",
                "mapping_scale": "1:10,000",
                "source_object_id": 2924,
                "source_active_fault_id": "201020178101081703127",
                "source_global_id": "{98272506-66B7-4367-BF9C-03A509B2A730}",
                "source_agency": "DOST-PHIVOLCS",
                "source_service": "https://gisweb.phivolcs.dost.gov.ph/arcgis/rest/services/PHIVOLCS/ActiveFault/MapServer",
                "source_vector_endpoint": "https://gisweb.phivolcs.dost.gov.ph/arcgis/services/PHIVOLCS/ActiveFault/MapServer/KmlServer",
                "minimum_distance_to_caloocan_meters": 3819.99,
                "intersects_caloocan": false
            },
            "geometry": {
                "type": "LineString",
                "coordinates": [
                    [
                        121.135660212,
                        14.75606433199999
                    ],
                    [
                        121.135568572,
                        14.75597774699997
                    ],
                    [
                        121.135382203,
                        14.75578822
                    ],
                    [
                        121.135079364,
                        14.75544580399998
                    ],
                    [
                        121.134783835,
                        14.75498050800002
                    ],
                    [
                        121.134644953,
                        14.75473935999997
                    ],
                    [
                        121.134358308,
                        14.75426556299999
                    ],
                    [
                        121.134236676,
                        14.754067416
                    ],
                    [
                        121.134094663,
                        14.753751943
                    ]
                ]
            }
        },
        {
            "type": "Feature",
            "properties": {
                "official_fault_name": "West Valley Fault",
                "official_fault_system": "Valley Fault System",
                "official_segment_name": "02",
                "feature_class": "Active Fault",
                "trace_type": "Certain - Downthrown Area",
                "line_type": "Hachured (W) - red",
                "mapped_year": "2013",
                "mapping_scale": "1:5,000",
                "source_object_id": 2937,
                "source_active_fault_id": "201020178101082203140",
                "source_global_id": "{EFE31064-E10A-43C8-8601-44630A57AB81}",
                "source_agency": "DOST-PHIVOLCS",
                "source_service": "https://gisweb.phivolcs.dost.gov.ph/arcgis/rest/services/PHIVOLCS/ActiveFault/MapServer",
                "source_vector_endpoint": "https://gisweb.phivolcs.dost.gov.ph/arcgis/services/PHIVOLCS/ActiveFault/MapServer/KmlServer",
                "minimum_distance_to_caloocan_meters": 16082.73,
                "intersects_caloocan": false
            },
            "geometry": {
                "type": "LineString",
                "coordinates": [
                    [
                        121.053645472,
                        14.50391969200001
                    ],
                    [
                        121.0536402720001,
                        14.50388170799999
                    ],
                    [
                        121.053631411,
                        14.503764053
                    ],
                    [
                        121.053622538,
                        14.50359187300001
                    ],
                    [
                        121.05362397,
                        14.50339960399998
                    ],
                    [
                        121.053610689,
                        14.50327477500002
                    ],
                    [
                        121.053565619,
                        14.50313570100002
                    ],
                    [
                        121.0535625270001,
                        14.50302803199998
                    ],
                    [
                        121.053522589,
                        14.50289046199998
                    ],
                    [
                        121.053516427,
                        14.50278279299999
                    ],
                    [
                        121.053474227,
                        14.50259385700002
                    ],
                    [
                        121.053461126,
                        14.50246456600002
                    ]
                ]
            }
        },
        {
            "type": "Feature",
            "properties": {
                "official_fault_name": "West Valley Fault",
                "official_fault_system": "Valley Fault System",
                "official_segment_name": "02",
                "feature_class": "Active Fault",
                "trace_type": "Certain - Downthrown Area",
                "line_type": "Hachured (E) - red",
                "mapped_year": "2013",
                "mapping_scale": "1:5,000",
                "source_object_id": 2941,
                "source_active_fault_id": "201020178101081703145",
                "source_global_id": "{381F5B77-B087-4BB5-8AEC-4D2AEE411D78}",
                "source_agency": "DOST-PHIVOLCS",
                "source_service": "https://gisweb.phivolcs.dost.gov.ph/arcgis/rest/services/PHIVOLCS/ActiveFault/MapServer",
                "source_vector_endpoint": "https://gisweb.phivolcs.dost.gov.ph/arcgis/services/PHIVOLCS/ActiveFault/MapServer/KmlServer",
                "minimum_distance_to_caloocan_meters": 7932.97,
                "intersects_caloocan": false
            },
            "geometry": {
                "type": "LineString",
                "coordinates": [
                    [
                        121.0897960569999,
                        14.657628069
                    ],
                    [
                        121.089718552,
                        14.657280152
                    ],
                    [
                        121.089644738,
                        14.65695016900003
                    ],
                    [
                        121.089604148,
                        14.65678876499999
                    ],
                    [
                        121.089563571,
                        14.65666323300002
                    ],
                    [
                        121.089471353,
                        14.65637988700001
                    ],
                    [
                        121.08938282,
                        14.65610012799999
                    ],
                    [
                        121.0893385760001,
                        14.65601764100001
                    ],
                    [
                        121.0892648289999,
                        14.65586342400002
                    ],
                    [
                        121.089187357,
                        14.655601596
                    ],
                    [
                        121.089050877,
                        14.655185545
                    ],
                    [
                        121.08890704,
                        14.65480178000001
                    ],
                    [
                        121.088833299,
                        14.65466191000002
                    ]
                ]
            }
        },
        {
            "type": "Feature",
            "properties": {
                "official_fault_name": "West Valley Fault",
                "official_fault_system": "Valley Fault System",
                "official_segment_name": "02",
                "feature_class": "Active Fault",
                "trace_type": "Certain",
                "line_type": "Solid - red",
                "mapped_year": "2013",
                "mapping_scale": "1:5,000",
                "source_object_id": 2952,
                "source_active_fault_id": "201020178101052403156",
                "source_global_id": "{7B137FFB-C4A4-4347-AE2F-BA16667305B7}",
                "source_agency": "DOST-PHIVOLCS",
                "source_service": "https://gisweb.phivolcs.dost.gov.ph/arcgis/rest/services/PHIVOLCS/ActiveFault/MapServer",
                "source_vector_endpoint": "https://gisweb.phivolcs.dost.gov.ph/arcgis/services/PHIVOLCS/ActiveFault/MapServer/KmlServer",
                "minimum_distance_to_caloocan_meters": 9585.45,
                "intersects_caloocan": false
            },
            "geometry": {
                "type": "LineString",
                "coordinates": [
                    [
                        121.073733662,
                        14.59855774300002
                    ],
                    [
                        121.073727072,
                        14.59912064899999
                    ],
                    [
                        121.073725227,
                        14.59942409199999
                    ]
                ]
            }
        },
        {
            "type": "Feature",
            "properties": {
                "official_fault_name": "West Valley Fault",
                "official_fault_system": "Valley Fault System",
                "official_segment_name": "02",
                "feature_class": "Active Fault",
                "trace_type": "Approximate",
                "line_type": "Dashed - red",
                "mapped_year": "2013",
                "mapping_scale": "1:50,000",
                "source_object_id": 2964,
                "source_active_fault_id": "201020178101010203168",
                "source_global_id": "{77F80FAD-BA79-4A48-949F-B61C2D1AE6B6}",
                "source_agency": "DOST-PHIVOLCS",
                "source_service": "https://gisweb.phivolcs.dost.gov.ph/arcgis/rest/services/PHIVOLCS/ActiveFault/MapServer",
                "source_vector_endpoint": "https://gisweb.phivolcs.dost.gov.ph/arcgis/services/PHIVOLCS/ActiveFault/MapServer/KmlServer",
                "minimum_distance_to_caloocan_meters": 7043.57,
                "intersects_caloocan": false
            },
            "geometry": {
                "type": "LineString",
                "coordinates": [
                    [
                        121.146308619,
                        14.81541702099997
                    ],
                    [
                        121.146819241,
                        14.818127565
                    ],
                    [
                        121.146914288,
                        14.81863195800003
                    ],
                    [
                        121.147231565,
                        14.82140626500001
                    ],
                    [
                        121.147230054,
                        14.82246025799998
                    ]
                ]
            }
        },
        {
            "type": "Feature",
            "properties": {
                "official_fault_name": "East Valley Fault",
                "official_fault_system": "Valley Fault System",
                "official_segment_name": "01",
                "feature_class": "Active Fault",
                "trace_type": "Approximate",
                "line_type": "Dashed - red",
                "mapped_year": "2014",
                "mapping_scale": "1:10,000",
                "source_object_id": 2969,
                "source_active_fault_id": "201020173201010203173",
                "source_global_id": "{C29DADED-5A8A-4C56-B584-3ACC3C1448E2}",
                "source_agency": "DOST-PHIVOLCS",
                "source_service": "https://gisweb.phivolcs.dost.gov.ph/arcgis/rest/services/PHIVOLCS/ActiveFault/MapServer",
                "source_vector_endpoint": "https://gisweb.phivolcs.dost.gov.ph/arcgis/services/PHIVOLCS/ActiveFault/MapServer/KmlServer",
                "minimum_distance_to_caloocan_meters": 7747.66,
                "intersects_caloocan": false
            },
            "geometry": {
                "type": "LineString",
                "coordinates": [
                    [
                        121.1513478209999,
                        14.713958666
                    ],
                    [
                        121.149777408,
                        14.71191855500001
                    ]
                ]
            }
        },
        {
            "type": "Feature",
            "properties": {
                "official_fault_name": "East Valley Fault",
                "official_fault_system": "Valley Fault System",
                "official_segment_name": "01",
                "feature_class": "Active Fault",
                "trace_type": "Certain",
                "line_type": "Solid - red",
                "mapped_year": "2014",
                "mapping_scale": "1:10,000",
                "source_object_id": 2972,
                "source_active_fault_id": "201020173201052403176",
                "source_global_id": "{0F7E5B63-53CE-4734-9001-FA3A8A10BB37}",
                "source_agency": "DOST-PHIVOLCS",
                "source_service": "https://gisweb.phivolcs.dost.gov.ph/arcgis/rest/services/PHIVOLCS/ActiveFault/MapServer",
                "source_vector_endpoint": "https://gisweb.phivolcs.dost.gov.ph/arcgis/services/PHIVOLCS/ActiveFault/MapServer/KmlServer",
                "minimum_distance_to_caloocan_meters": 7778.4,
                "intersects_caloocan": false
            },
            "geometry": {
                "type": "LineString",
                "coordinates": [
                    [
                        121.169228501,
                        14.73960217400003
                    ],
                    [
                        121.169152478,
                        14.739435861
                    ],
                    [
                        121.1690827260001,
                        14.73933438099999
                    ],
                    [
                        121.168879917,
                        14.73913796699998
                    ],
                    [
                        121.168620112,
                        14.73886231099999
                    ],
                    [
                        121.168258849,
                        14.73842185500001
                    ],
                    [
                        121.168040264,
                        14.738161977
                    ],
                    [
                        121.167913496,
                        14.73796553400001
                    ],
                    [
                        121.167767697,
                        14.73773740500002
                    ],
                    [
                        121.16729243,
                        14.73718608199999
                    ],
                    [
                        121.167203695,
                        14.73706565800001
                    ],
                    [
                        121.1669098050001,
                        14.73652715999998
                    ],
                    [
                        121.166784467,
                        14.73627913600001
                    ],
                    [
                        121.166639663,
                        14.73596933499999
                    ],
                    [
                        121.166550973,
                        14.73564299399999
                    ],
                    [
                        121.166465389,
                        14.735421127
                    ],
                    [
                        121.16633867,
                        14.73516450800003
                    ],
                    [
                        121.166192877,
                        14.73492689199998
                    ]
                ]
            }
        },
        {
            "type": "Feature",
            "properties": {
                "official_fault_name": "West Valley Fault",
                "official_fault_system": "Valley Fault System",
                "official_segment_name": "02",
                "feature_class": "Active Fault",
                "trace_type": "Approximate",
                "line_type": "Dashed - red",
                "mapped_year": "2013",
                "mapping_scale": "1:50,000",
                "source_object_id": 2982,
                "source_active_fault_id": "201020178101010203187",
                "source_global_id": "{15333D1B-184B-4D97-B334-EDA3B79512FE}",
                "source_agency": "DOST-PHIVOLCS",
                "source_service": "https://gisweb.phivolcs.dost.gov.ph/arcgis/rest/services/PHIVOLCS/ActiveFault/MapServer",
                "source_vector_endpoint": "https://gisweb.phivolcs.dost.gov.ph/arcgis/services/PHIVOLCS/ActiveFault/MapServer/KmlServer",
                "minimum_distance_to_caloocan_meters": 8742.42,
                "intersects_caloocan": false
            },
            "geometry": {
                "type": "LineString",
                "coordinates": [
                    [
                        121.154418203,
                        14.830611981
                    ],
                    [
                        121.154344728,
                        14.830018946
                    ],
                    [
                        121.154352044,
                        14.82915911800001
                    ]
                ]
            }
        },
        {
            "type": "Feature",
            "properties": {
                "official_fault_name": "West Valley Fault",
                "official_fault_system": "Valley Fault System",
                "official_segment_name": "02",
                "feature_class": "Active Fault",
                "trace_type": "Certain - Downthrown Area",
                "line_type": "Hachured (W) - red",
                "mapped_year": "2013",
                "mapping_scale": "1:50,000",
                "source_object_id": 2987,
                "source_active_fault_id": "201020178101082203193",
                "source_global_id": "{C0C5C8AA-16D2-4EEE-87CB-4D152D7130F3}",
                "source_agency": "DOST-PHIVOLCS",
                "source_service": "https://gisweb.phivolcs.dost.gov.ph/arcgis/rest/services/PHIVOLCS/ActiveFault/MapServer",
                "source_vector_endpoint": "https://gisweb.phivolcs.dost.gov.ph/arcgis/services/PHIVOLCS/ActiveFault/MapServer/KmlServer",
                "minimum_distance_to_caloocan_meters": 6654.74,
                "intersects_caloocan": false
            },
            "geometry": {
                "type": "LineString",
                "coordinates": [
                    [
                        121.153414305,
                        14.80545591399999
                    ],
                    [
                        121.153028282,
                        14.80465020399998
                    ],
                    [
                        121.1528066339999,
                        14.80415156999999
                    ],
                    [
                        121.152452991,
                        14.803222517
                    ],
                    [
                        121.152322633,
                        14.80290595600002
                    ],
                    [
                        121.1521263780001,
                        14.80252019599999
                    ]
                ]
            }
        },
        {
            "type": "Feature",
            "properties": {
                "official_fault_name": "West Valley Fault",
                "official_fault_system": "Valley Fault System",
                "official_segment_name": "02",
                "feature_class": "Active Fault",
                "trace_type": "Certain - Downthrown Area",
                "line_type": "Hachured (E) - red",
                "mapped_year": "2013",
                "mapping_scale": "1:5,000",
                "source_object_id": 2993,
                "source_active_fault_id": "201020178101081703199",
                "source_global_id": "{27834A79-67B9-4316-9E42-0A6F3CC482C5}",
                "source_agency": "DOST-PHIVOLCS",
                "source_service": "https://gisweb.phivolcs.dost.gov.ph/arcgis/rest/services/PHIVOLCS/ActiveFault/MapServer",
                "source_vector_endpoint": "https://gisweb.phivolcs.dost.gov.ph/arcgis/services/PHIVOLCS/ActiveFault/MapServer/KmlServer",
                "minimum_distance_to_caloocan_meters": 8221.89,
                "intersects_caloocan": false
            },
            "geometry": {
                "type": "LineString",
                "coordinates": [
                    [
                        121.082736005,
                        14.64143690600002
                    ],
                    [
                        121.082670669,
                        14.64120425900001
                    ],
                    [
                        121.082627392,
                        14.64106461599999
                    ],
                    [
                        121.082584122,
                        14.64094027900001
                    ],
                    [
                        121.082568373,
                        14.64085419399999
                    ],
                    [
                        121.082487718,
                        14.64058447299999
                    ],
                    [
                        121.08241692,
                        14.64040466400002
                    ],
                    [
                        121.082359896,
                        14.64028224399999
                    ],
                    [
                        121.082295004,
                        14.640136869
                    ],
                    [
                        121.082175061,
                        14.63989203099999
                    ],
                    [
                        121.0820787180001,
                        14.63970840399998
                    ],
                    [
                        121.0819469860001,
                        14.63946548299998
                    ],
                    [
                        121.081779858,
                        14.63913839600002
                    ],
                    [
                        121.0817157610001,
                        14.63903665100003
                    ],
                    [
                        121.081669766,
                        14.63896625199999
                    ],
                    [
                        121.081587187,
                        14.63881131800002
                    ],
                    [
                        121.081514434,
                        14.63865637999999
                    ],
                    [
                        121.081437755,
                        14.63851483500002
                    ],
                    [
                        121.08133945,
                        14.63833694700003
                    ],
                    [
                        121.0812647510001,
                        14.63823749
                    ],
                    [
                        121.081109458,
                        14.63804048999998
                    ],
                    [
                        121.081022964,
                        14.63792381799999
                    ],
                    [
                        121.0809541580001,
                        14.63782053300002
                    ],
                    [
                        121.080671636,
                        14.63730281599999
                    ]
                ]
            }
        },
        {
            "type": "Feature",
            "properties": {
                "official_fault_name": "East Valley Fault",
                "official_fault_system": "Valley Fault System",
                "official_segment_name": "01",
                "feature_class": "Active Fault",
                "trace_type": "Certain",
                "line_type": "Solid - red",
                "mapped_year": "2014",
                "mapping_scale": "1:10,000",
                "source_object_id": 3001,
                "source_active_fault_id": "201020173201052403207",
                "source_global_id": "{8F8F9813-0AE2-4851-AF24-07CE4B9BCDE7}",
                "source_agency": "DOST-PHIVOLCS",
                "source_service": "https://gisweb.phivolcs.dost.gov.ph/arcgis/rest/services/PHIVOLCS/ActiveFault/MapServer",
                "source_vector_endpoint": "https://gisweb.phivolcs.dost.gov.ph/arcgis/services/PHIVOLCS/ActiveFault/MapServer/KmlServer",
                "minimum_distance_to_caloocan_meters": 7887.32,
                "intersects_caloocan": false
            },
            "geometry": {
                "type": "LineString",
                "coordinates": [
                    [
                        121.170451607,
                        14.74120546199998
                    ],
                    [
                        121.170388226,
                        14.74112942199997
                    ],
                    [
                        121.170163237,
                        14.74088386099999
                    ],
                    [
                        121.1699445740001,
                        14.74068741100001
                    ],
                    [
                        121.1698273329999,
                        14.74054164299997
                    ],
                    [
                        121.1694344270001,
                        14.74013924799999
                    ],
                    [
                        121.169304532,
                        14.74001406999997
                    ],
                    [
                        121.169236465,
                        14.73985775900002
                    ]
                ]
            }
        },
        {
            "type": "Feature",
            "properties": {
                "official_fault_name": "West Valley Fault",
                "official_fault_system": "Valley Fault System",
                "official_segment_name": "02",
                "feature_class": "Active Fault",
                "trace_type": "Certain - Downthrown Area",
                "line_type": "Hachured (W) - red",
                "mapped_year": "2013",
                "mapping_scale": "1:5,000",
                "source_object_id": 3003,
                "source_active_fault_id": "201020178101082203209",
                "source_global_id": "{43DE8184-386D-47D8-A894-9C428F98ADC4}",
                "source_agency": "DOST-PHIVOLCS",
                "source_service": "https://gisweb.phivolcs.dost.gov.ph/arcgis/rest/services/PHIVOLCS/ActiveFault/MapServer",
                "source_vector_endpoint": "https://gisweb.phivolcs.dost.gov.ph/arcgis/services/PHIVOLCS/ActiveFault/MapServer/KmlServer",
                "minimum_distance_to_caloocan_meters": 17752,
                "intersects_caloocan": false
            },
            "geometry": {
                "type": "LineString",
                "coordinates": [
                    [
                        121.0533301100001,
                        14.48753108599999
                    ],
                    [
                        121.053280246,
                        14.48720181599998
                    ],
                    [
                        121.053254514,
                        14.48664293799999
                    ],
                    [
                        121.053258461,
                        14.486518897
                    ],
                    [
                        121.053270021,
                        14.48643298500002
                    ],
                    [
                        121.0532765740001,
                        14.485900534
                    ],
                    [
                        121.053267679,
                        14.48585724700001
                    ]
                ]
            }
        },
        {
            "type": "Feature",
            "properties": {
                "official_fault_name": "West Valley Fault",
                "official_fault_system": "Valley Fault System",
                "official_segment_name": "02",
                "feature_class": "Active Fault",
                "trace_type": "Certain",
                "line_type": "Solid - red",
                "mapped_year": "2013",
                "mapping_scale": "1:10,000",
                "source_object_id": 3022,
                "source_active_fault_id": "201020178101052403228",
                "source_global_id": "{2256899B-4F02-4B9F-A1D1-D78C95374A80}",
                "source_agency": "DOST-PHIVOLCS",
                "source_service": "https://gisweb.phivolcs.dost.gov.ph/arcgis/rest/services/PHIVOLCS/ActiveFault/MapServer",
                "source_vector_endpoint": "https://gisweb.phivolcs.dost.gov.ph/arcgis/services/PHIVOLCS/ActiveFault/MapServer/KmlServer",
                "minimum_distance_to_caloocan_meters": 4119.12,
                "intersects_caloocan": false
            },
            "geometry": {
                "type": "LineString",
                "coordinates": [
                    [
                        121.13796057,
                        14.75947467899999
                    ],
                    [
                        121.138195614,
                        14.75997114099999
                    ]
                ]
            }
        },
        {
            "type": "Feature",
            "properties": {
                "official_fault_name": "East Valley Fault",
                "official_fault_system": "Valley Fault System",
                "official_segment_name": "01",
                "feature_class": "Active Fault",
                "trace_type": "Approximate",
                "line_type": "Dashed - red",
                "mapped_year": "2014",
                "mapping_scale": "1:10,000",
                "source_object_id": 3045,
                "source_active_fault_id": "201020173201010203252",
                "source_global_id": "{EE668EE6-4FBD-414D-89D7-FE6A674EC079}",
                "source_agency": "DOST-PHIVOLCS",
                "source_service": "https://gisweb.phivolcs.dost.gov.ph/arcgis/rest/services/PHIVOLCS/ActiveFault/MapServer",
                "source_vector_endpoint": "https://gisweb.phivolcs.dost.gov.ph/arcgis/services/PHIVOLCS/ActiveFault/MapServer/KmlServer",
                "minimum_distance_to_caloocan_meters": 7709.18,
                "intersects_caloocan": false
            },
            "geometry": {
                "type": "LineString",
                "coordinates": [
                    [
                        121.154144037,
                        14.71742992700001
                    ],
                    [
                        121.1535578850001,
                        14.716427012
                    ],
                    [
                        121.152843752,
                        14.715438162
                    ],
                    [
                        121.152422833,
                        14.71493459700002
                    ],
                    [
                        121.152325153,
                        14.71476919100002
                    ],
                    [
                        121.152178574,
                        14.71446479100001
                    ],
                    [
                        121.152009489,
                        14.71409651300002
                    ],
                    [
                        121.1515998480001,
                        14.71327354599998
                    ],
                    [
                        121.151333041,
                        14.71289020900002
                    ]
                ]
            }
        },
        {
            "type": "Feature",
            "properties": {
                "official_fault_name": "West Valley Fault",
                "official_fault_system": "Valley Fault System",
                "official_segment_name": "02",
                "feature_class": "Active Fault",
                "trace_type": "Certain - Downthrown Area",
                "line_type": "Hachured (E) - red",
                "mapped_year": "2013",
                "mapping_scale": "1:5,000",
                "source_object_id": 3051,
                "source_active_fault_id": "201020178101081703259",
                "source_global_id": "{3F5EED0B-67BC-4E32-A4DF-975AC8474A06}",
                "source_agency": "DOST-PHIVOLCS",
                "source_service": "https://gisweb.phivolcs.dost.gov.ph/arcgis/rest/services/PHIVOLCS/ActiveFault/MapServer",
                "source_vector_endpoint": "https://gisweb.phivolcs.dost.gov.ph/arcgis/services/PHIVOLCS/ActiveFault/MapServer/KmlServer",
                "minimum_distance_to_caloocan_meters": 8673.61,
                "intersects_caloocan": false
            },
            "geometry": {
                "type": "LineString",
                "coordinates": [
                    [
                        121.081984687,
                        14.63432060399998
                    ],
                    [
                        121.081947305,
                        14.63417713400003
                    ],
                    [
                        121.081882386,
                        14.63394375600001
                    ],
                    [
                        121.0818509120001,
                        14.633838545
                    ]
                ]
            }
        },
        {
            "type": "Feature",
            "properties": {
                "official_fault_name": "West Valley Fault",
                "official_fault_system": "Valley Fault System",
                "official_segment_name": "02",
                "feature_class": "Active Fault",
                "trace_type": "Approximate",
                "line_type": "Dashed - red",
                "mapped_year": "2013",
                "mapping_scale": "1:5,000",
                "source_object_id": 3055,
                "source_active_fault_id": "201020178101010203263",
                "source_global_id": "{B74DF24D-CEC7-4031-8B5B-7F536D0C044F}",
                "source_agency": "DOST-PHIVOLCS",
                "source_service": "https://gisweb.phivolcs.dost.gov.ph/arcgis/rest/services/PHIVOLCS/ActiveFault/MapServer",
                "source_vector_endpoint": "https://gisweb.phivolcs.dost.gov.ph/arcgis/services/PHIVOLCS/ActiveFault/MapServer/KmlServer",
                "minimum_distance_to_caloocan_meters": 8834.65,
                "intersects_caloocan": false
            },
            "geometry": {
                "type": "LineString",
                "coordinates": [
                    [
                        121.0814045350001,
                        14.63017908900002
                    ],
                    [
                        121.081515205,
                        14.63062026400002
                    ],
                    [
                        121.081603696,
                        14.63083904600001
                    ],
                    [
                        121.081869124,
                        14.63135549899999
                    ],
                    [
                        121.081998161,
                        14.631635249
                    ],
                    [
                        121.082105076,
                        14.6318612
                    ],
                    [
                        121.0822451620001,
                        14.63213018499999
                    ],
                    [
                        121.08235208,
                        14.63236331000002
                    ],
                    [
                        121.082447945,
                        14.63259285100003
                    ],
                    [
                        121.082488513,
                        14.63271838499998
                    ]
                ]
            }
        },
        {
            "type": "Feature",
            "properties": {
                "official_fault_name": "West Valley Fault",
                "official_fault_system": "Valley Fault System",
                "official_segment_name": "02",
                "feature_class": "Active Fault",
                "trace_type": "Approximate",
                "line_type": "Dashed - red",
                "mapped_year": "2013",
                "mapping_scale": "1:5,000",
                "source_object_id": 3085,
                "source_active_fault_id": "201020178101010203296",
                "source_global_id": "{A01CA258-DAA8-4BC8-AE46-FF230A3E4FB5}",
                "source_agency": "DOST-PHIVOLCS",
                "source_service": "https://gisweb.phivolcs.dost.gov.ph/arcgis/rest/services/PHIVOLCS/ActiveFault/MapServer",
                "source_vector_endpoint": "https://gisweb.phivolcs.dost.gov.ph/arcgis/services/PHIVOLCS/ActiveFault/MapServer/KmlServer",
                "minimum_distance_to_caloocan_meters": 17333.62,
                "intersects_caloocan": false
            },
            "geometry": {
                "type": "LineString",
                "coordinates": [
                    [
                        121.052136928,
                        14.49111977400003
                    ],
                    [
                        121.052135366,
                        14.49098257100002
                    ],
                    [
                        121.052142647,
                        14.49093510900002
                    ],
                    [
                        121.052140571,
                        14.49075489199998
                    ],
                    [
                        121.052139099,
                        14.49072043799998
                    ],
                    [
                        121.05210161,
                        14.490586968
                    ],
                    [
                        121.052074021,
                        14.49045369300001
                    ],
                    [
                        121.05207405,
                        14.490366301
                    ],
                    [
                        121.052011868,
                        14.48987956500002
                    ],
                    [
                        121.052026153,
                        14.48960359
                    ],
                    [
                        121.052090628,
                        14.48929616599997
                    ]
                ]
            }
        },
        {
            "type": "Feature",
            "properties": {
                "official_fault_name": "West Valley Fault",
                "official_fault_system": "Valley Fault System",
                "official_segment_name": "02",
                "feature_class": "Active Fault",
                "trace_type": "Approximate",
                "line_type": "Dashed - red",
                "mapped_year": "2013",
                "mapping_scale": "1:50,000",
                "source_object_id": 3095,
                "source_active_fault_id": "201020178101010203306",
                "source_global_id": "{F3D03F04-A531-4F20-AE09-30464AC28511}",
                "source_agency": "DOST-PHIVOLCS",
                "source_service": "https://gisweb.phivolcs.dost.gov.ph/arcgis/rest/services/PHIVOLCS/ActiveFault/MapServer",
                "source_vector_endpoint": "https://gisweb.phivolcs.dost.gov.ph/arcgis/services/PHIVOLCS/ActiveFault/MapServer/KmlServer",
                "minimum_distance_to_caloocan_meters": 12512.28,
                "intersects_caloocan": false
            },
            "geometry": {
                "type": "LineString",
                "coordinates": [
                    [
                        121.162971332,
                        14.86940842299998
                    ],
                    [
                        121.162276529,
                        14.86737947900002
                    ],
                    [
                        121.162070575,
                        14.86608966400002
                    ]
                ]
            }
        },
        {
            "type": "Feature",
            "properties": {
                "official_fault_name": "West Valley Fault",
                "official_fault_system": "Valley Fault System",
                "official_segment_name": "02",
                "feature_class": "Active Fault",
                "trace_type": "Certain - Downthrown Area",
                "line_type": "Hachured (E) - red",
                "mapped_year": "2013",
                "mapping_scale": "1:5,000",
                "source_object_id": 3127,
                "source_active_fault_id": "201020178101081703339",
                "source_global_id": "{5C2554E5-A6B3-4CD0-84F6-0A4EB7E82284}",
                "source_agency": "DOST-PHIVOLCS",
                "source_service": "https://gisweb.phivolcs.dost.gov.ph/arcgis/rest/services/PHIVOLCS/ActiveFault/MapServer",
                "source_vector_endpoint": "https://gisweb.phivolcs.dost.gov.ph/arcgis/services/PHIVOLCS/ActiveFault/MapServer/KmlServer",
                "minimum_distance_to_caloocan_meters": 5186.24,
                "intersects_caloocan": false
            },
            "geometry": {
                "type": "LineString",
                "coordinates": [
                    [
                        121.119636037,
                        14.718489025
                    ],
                    [
                        121.119490381,
                        14.71809801299997
                    ],
                    [
                        121.119399349,
                        14.71785892100002
                    ],
                    [
                        121.1192861869999,
                        14.71758636099997
                    ],
                    [
                        121.119160732,
                        14.717297067
                    ],
                    [
                        121.119064814,
                        14.71711058800003
                    ],
                    [
                        121.119005808,
                        14.71703648400001
                    ],
                    [
                        121.11890254,
                        14.71689066099998
                    ],
                    [
                        121.118858269,
                        14.716802202
                    ],
                    [
                        121.118796787,
                        14.71668983799998
                    ],
                    [
                        121.118678756,
                        14.71650336900001
                    ],
                    [
                        121.1185951370001,
                        14.716343188
                    ],
                    [
                        121.118454926,
                        14.71602281399998
                    ],
                    [
                        121.1183294810001,
                        14.715750259
                    ],
                    [
                        121.118218762,
                        14.71544421800002
                    ],
                    [
                        121.118125252,
                        14.715159691
                    ],
                    [
                        121.118083415,
                        14.71502340400002
                    ],
                    [
                        121.117994863,
                        14.71482496300001
                    ],
                    [
                        121.117874336,
                        14.714557189
                    ],
                    [
                        121.117822664,
                        14.71440655800001
                    ],
                    [
                        121.1177931350001,
                        14.714318091
                    ],
                    [
                        121.117751302,
                        14.71418897799998
                    ],
                    [
                        121.117682438,
                        14.71405270299999
                    ],
                    [
                        121.117606185,
                        14.71388056199999
                    ],
                    [
                        121.117542222,
                        14.71371798000001
                    ],
                    [
                        121.117488103,
                        14.71358648099999
                    ],
                    [
                        121.117409403,
                        14.71343347099997
                    ],
                    [
                        121.117340552,
                        14.71332110999998
                    ],
                    [
                        121.117283985,
                        14.71320635199999
                    ],
                    [
                        121.1170971,
                        14.71289556400001
                    ],
                    [
                        121.117052822,
                        14.71279036499999
                    ],
                    [
                        121.117035601,
                        14.71274493700003
                    ],
                    [
                        121.117001129,
                        14.71259668900001
                    ],
                    [
                        121.116971565,
                        14.71243648199999
                    ],
                    [
                        121.116885433,
                        14.71215912500003
                    ],
                    [
                        121.116853609,
                        14.71208345399998
                    ]
                ]
            }
        },
        {
            "type": "Feature",
            "properties": {
                "official_fault_name": "East Valley Fault",
                "official_fault_system": "Valley Fault System",
                "official_segment_name": "01",
                "feature_class": "Active Fault",
                "trace_type": "Approximate",
                "line_type": "Dashed - red",
                "mapped_year": "2014",
                "mapping_scale": "1:10,000",
                "source_object_id": 3128,
                "source_active_fault_id": "201020173201010203340",
                "source_global_id": "{CA9ADB77-63E0-4AA9-ABC0-F65FAA27A20E}",
                "source_agency": "DOST-PHIVOLCS",
                "source_service": "https://gisweb.phivolcs.dost.gov.ph/arcgis/rest/services/PHIVOLCS/ActiveFault/MapServer",
                "source_vector_endpoint": "https://gisweb.phivolcs.dost.gov.ph/arcgis/services/PHIVOLCS/ActiveFault/MapServer/KmlServer",
                "minimum_distance_to_caloocan_meters": 7829.34,
                "intersects_caloocan": false
            },
            "geometry": {
                "type": "LineString",
                "coordinates": [
                    [
                        121.151341184,
                        14.71290509200003
                    ],
                    [
                        121.150582781,
                        14.71193865200002
                    ],
                    [
                        121.150415048,
                        14.71158303200002
                    ],
                    [
                        121.150300905,
                        14.71135478899998
                    ],
                    [
                        121.1502673810001,
                        14.711280972
                    ]
                ]
            }
        },
        {
            "type": "Feature",
            "properties": {
                "official_fault_name": "West Valley Fault",
                "official_fault_system": "Valley Fault System",
                "official_segment_name": "02",
                "feature_class": "Active Fault",
                "trace_type": "Approximate",
                "line_type": "Dashed - red",
                "mapped_year": "2013",
                "mapping_scale": "1:5,000",
                "source_object_id": 3149,
                "source_active_fault_id": "201020178101010203362",
                "source_global_id": "{37B89540-CA8C-484C-AB8B-0C17B1AD911F}",
                "source_agency": "DOST-PHIVOLCS",
                "source_service": "https://gisweb.phivolcs.dost.gov.ph/arcgis/rest/services/PHIVOLCS/ActiveFault/MapServer",
                "source_vector_endpoint": "https://gisweb.phivolcs.dost.gov.ph/arcgis/services/PHIVOLCS/ActiveFault/MapServer/KmlServer",
                "minimum_distance_to_caloocan_meters": 7661.46,
                "intersects_caloocan": false
            },
            "geometry": {
                "type": "LineString",
                "coordinates": [
                    [
                        121.098041629,
                        14.67429568599999
                    ],
                    [
                        121.098062104,
                        14.67436804900001
                    ],
                    [
                        121.098071416,
                        14.67441508600001
                    ],
                    [
                        121.098103054,
                        14.674518202
                    ],
                    [
                        121.098194206,
                        14.67471718600001
                    ],
                    [
                        121.0982295600001,
                        14.67481668200003
                    ],
                    [
                        121.098246385,
                        14.67505188000001
                    ]
                ]
            }
        },
        {
            "type": "Feature",
            "properties": {
                "official_fault_name": "West Valley Fault",
                "official_fault_system": "Valley Fault System",
                "official_segment_name": "02",
                "feature_class": "Active Fault",
                "trace_type": "Certain - Downthrown Area",
                "line_type": "Hachured (E) - red",
                "mapped_year": "2013",
                "mapping_scale": "1:5,000",
                "source_object_id": 3151,
                "source_active_fault_id": "201020178101081703364",
                "source_global_id": "{8BA80C64-F1E2-4236-8EBA-F1D6078E24A8}",
                "source_agency": "DOST-PHIVOLCS",
                "source_service": "https://gisweb.phivolcs.dost.gov.ph/arcgis/rest/services/PHIVOLCS/ActiveFault/MapServer",
                "source_vector_endpoint": "https://gisweb.phivolcs.dost.gov.ph/arcgis/services/PHIVOLCS/ActiveFault/MapServer/KmlServer",
                "minimum_distance_to_caloocan_meters": 10918.63,
                "intersects_caloocan": false
            },
            "geometry": {
                "type": "LineString",
                "coordinates": [
                    [
                        121.068132251,
                        14.57002418500002
                    ],
                    [
                        121.068289314,
                        14.56973717599999
                    ],
                    [
                        121.068451287,
                        14.56945016600002
                    ],
                    [
                        121.068608368,
                        14.56923011600003
                    ],
                    [
                        121.068696695,
                        14.56899573599998
                    ],
                    [
                        121.068735939,
                        14.56884745899998
                    ],
                    [
                        121.06877518,
                        14.56868961700002
                    ],
                    [
                        121.068799707,
                        14.56859395499998
                    ],
                    [
                        121.068873308,
                        14.56838349200001
                    ],
                    [
                        121.06900581,
                        14.56807735899997
                    ],
                    [
                        121.069108877,
                        14.56787645399999
                    ],
                    [
                        121.069162851,
                        14.56772339000003
                    ],
                    [
                        121.069275701,
                        14.56738378199998
                    ],
                    [
                        121.069403289,
                        14.56707286599999
                    ],
                    [
                        121.069452363,
                        14.56695806599998
                    ],
                    [
                        121.069467061,
                        14.56683849299998
                    ],
                    [
                        121.069467029,
                        14.56672370600001
                    ],
                    [
                        121.069427721,
                        14.566642409
                    ],
                    [
                        121.069383499,
                        14.56655154800001
                    ],
                    [
                        121.069137844,
                        14.56611159699997
                    ],
                    [
                        121.06881359,
                        14.565566445
                    ],
                    [
                        121.068671118,
                        14.565336909
                    ]
                ]
            }
        },
        {
            "type": "Feature",
            "properties": {
                "official_fault_name": "West Valley Fault",
                "official_fault_system": "Valley Fault System",
                "official_segment_name": "02",
                "feature_class": "Active Fault",
                "trace_type": "Approximate",
                "line_type": "Dashed - red",
                "mapped_year": "2013",
                "mapping_scale": "1:50,000",
                "source_object_id": 3158,
                "source_active_fault_id": "201020178101010203371",
                "source_global_id": "{D6BC63EE-21A6-4707-8CB6-BA67E3D4E186}",
                "source_agency": "DOST-PHIVOLCS",
                "source_service": "https://gisweb.phivolcs.dost.gov.ph/arcgis/rest/services/PHIVOLCS/ActiveFault/MapServer",
                "source_vector_endpoint": "https://gisweb.phivolcs.dost.gov.ph/arcgis/services/PHIVOLCS/ActiveFault/MapServer/KmlServer",
                "minimum_distance_to_caloocan_meters": 6168.95,
                "intersects_caloocan": false
            },
            "geometry": {
                "type": "LineString",
                "coordinates": [
                    [
                        121.146320899,
                        14.81540528400001
                    ],
                    [
                        121.1461832480001,
                        14.81440911999999
                    ],
                    [
                        121.146071246,
                        14.81327103900003
                    ],
                    [
                        121.1445532720001,
                        14.80709926200001
                    ],
                    [
                        121.14435056,
                        14.80566760300002
                    ]
                ]
            }
        },
        {
            "type": "Feature",
            "properties": {
                "official_fault_name": "West Valley Fault",
                "official_fault_system": "Valley Fault System",
                "official_segment_name": "02",
                "feature_class": "Active Fault",
                "trace_type": "Certain",
                "line_type": "Solid - red",
                "mapped_year": "2013",
                "mapping_scale": "1:5,000",
                "source_object_id": 3163,
                "source_active_fault_id": "201020178101052403376",
                "source_global_id": "{AF7B1B4B-981D-4402-8A76-1931B3C4A12B}",
                "source_agency": "DOST-PHIVOLCS",
                "source_service": "https://gisweb.phivolcs.dost.gov.ph/arcgis/rest/services/PHIVOLCS/ActiveFault/MapServer",
                "source_vector_endpoint": "https://gisweb.phivolcs.dost.gov.ph/arcgis/services/PHIVOLCS/ActiveFault/MapServer/KmlServer",
                "minimum_distance_to_caloocan_meters": 17520.66,
                "intersects_caloocan": false
            },
            "geometry": {
                "type": "LineString",
                "coordinates": [
                    [
                        121.052090628,
                        14.48929616599997
                    ],
                    [
                        121.0521288370001,
                        14.489122657
                    ],
                    [
                        121.052157502,
                        14.489029496
                    ]
                ]
            }
        },
        {
            "type": "Feature",
            "properties": {
                "official_fault_name": "West Valley Fault",
                "official_fault_system": "Valley Fault System",
                "official_segment_name": "02",
                "feature_class": "Active Fault",
                "trace_type": "Certain - Downthrown Area",
                "line_type": "Hachured (W) - red",
                "mapped_year": "2013",
                "mapping_scale": "1:5,000",
                "source_object_id": 3164,
                "source_active_fault_id": "201020178101082203377",
                "source_global_id": "{7C3B2CC2-FE71-4B78-8FE0-73403A2101C9}",
                "source_agency": "DOST-PHIVOLCS",
                "source_service": "https://gisweb.phivolcs.dost.gov.ph/arcgis/rest/services/PHIVOLCS/ActiveFault/MapServer",
                "source_vector_endpoint": "https://gisweb.phivolcs.dost.gov.ph/arcgis/services/PHIVOLCS/ActiveFault/MapServer/KmlServer",
                "minimum_distance_to_caloocan_meters": 7884.78,
                "intersects_caloocan": false
            },
            "geometry": {
                "type": "LineString",
                "coordinates": [
                    [
                        121.09041968,
                        14.66011009300001
                    ],
                    [
                        121.090445409,
                        14.65994507900001
                    ],
                    [
                        121.090500548,
                        14.65960787500001
                    ],
                    [
                        121.09051894,
                        14.65952536600003
                    ],
                    [
                        121.090507811,
                        14.65932808100001
                    ],
                    [
                        121.090493014,
                        14.65917384300002
                    ],
                    [
                        121.090481907,
                        14.65903395200002
                    ],
                    [
                        121.0904265520001,
                        14.65880440000001
                    ],
                    [
                        121.090404374,
                        14.65861788000001
                    ],
                    [
                        121.090393149,
                        14.65816591399999
                    ],
                    [
                        121.090374645,
                        14.65795069699999
                    ],
                    [
                        121.090345102,
                        14.657774942
                    ],
                    [
                        121.0903192440001,
                        14.65759918499998
                    ],
                    [
                        121.090300768,
                        14.65745929600001
                    ],
                    [
                        121.090293338,
                        14.65729788099998
                    ]
                ]
            }
        },
        {
            "type": "Feature",
            "properties": {
                "official_fault_name": "West Valley Fault",
                "official_fault_system": "Valley Fault System",
                "official_segment_name": "02",
                "feature_class": "Active Fault",
                "trace_type": "Certain - Downthrown Area",
                "line_type": "Hachured (W) - red",
                "mapped_year": "2013",
                "mapping_scale": "1:50,000",
                "source_object_id": 3170,
                "source_active_fault_id": "201020178101082203384",
                "source_global_id": "{D3C40FF1-DA98-4146-8B7A-16F4A09A9619}",
                "source_agency": "DOST-PHIVOLCS",
                "source_service": "https://gisweb.phivolcs.dost.gov.ph/arcgis/rest/services/PHIVOLCS/ActiveFault/MapServer",
                "source_vector_endpoint": "https://gisweb.phivolcs.dost.gov.ph/arcgis/services/PHIVOLCS/ActiveFault/MapServer/KmlServer",
                "minimum_distance_to_caloocan_meters": 6515.14,
                "intersects_caloocan": false
            },
            "geometry": {
                "type": "LineString",
                "coordinates": [
                    [
                        121.152122276,
                        14.80251609700002
                    ],
                    [
                        121.151720532,
                        14.80185771499998
                    ],
                    [
                        121.151371927,
                        14.80130086499997
                    ]
                ]
            }
        },
        {
            "type": "Feature",
            "properties": {
                "official_fault_name": "West Valley Fault",
                "official_fault_system": "Valley Fault System",
                "official_segment_name": "02",
                "feature_class": "Active Fault",
                "trace_type": "Certain",
                "line_type": "Solid - red",
                "mapped_year": "2013",
                "mapping_scale": "1:5,000",
                "source_object_id": 3175,
                "source_active_fault_id": "201020178101052403389",
                "source_global_id": "{4FE22CA5-4759-4A64-9871-957F01BA0C3F}",
                "source_agency": "DOST-PHIVOLCS",
                "source_service": "https://gisweb.phivolcs.dost.gov.ph/arcgis/rest/services/PHIVOLCS/ActiveFault/MapServer",
                "source_vector_endpoint": "https://gisweb.phivolcs.dost.gov.ph/arcgis/services/PHIVOLCS/ActiveFault/MapServer/KmlServer",
                "minimum_distance_to_caloocan_meters": 7622.98,
                "intersects_caloocan": false
            },
            "geometry": {
                "type": "LineString",
                "coordinates": [
                    [
                        121.098246385,
                        14.67505188000001
                    ],
                    [
                        121.098270583,
                        14.675138715
                    ],
                    [
                        121.098272477,
                        14.67522374999999
                    ],
                    [
                        121.098304119,
                        14.67533591199998
                    ],
                    [
                        121.098317157,
                        14.67540285000001
                    ],
                    [
                        121.098335761,
                        14.67544807500002
                    ]
                ]
            }
        },
        {
            "type": "Feature",
            "properties": {
                "official_fault_name": "West Valley Fault",
                "official_fault_system": "Valley Fault System",
                "official_segment_name": "02",
                "feature_class": "Active Fault",
                "trace_type": "Certain - Downthrown Area",
                "line_type": "Hachured (E) - red",
                "mapped_year": "2013",
                "mapping_scale": "1:10,000",
                "source_object_id": 3178,
                "source_active_fault_id": "201020178101081703392",
                "source_global_id": "{F906907A-9231-4B7B-A7F1-C055C5AD6490}",
                "source_agency": "DOST-PHIVOLCS",
                "source_service": "https://gisweb.phivolcs.dost.gov.ph/arcgis/rest/services/PHIVOLCS/ActiveFault/MapServer",
                "source_vector_endpoint": "https://gisweb.phivolcs.dost.gov.ph/arcgis/services/PHIVOLCS/ActiveFault/MapServer/KmlServer",
                "minimum_distance_to_caloocan_meters": 3795.68,
                "intersects_caloocan": false
            },
            "geometry": {
                "type": "LineString",
                "coordinates": [
                    [
                        121.131874754,
                        14.74846269199998
                    ],
                    [
                        121.131817652,
                        14.748284243
                    ],
                    [
                        121.1316891720001,
                        14.74781075800001
                    ]
                ]
            }
        },
        {
            "type": "Feature",
            "properties": {
                "official_fault_name": "East Valley Fault",
                "official_fault_system": "Valley Fault System",
                "official_segment_name": "01",
                "feature_class": "Active Fault",
                "trace_type": "Certain",
                "line_type": "Solid - red",
                "mapped_year": "2014",
                "mapping_scale": "1:50,000",
                "source_object_id": 3183,
                "source_active_fault_id": "201020173201052403397",
                "source_global_id": "{9571BD8F-C493-4531-A445-14A1366775C7}",
                "source_agency": "DOST-PHIVOLCS",
                "source_service": "https://gisweb.phivolcs.dost.gov.ph/arcgis/rest/services/PHIVOLCS/ActiveFault/MapServer",
                "source_vector_endpoint": "https://gisweb.phivolcs.dost.gov.ph/arcgis/services/PHIVOLCS/ActiveFault/MapServer/KmlServer",
                "minimum_distance_to_caloocan_meters": 10003.53,
                "intersects_caloocan": false
            },
            "geometry": {
                "type": "LineString",
                "coordinates": [
                    [
                        121.192715882,
                        14.77302778500001
                    ],
                    [
                        121.193863159,
                        14.77515598700001
                    ],
                    [
                        121.196662617,
                        14.77961347600001
                    ],
                    [
                        121.199252971,
                        14.78372108000002
                    ]
                ]
            }
        },
        {
            "type": "Feature",
            "properties": {
                "official_fault_name": "West Valley Fault",
                "official_fault_system": "Valley Fault System",
                "official_segment_name": "02",
                "feature_class": "Active Fault",
                "trace_type": "Certain - Downthrown Area",
                "line_type": "Hachured (E) - red",
                "mapped_year": "2013",
                "mapping_scale": "1:5,000",
                "source_object_id": 3215,
                "source_active_fault_id": "201020178101081703429",
                "source_global_id": "{9EE47830-D9E0-4F9D-A78F-9E853837E6BE}",
                "source_agency": "DOST-PHIVOLCS",
                "source_service": "https://gisweb.phivolcs.dost.gov.ph/arcgis/rest/services/PHIVOLCS/ActiveFault/MapServer",
                "source_vector_endpoint": "https://gisweb.phivolcs.dost.gov.ph/arcgis/services/PHIVOLCS/ActiveFault/MapServer/KmlServer",
                "minimum_distance_to_caloocan_meters": 10663.32,
                "intersects_caloocan": false
            },
            "geometry": {
                "type": "LineString",
                "coordinates": [
                    [
                        121.068811693,
                        14.57425192800002
                    ],
                    [
                        121.068776014,
                        14.57414777600002
                    ],
                    [
                        121.06875815,
                        14.574008897
                    ],
                    [
                        121.068746228,
                        14.57387001799998
                    ],
                    [
                        121.068698591,
                        14.57349967599998
                    ]
                ]
            }
        },
        {
            "type": "Feature",
            "properties": {
                "official_fault_name": "West Valley Fault",
                "official_fault_system": "Valley Fault System",
                "official_segment_name": "02",
                "feature_class": "Active Fault",
                "trace_type": "Certain - Downthrown Area",
                "line_type": "Hachured (E) - red",
                "mapped_year": "2013",
                "mapping_scale": "1:5,000",
                "source_object_id": 3222,
                "source_active_fault_id": "201020178101081703436",
                "source_global_id": "{4C953CB8-498F-4874-9E16-5415524FD086}",
                "source_agency": "DOST-PHIVOLCS",
                "source_service": "https://gisweb.phivolcs.dost.gov.ph/arcgis/rest/services/PHIVOLCS/ActiveFault/MapServer",
                "source_vector_endpoint": "https://gisweb.phivolcs.dost.gov.ph/arcgis/services/PHIVOLCS/ActiveFault/MapServer/KmlServer",
                "minimum_distance_to_caloocan_meters": 8102.39,
                "intersects_caloocan": false
            },
            "geometry": {
                "type": "LineString",
                "coordinates": [
                    [
                        121.093002924,
                        14.66109917599999
                    ],
                    [
                        121.09296287,
                        14.66089657499998
                    ],
                    [
                        121.092923787,
                        14.66079206400002
                    ],
                    [
                        121.092879809,
                        14.66064954500001
                    ],
                    [
                        121.092804063,
                        14.66038825999999
                    ],
                    [
                        121.09278204,
                        14.66023147999999
                    ],
                    [
                        121.092718788,
                        14.66000881500003
                    ],
                    [
                        121.092589686,
                        14.65964298199998
                    ],
                    [
                        121.092578607,
                        14.65957841900001
                    ],
                    [
                        121.092549092,
                        14.65947799200001
                    ]
                ]
            }
        },
        {
            "type": "Feature",
            "properties": {
                "official_fault_name": "West Valley Fault",
                "official_fault_system": "Valley Fault System",
                "official_segment_name": "02",
                "feature_class": "Active Fault",
                "trace_type": "Approximate",
                "line_type": "Dashed - red",
                "mapped_year": "2013",
                "mapping_scale": "1:5,000",
                "source_object_id": 3230,
                "source_active_fault_id": "201020178101010203444",
                "source_global_id": "{BE97CE8A-F9BA-4444-8E1B-D732945890AF}",
                "source_agency": "DOST-PHIVOLCS",
                "source_service": "https://gisweb.phivolcs.dost.gov.ph/arcgis/rest/services/PHIVOLCS/ActiveFault/MapServer",
                "source_vector_endpoint": "https://gisweb.phivolcs.dost.gov.ph/arcgis/services/PHIVOLCS/ActiveFault/MapServer/KmlServer",
                "minimum_distance_to_caloocan_meters": 16223.07,
                "intersects_caloocan": false
            },
            "geometry": {
                "type": "LineString",
                "coordinates": [
                    [
                        121.05347682,
                        14.49878024600002
                    ],
                    [
                        121.053481445,
                        14.49887894199998
                    ],
                    [
                        121.053525218,
                        14.49900903499997
                    ],
                    [
                        121.053545967,
                        14.49914137500002
                    ],
                    [
                        121.053541409,
                        14.499365689
                    ],
                    [
                        121.053559858,
                        14.49950700199997
                    ],
                    [
                        121.053545229,
                        14.49973879499999
                    ],
                    [
                        121.053537268,
                        14.49976109099998
                    ],
                    [
                        121.053530155,
                        14.49993940600001
                    ],
                    [
                        121.053514835,
                        14.500076987
                    ],
                    [
                        121.053499504,
                        14.50016671499998
                    ],
                    [
                        121.053496455,
                        14.50026541300002
                    ],
                    [
                        121.0535241,
                        14.50034317000001
                    ],
                    [
                        121.053533376,
                        14.50066019600001
                    ],
                    [
                        121.053509893,
                        14.50090856499998
                    ],
                    [
                        121.053506837,
                        14.500974364
                    ],
                    [
                        121.05350073,
                        14.50112988900003
                    ],
                    [
                        121.053488461,
                        14.50117774400002
                    ],
                    [
                        121.053500771,
                        14.50132429299998
                    ],
                    [
                        121.053470142,
                        14.501656282
                    ],
                    [
                        121.05345176,
                        14.50183573499999
                    ],
                    [
                        121.053445681,
                        14.50212285700002
                    ],
                    [
                        121.053424212,
                        14.50221856799999
                    ],
                    [
                        121.053458024,
                        14.50242492899997
                    ],
                    [
                        121.053461125,
                        14.5024626
                    ]
                ]
            }
        },
        {
            "type": "Feature",
            "properties": {
                "official_fault_name": "West Valley Fault",
                "official_fault_system": "Valley Fault System",
                "official_segment_name": "02",
                "feature_class": "Active Fault",
                "trace_type": "Certain - Downthrown Area",
                "line_type": "Hachured (E) - red",
                "mapped_year": "2013",
                "mapping_scale": "1:10,000",
                "source_object_id": 3234,
                "source_active_fault_id": "201020178101081703448",
                "source_global_id": "{4B9A9AB7-C7FF-4FD7-A36F-B7D0ACA4B283}",
                "source_agency": "DOST-PHIVOLCS",
                "source_service": "https://gisweb.phivolcs.dost.gov.ph/arcgis/rest/services/PHIVOLCS/ActiveFault/MapServer",
                "source_vector_endpoint": "https://gisweb.phivolcs.dost.gov.ph/arcgis/services/PHIVOLCS/ActiveFault/MapServer/KmlServer",
                "minimum_distance_to_caloocan_meters": 4033.95,
                "intersects_caloocan": false
            },
            "geometry": {
                "type": "LineString",
                "coordinates": [
                    [
                        121.127194613,
                        14.73785563400003
                    ],
                    [
                        121.127166062,
                        14.73773190899999
                    ],
                    [
                        121.127142272,
                        14.73755108099999
                    ],
                    [
                        121.127042344,
                        14.73715135499998
                    ]
                ]
            }
        },
        {
            "type": "Feature",
            "properties": {
                "official_fault_name": "West Valley Fault",
                "official_fault_system": "Valley Fault System",
                "official_segment_name": "02",
                "feature_class": "Active Fault",
                "trace_type": "Certain",
                "line_type": "Solid - red",
                "mapped_year": "2013",
                "mapping_scale": "1:5,000",
                "source_object_id": 3250,
                "source_active_fault_id": "201020178101052403466",
                "source_global_id": "{D47C45C6-56E5-4E55-91A2-CB799F83DFEE}",
                "source_agency": "DOST-PHIVOLCS",
                "source_service": "https://gisweb.phivolcs.dost.gov.ph/arcgis/rest/services/PHIVOLCS/ActiveFault/MapServer",
                "source_vector_endpoint": "https://gisweb.phivolcs.dost.gov.ph/arcgis/services/PHIVOLCS/ActiveFault/MapServer/KmlServer",
                "minimum_distance_to_caloocan_meters": 7491.04,
                "intersects_caloocan": false
            },
            "geometry": {
                "type": "LineString",
                "coordinates": [
                    [
                        121.0985050100001,
                        14.67573387200002
                    ],
                    [
                        121.098609649,
                        14.67606274500002
                    ],
                    [
                        121.098627506,
                        14.67612695999998
                    ],
                    [
                        121.09868105,
                        14.67625538099998
                    ],
                    [
                        121.098716757,
                        14.67636818800003
                    ],
                    [
                        121.098722149,
                        14.67647059299998
                    ],
                    [
                        121.098745367,
                        14.67656257700003
                    ],
                    [
                        121.098779281,
                        14.676649349
                    ],
                    [
                        121.09880607,
                        14.67675521699999
                    ],
                    [
                        121.0988328670001,
                        14.67687844199998
                    ]
                ]
            }
        },
        {
            "type": "Feature",
            "properties": {
                "official_fault_name": "West Valley Fault",
                "official_fault_system": "Valley Fault System",
                "official_segment_name": "02",
                "feature_class": "Active Fault",
                "trace_type": "Certain",
                "line_type": "Solid - red",
                "mapped_year": "2013",
                "mapping_scale": "1:50,000",
                "source_object_id": 3262,
                "source_active_fault_id": "201020178101052403478",
                "source_global_id": "{26FBD4D9-1D45-4158-A141-CADDA427F015}",
                "source_agency": "DOST-PHIVOLCS",
                "source_service": "https://gisweb.phivolcs.dost.gov.ph/arcgis/rest/services/PHIVOLCS/ActiveFault/MapServer",
                "source_vector_endpoint": "https://gisweb.phivolcs.dost.gov.ph/arcgis/services/PHIVOLCS/ActiveFault/MapServer/KmlServer",
                "minimum_distance_to_caloocan_meters": 7922.06,
                "intersects_caloocan": false
            },
            "geometry": {
                "type": "LineString",
                "coordinates": [
                    [
                        121.154335371,
                        14.82229397999998
                    ],
                    [
                        121.154442303,
                        14.82088054799999
                    ],
                    [
                        121.154329585,
                        14.82025394800002
                    ],
                    [
                        121.15418443,
                        14.81883866800001
                    ]
                ]
            }
        },
        {
            "type": "Feature",
            "properties": {
                "official_fault_name": "West Valley Fault",
                "official_fault_system": "Valley Fault System",
                "official_segment_name": "02",
                "feature_class": "Active Fault",
                "trace_type": "Approximate",
                "line_type": "Dashed - red",
                "mapped_year": "2013",
                "mapping_scale": "1:10,000",
                "source_object_id": 3277,
                "source_active_fault_id": "201020178101010203493",
                "source_global_id": "{E6077299-A881-4D14-9D38-4F0182D08CFF}",
                "source_agency": "DOST-PHIVOLCS",
                "source_service": "https://gisweb.phivolcs.dost.gov.ph/arcgis/rest/services/PHIVOLCS/ActiveFault/MapServer",
                "source_vector_endpoint": "https://gisweb.phivolcs.dost.gov.ph/arcgis/services/PHIVOLCS/ActiveFault/MapServer/KmlServer",
                "minimum_distance_to_caloocan_meters": 4535.72,
                "intersects_caloocan": false
            },
            "geometry": {
                "type": "LineString",
                "coordinates": [
                    [
                        121.142059671,
                        14.76763497799999
                    ],
                    [
                        121.142333295,
                        14.76821791499998
                    ],
                    [
                        121.142402295,
                        14.76838684699999
                    ],
                    [
                        121.142509363,
                        14.768696159
                    ],
                    [
                        121.142630702,
                        14.76928385100001
                    ],
                    [
                        121.142690181,
                        14.76961219700002
                    ],
                    [
                        121.142775832,
                        14.76997147399999
                    ],
                    [
                        121.1428043780001,
                        14.77031171599998
                    ]
                ]
            }
        },
        {
            "type": "Feature",
            "properties": {
                "official_fault_name": "East Valley Fault",
                "official_fault_system": "Valley Fault System",
                "official_segment_name": "01",
                "feature_class": "Active Fault",
                "trace_type": "Approximate",
                "line_type": "Dashed - red",
                "mapped_year": "2014",
                "mapping_scale": "1:50,000",
                "source_object_id": 3282,
                "source_active_fault_id": "201020173201010203498",
                "source_global_id": "{6B10E378-E8A5-4C56-8CB3-548855234C01}",
                "source_agency": "DOST-PHIVOLCS",
                "source_service": "https://gisweb.phivolcs.dost.gov.ph/arcgis/rest/services/PHIVOLCS/ActiveFault/MapServer",
                "source_vector_endpoint": "https://gisweb.phivolcs.dost.gov.ph/arcgis/services/PHIVOLCS/ActiveFault/MapServer/KmlServer",
                "minimum_distance_to_caloocan_meters": 8946.37,
                "intersects_caloocan": false
            },
            "geometry": {
                "type": "LineString",
                "coordinates": [
                    [
                        121.182991119,
                        14.761429921
                    ],
                    [
                        121.1871563780001,
                        14.76581522399999
                    ],
                    [
                        121.191358586,
                        14.77121193800002
                    ],
                    [
                        121.192699735,
                        14.772937087
                    ]
                ]
            }
        },
        {
            "type": "Feature",
            "properties": {
                "official_fault_name": "East Valley Fault",
                "official_fault_system": "Valley Fault System",
                "official_segment_name": "01",
                "feature_class": "Active Fault",
                "trace_type": "Certain - Downthrown Area",
                "line_type": "Hachured (W) - red",
                "mapped_year": "2014",
                "mapping_scale": "1:10,000",
                "source_object_id": 3289,
                "source_active_fault_id": "201020173201082203505",
                "source_global_id": "{8D8DDFCE-401F-4C38-850A-45CE556829F1}",
                "source_agency": "DOST-PHIVOLCS",
                "source_service": "https://gisweb.phivolcs.dost.gov.ph/arcgis/rest/services/PHIVOLCS/ActiveFault/MapServer",
                "source_vector_endpoint": "https://gisweb.phivolcs.dost.gov.ph/arcgis/services/PHIVOLCS/ActiveFault/MapServer/KmlServer",
                "minimum_distance_to_caloocan_meters": 7641.13,
                "intersects_caloocan": false
            },
            "geometry": {
                "type": "LineString",
                "coordinates": [
                    [
                        121.163206999,
                        14.73145305200001
                    ],
                    [
                        121.16308096,
                        14.73126185299998
                    ],
                    [
                        121.16300276,
                        14.731118471
                    ],
                    [
                        121.162876717,
                        14.73081866699999
                    ],
                    [
                        121.16267253,
                        14.73051444599997
                    ],
                    [
                        121.162511806,
                        14.73029586400003
                    ],
                    [
                        121.162503065,
                        14.73029724000003
                    ],
                    [
                        121.162368342,
                        14.73011907300003
                    ],
                    [
                        121.162159804,
                        14.72974976199998
                    ],
                    [
                        121.162072899,
                        14.729567277
                    ],
                    [
                        121.162012073,
                        14.72939774100001
                    ],
                    [
                        121.161946895,
                        14.72926304600003
                    ]
                ]
            }
        },
        {
            "type": "Feature",
            "properties": {
                "official_fault_name": "West Valley Fault",
                "official_fault_system": "Valley Fault System",
                "official_segment_name": "02",
                "feature_class": "Active Fault",
                "trace_type": "Approximate",
                "line_type": "Dashed - red",
                "mapped_year": "2013",
                "mapping_scale": "1:5,000",
                "source_object_id": 3296,
                "source_active_fault_id": "201020178101010203512",
                "source_global_id": "{30FC90A4-334B-4141-AC62-8C96A566DA52}",
                "source_agency": "DOST-PHIVOLCS",
                "source_service": "https://gisweb.phivolcs.dost.gov.ph/arcgis/rest/services/PHIVOLCS/ActiveFault/MapServer",
                "source_vector_endpoint": "https://gisweb.phivolcs.dost.gov.ph/arcgis/services/PHIVOLCS/ActiveFault/MapServer/KmlServer",
                "minimum_distance_to_caloocan_meters": 8725.67,
                "intersects_caloocan": false
            },
            "geometry": {
                "type": "LineString",
                "coordinates": [
                    [
                        121.081704618,
                        14.63334256500002
                    ],
                    [
                        121.081682239,
                        14.63328762600003
                    ],
                    [
                        121.08164978,
                        14.63317141499999
                    ],
                    [
                        121.08161732,
                        14.63305520400002
                    ]
                ]
            }
        }
    ]
}
