{"type":"FeatureCollection","features":[{"type":"Feature","properties":{"adm3_name":"Caloocan City","adm3_name1":null,"adm3_name2":null,"adm3_name3":null,"adm3_pcode":"PH1307501","adm2_name":"Metropolitan Manila Third District","adm2_name1":null,"adm2_name2":null,"adm2_name3":null,"adm2_pcode":"PH13075","adm1_name":"National Capital Region (NCR)","adm1_name1":null,"adm1_name2":null,"adm1_name3":null,"adm1_pcode":"PH13","adm0_name":"Philippines","adm0_name1":null,"adm0_name2":null,"adm0_name3":null,"adm0_pcode":"PH","valid_on":"2025-02-13","valid_to":null,"area_sqkm":53.2324431,"version":"v03","lang":"en","lang1":null,"lang2":null,"lang3":null,"adm3_ref_name":"Caloocan City","center_lat":14.7466551,"center_lon":121.04341401000001},"geometry":{"type":"MultiPolygon","coordinates":[[[[121.099506539000117,14.76920958900007],[121.099507663000054,14.769212394000078],[121.099389291000193,14.769508829000131],[121.099373103000062,14.769715481000048],[121.099370830000225,14.769765254000163],[121.099337432000084,14.770016460000136],[121.099374939000086,14.770477320999987],[121.099382651000042,14.770588173000135],[121.099407779000103,14.770949369000164],[121.099358887000335,14.771236387000101],[121.09925787300017,14.771307613000147],[121.099166054000079,14.77141205800018],[121.098924921000162,14.771526875000177],[121.098773135000215,14.771533784000098],[121.098628256000211,14.771480833000055],[121.098436588000141,14.771304286000145],[121.098299126000143,14.770933141000057],[121.098250576000055,14.770630163000021],[121.09820658700005,14.770363762000102],[121.098191335000024,14.770054213000151],[121.098209477000069,14.769703594000191],[121.098110513000051,14.769474694999985],[121.097988816000225,14.769218427000112],[121.097830339000211,14.769035713000108],[121.097757261000197,14.768931638000083],[121.097593074000201,14.768762164000123],[121.097445176000178,14.768714362000082],[121.09717590300022,14.768616135],[121.096913346000065,14.768503905000159],[121.096658087000037,14.768419146000156],[121.096442577000062,14.76836305300003],[121.096200149000083,14.768311949000065],[121.096147942000016,14.768308138],[121.095868623000229,14.768287748000091],[121.095597968000106,14.768318172000136],[121.095402630000081,14.768391762000022],[121.095233673000052,14.768506099000149],[121.095141923000142,14.768654669000171],[121.095106642000133,14.768783995000035],[121.095131631000186,14.769086865000077],[121.095167415000105,14.769310528000176],[121.095260899000209,14.769722928000022],[121.095310365000046,14.770180110000183],[121.095263592000151,14.770466895000027],[121.095199640000033,14.770607334000033],[121.095088129000146,14.770785788000012],[121.095034917000021,14.770873756000015],[121.094887432000291,14.770939840000153],[121.094741137000028,14.771015730000045],[121.094493742000054,14.771014739000066],[121.094176841000035,14.770997007000176],[121.093898918000036,14.770957704000068],[121.093836352000039,14.770914033000054],[121.093819787000029,14.770868040000096],[121.093762570000308,14.770817057000045],[121.093622805000223,14.770690807000051],[121.09353535400021,14.770615440000142],[121.093354664000117,14.770368447000067],[121.093259932000137,14.770079758000065],[121.093159961000083,14.769677066000156],[121.093075844000168,14.769320391],[121.093001399000173,14.76900351400019],[121.092945391000285,14.76863097800009],[121.092902087000084,14.768418324000095],[121.092834210000092,14.768191757000068],[121.092685366000183,14.767978450000101],[121.092624061000038,14.767828184000109],[121.092301875000203,14.767531048000023],[121.092116558000043,14.767439202000048],[121.091773028000034,14.767281383000068],[121.091456904000097,14.767226754000092],[121.091146602000094,14.767229904000146],[121.090856136000184,14.76732597400013],[121.090644794000127,14.767453811000109],[121.090521702000046,14.767648270000109],[121.090388525000094,14.767877362999968],[121.090450047000104,14.768017614000144],[121.090452671000094,14.768022559000087],[121.09054440500006,14.768173698000112],[121.09047446500017,14.768402601000105],[121.090292848000104,14.768739986000071],[121.090157145000148,14.769048742],[121.089986776000046,14.76913939800005],[121.089928677000103,14.769202645000064],[121.089830467000297,14.769283213000165],[121.089699743000324,14.769367896000119],[121.089581839000175,14.769425387000183],[121.089464085000031,14.769480846000079],[121.089259558000094,14.769492386000138],[121.089065250000317,14.769484803000125],[121.08898496300003,14.769471197000087],[121.088907342000084,14.769414811],[121.088818213000081,14.769326284000044],[121.088760259000082,14.769230544000152],[121.088698283000099,14.769107358000042],[121.088685044000158,14.768976539000164],[121.088603780000199,14.768796714000132],[121.088478241000189,14.768626484000094],[121.088336526000035,14.768473606000043],[121.088081819000081,14.76830478800008],[121.087916356000164,14.768199756000115],[121.087540312000101,14.768086331000063],[121.087317747000043,14.768006457000183],[121.087100748000125,14.76797293900006],[121.086885037000116,14.768034770000156],[121.086729681000065,14.768113701000175],[121.086639873000081,14.768225106000102],[121.086452784000016,14.768421660000172],[121.086343448000207,14.768547110999975],[121.086266089000105,14.768847517000154],[121.086275295000178,14.769073168999967],[121.086373187000049,14.769358921],[121.086615744000142,14.76964787300011],[121.086843234000185,14.769770805000178],[121.086977663000198,14.769850315000156],[121.087132096000232,14.769888535000121],[121.087383999000053,14.769995511000104],[121.087623729000143,14.770173291000049],[121.087765030000014,14.770315129000096],[121.087859773000105,14.770456662000129],[121.087975820000111,14.77057416800011],[121.087973925000028,14.770658196000113],[121.087946227000202,14.770715928000129],[121.087902661000157,14.770746559000088],[121.087842041000272,14.770782833000055],[121.087739203000069,14.770894240000132],[121.087638598000012,14.771019002000116],[121.087484688000131,14.771180203000085],[121.087370129000305,14.771254932000147],[121.087154238000153,14.771370868000133],[121.087053500000138,14.771415965000017],[121.086858565000057,14.771393299000124],[121.086758540000233,14.771419483000159],[121.08665619400017,14.77147516500014],[121.08660551100013,14.771540849000075],[121.086559720000309,14.771715207000113],[121.08651348,14.771891093000079],[121.086478042000294,14.772242680000147],[121.086482276000083,14.772597159000043],[121.086546780000162,14.77285793700014],[121.086566935000064,14.772975400000178],[121.086666292000245,14.773228851000113],[121.086673720000022,14.77333439500012],[121.086619688000155,14.773460268000179],[121.086523358000136,14.773606489000088],[121.086412367000094,14.773704547000023],[121.086225177000074,14.773750038000173],[121.086013580000099,14.773776668000039],[121.085874998,14.773785710000084],[121.085684674000049,14.773748991000161],[121.085450542000217,14.773604441000089],[121.085348533000229,14.773486167999977],[121.085167606000027,14.773323071000107],[121.0849797300001,14.773258103000046],[121.0843767140002,14.773152336000066],[121.084019788000091,14.773083183000153],[121.08382999100013,14.773037461000058],[121.083733478000227,14.773054494000178],[121.083608080000204,14.773132063000105],[121.083546869000202,14.773201531000154],[121.083490144000166,14.773274817000186],[121.083421812000211,14.773377241000105],[121.083376548000047,14.773487076000094],[121.083399154000062,14.773526706000155],[121.083424138000055,14.773596054000052],[121.083419457000105,14.773674184000072],[121.083417242000223,14.773710404000099],[121.083425816000045,14.773785776000068],[121.083448758000145,14.773860700000057],[121.083455892000188,14.773908310000081],[121.083461451000062,14.7740346920001],[121.083447183000089,14.774090013000148],[121.083409496000058,14.77413846800016],[121.083362471000214,14.77415022200006],[121.083297168000058,14.774229122000179],[121.083265986000129,14.774313042000188],[121.083166336000204,14.774549783000168],[121.083041003000062,14.774688936000018],[121.082936073000042,14.774688964000063],[121.082888675000049,14.774706493000167],[121.08282131500016,14.774718533000112],[121.082758337000087,14.77477507500015],[121.082591626000067,14.774893831000043],[121.082461902000205,14.774905575000105],[121.082283696000218,14.774858502000029],[121.082188916000177,14.774794198000052],[121.082094897000275,14.774672188000068],[121.081955377000099,14.774447133000024],[121.081910943000025,14.774275284999987],[121.081918250000172,14.774088898000116],[121.081979819000026,14.773811518000116],[121.082019735000131,14.773622794000119],[121.082046720000108,14.773313995000024],[121.082001683000044,14.772808457000167],[121.081917789000045,14.772307902000023],[121.081829551000169,14.772050176],[121.081508424000162,14.771439906000126],[121.081405579000261,14.771281683000097],[121.081257666000056,14.771168074000059],[121.081183821000081,14.771132211000179],[121.081097917000079,14.771108758000082],[121.0810090760001,14.77110734900009],[121.080933838000078,14.771124569000108],[121.080856990000257,14.771197821000101],[121.08071856100014,14.771381080000083],[121.080614762000096,14.771561555000176],[121.080597705000059,14.771596281000029],[121.080549890000043,14.771693627000104],[121.080500988000153,14.771917557000165],[121.080506231000072,14.772059951000017],[121.080540208000343,14.772219974000052],[121.080587703000106,14.772364516000096],[121.080689028000052,14.772738703000073],[121.080695033000097,14.77287797800011],[121.080689362000044,14.772951122000109],[121.080661802000122,14.77306844800006],[121.080623890000197,14.773105128000111],[121.08057925900016,14.773136531000091],[121.080402212000081,14.773169999000061],[121.080266248000044,14.773195993000058],[121.080078966000201,14.773211675000084],[121.079654600000254,14.77319976900003],[121.079519762000132,14.773192257000119],[121.079416066000022,14.77319667],[121.079330991,14.773208030999967],[121.079232400000137,14.773238258000106],[121.079125380000164,14.773242980000134],[121.078925027000196,14.773300279000182],[121.07866282800012,14.773372447999975],[121.078538095000113,14.773418408000055],[121.078411666000079,14.77345192700011],[121.07829944200023,14.773473461000094],[121.078126165000185,14.773453330000109],[121.078032432000327,14.773434155000018],[121.077820619000136,14.77337588600011],[121.077716344000123,14.773376749000079],[121.07767002300011,14.773395022999978],[121.077627848000247,14.773434388000169],[121.07760115800022,14.773477818],[121.077603794000083,14.773636538000176],[121.077667717000054,14.773768102000076],[121.077752323000027,14.773756451000054],[121.077827213000091,14.773804684000083],[121.077946826000016,14.773996758000123],[121.07825860100013,14.774551920000079],[121.078311303000078,14.774678754000092],[121.078267912000115,14.774869666000086],[121.077941312000121,14.775500916000055],[121.077721426000039,14.775887777000037],[121.077668884000104,14.776087427],[121.077629442000216,14.776223967000135],[121.077523435000217,14.776427389999981],[121.077391167000087,14.776568390000136],[121.077286346000051,14.776619849000042],[121.07718593300001,14.776649712000108],[121.077043143000083,14.776637378000146],[121.076934643000186,14.776613781000037],[121.076854227000126,14.776554650000037],[121.076804286000311,14.776505192000059],[121.076812386000142,14.776407188000121],[121.076841587000104,14.776226678000057],[121.076903272000209,14.775772753000069],[121.076926343000196,14.77550394400015],[121.076900186000103,14.775355894000143],[121.076883162000058,14.775259535000089],[121.07686733100013,14.775210598000058],[121.076783328000033,14.775073526000085],[121.076706662000106,14.774952321000058],[121.076419201000022,14.774719474000051],[121.07604326500018,14.774423139000135],[121.07583370600014,14.774246640000058],[121.07564162600022,14.774095423000063],[121.075466616000085,14.773958638000181],[121.075235101000089,14.773835475000055],[121.07500765400016,14.773715919999972],[121.074768558000073,14.773605172999964],[121.074569429000235,14.773529869000129],[121.0744324220002,14.773478058000023],[121.074098384000081,14.773349538000048],[121.073943041000121,14.773307141000032],[121.073893941000165,14.773271411000053],[121.073844962000067,14.773154870000099],[121.073800887000061,14.772948440999983],[121.073670764000212,14.772533992000092],[121.073635689000071,14.772427819000086],[121.073542307000025,14.772334360000059],[121.073458880000089,14.772289937000039],[121.073351844000172,14.772276081000143],[121.073051909000128,14.772177418000069],[121.07269677100021,14.771987201000059],[121.072496068000191,14.771909267000183],[121.072213507000015,14.771775369000125],[121.072076834000313,14.771780896000109],[121.071945210000081,14.771829311000147],[121.071850976000064,14.771917567000173],[121.07180943600008,14.772036130000117],[121.071815917000094,14.772163996000188],[121.071847579000064,14.77237149400014],[121.071875085000102,14.772639175000165],[121.071879002000287,14.77272147900004],[121.071917884000186,14.772788207000076],[121.071968323000306,14.772830836000139],[121.071984125000199,14.772910755000055],[121.071976155000243,14.773307469000031],[121.07207644000016,14.773621325000079],[121.072167053000044,14.773786811000093],[121.072288107000304,14.773892333000106],[121.072443289000034,14.774020035000035],[121.072524367000142,14.774132357000099],[121.072651264000115,14.774510091000082],[121.072654010000292,14.774639440000044],[121.072619059000203,14.774810554000169],[121.072523650000335,14.774988801000063],[121.072320226000215,14.775171672],[121.072120050000194,14.775328338000179],[121.072007180000242,14.775389847000042],[121.071841506000055,14.77560742999998],[121.071768283000097,14.775674515000162],[121.07169224300003,14.775697268000158],[121.071616014000028,14.775732358000027],[121.071549984000058,14.77580677900005],[121.071500429000139,14.775874928000121],[121.071452835000287,14.775894382000104],[121.071069373000228,14.776046736000126],[121.070960514000149,14.776060869000105],[121.070862322000039,14.776025168000103],[121.070782847000146,14.775949840000067],[121.070707453000068,14.775836189000188],[121.070640679000235,14.775657943],[121.070574875000148,14.775448746],[121.070457900000179,14.775079864000077],[121.070229073000291,14.774615525000115],[121.070176771000092,14.774535296000124],[121.070036231000017,14.774473516000171],[121.069782373000066,14.774419682000143],[121.069571912000015,14.77436221],[121.069347146000041,14.774300492000066],[121.069282907000343,14.77429203100013],[121.069133361000013,14.77425772100014],[121.068794915000126,14.774152510000079],[121.068493820000185,14.774124693000147],[121.068137830000182,14.774125937000065],[121.067665797000132,14.774101086000087],[121.067450798000209,14.77404590600014],[121.067219911000052,14.773929113000122],[121.067041449000158,14.773815349000131],[121.066936186000021,14.773755559000165],[121.066865229000314,14.773716812000089],[121.066814667000017,14.773699407000151],[121.066734300000235,14.773686868000084],[121.066694892000214,14.773695643],[121.066665624000052,14.773719817000028],[121.066599040000028,14.773787179000124],[121.066578996000203,14.773823612],[121.06648838000001,14.774040762000027],[121.066471954,14.774078615000064],[121.066469871000095,14.774105625000175],[121.066495773000156,14.77424785900007],[121.066550822000181,14.774577097000133],[121.066604295000047,14.774842567000064],[121.066652167000143,14.774933851000128],[121.066833386000098,14.775275262000036],[121.067034,14.775612268000032],[121.067100617000051,14.775743553000154],[121.06713532900028,14.775925222000183],[121.067150214000208,14.776005342000076],[121.067140623000228,14.776142079000124],[121.067093806000116,14.776365485000099],[121.067063258000076,14.776512402000094],[121.066985258000045,14.776696476000041],[121.066943298000297,14.776797248000037],[121.066907604000221,14.776863880000064],[121.066730128000245,14.777051531000041],[121.066657647000056,14.777130279000176],[121.066426412000169,14.777289886000119],[121.066199316000052,14.777400071000102],[121.066133391000335,14.777432057000055],[121.06606183700012,14.777453995000087],[121.065655112000286,14.777533081000058],[121.065498433000016,14.777533221999988],[121.065428949000193,14.777514530000076],[121.065326284000093,14.77746654300006],[121.06523747100016,14.777369433000047],[121.0652022700001,14.777228587000138],[121.065187801000093,14.77694580300016],[121.065195794000147,14.776864776000139],[121.065265477000139,14.776651720000075],[121.065280381000093,14.776563632999967],[121.065274441000156,14.776427569000077],[121.065263003000268,14.776401288000159],[121.065250600000013,14.776387673000158],[121.065195726000297,14.77636225800012],[121.065081279000196,14.776305574000048],[121.065009831000111,14.776263851000067],[121.064634941,14.775900194000087],[121.064474656000016,14.77572461200009],[121.064287495000031,14.775553201000037],[121.064026902000023,14.775380153000128],[121.063880984000093,14.775282761000028],[121.063579415000049,14.775127744000088],[121.06306164700004,14.774885992000179],[121.062989622000032,14.77485255900018],[121.062947407000024,14.774845497000115],[121.062897222000061,14.774850638000089],[121.062853337000206,14.774869248000016],[121.06280553900001,14.774902074000067],[121.062735804000113,14.774963485000114],[121.062683484000104,14.775019582000027],[121.062438749000194,14.775436295000134],[121.062412009000127,14.775546292000115],[121.062394789000109,14.775653831],[121.062366179000037,14.775880616000052],[121.062388675000079,14.776325968000151],[121.062574291000033,14.777111694000098],[121.062689410000075,14.777700914000036],[121.062726517000215,14.777870920000055],[121.062817052000128,14.778272510000079],[121.062838394000096,14.778558788000112],[121.062811892000013,14.778688669000132],[121.062379148000105,14.779038592000063],[121.06196595900019,14.779353767000089],[121.061760333000052,14.779399764000061],[121.061610366000082,14.779321996000021],[121.061401866000097,14.779166082000131],[121.061180623000041,14.778944105000107],[121.060826931000065,14.778557691000117],[121.060458287000074,14.778259882999976],[121.06031208100012,14.778064638000103],[121.060176919000128,14.77777308400016],[121.060070914000107,14.777490520000015],[121.059889443000088,14.776986644999965],[121.059853031000102,14.77692842100015],[121.059834830000113,14.776919150000026],[121.059807265000018,14.77690688000007],[121.059755842000186,14.776918612000145],[121.059642902000064,14.776998151000043],[121.059583018000239,14.777060199000061],[121.059576395000136,14.777064667000047],[121.059542696000108,14.777101461000086],[121.059481576000053,14.777212],[121.059451209000258,14.777332116000082],[121.059467626000128,14.777495714000111],[121.059467928000117,14.777600782000093],[121.059452020000094,14.777740591],[121.059444280000093,14.777792481000063],[121.059418204000281,14.777970503000063],[121.059432759000174,14.778153521999968],[121.059467093000194,14.778300061000152],[121.059535528000083,14.778418154000065],[121.059555895000017,14.778555421000135],[121.059540222000123,14.77876437000009],[121.059506018000093,14.778906312000117],[121.059425779000094,14.779026021000163],[121.05935412600013,14.779177502000152],[121.059326594000026,14.779262147000168],[121.059321823000232,14.779341639000165],[121.05934450600023,14.77938846100011],[121.059332914000152,14.779505463000021],[121.059326969000153,14.77963225700006],[121.05935190300022,14.779809295000121],[121.059375227000032,14.780192433000025],[121.059385072000055,14.780246992],[121.05940438600021,14.780324859000132],[121.059383305000324,14.780401062000124],[121.059356523000019,14.780516],[121.059299692000081,14.780619770000101],[121.059249879000163,14.780689055000096],[121.059219100000178,14.780731798000147],[121.059140511000123,14.780785165000054],[121.059067236000033,14.780814530999976],[121.058887616000106,14.780849809000074],[121.058823056000051,14.780876365000154],[121.058776495000075,14.780882021000082],[121.058729340000127,14.780861466000033],[121.058698756000126,14.780814798999984],[121.058636428000113,14.780684615000098],[121.058590644000219,14.780610598000067],[121.058429505000277,14.780523052000092],[121.058195599000101,14.780432197000152],[121.05789320000008,14.780328766000025],[121.057477528000163,14.780195000000163],[121.05739440900004,14.780185169000163],[121.057345949000023,14.780208452000011],[121.057275654000136,14.780294285000082],[121.057204758000125,14.780367783000145],[121.056897779000224,14.780568321000032],[121.05655868000008,14.780805467000107],[121.056478356000071,14.780902469000182],[121.056306544000222,14.781127737000133],[121.05608776400004,14.78152234800001],[121.055930948000082,14.781772254000089],[121.055857312000171,14.781889600000056],[121.055748243000153,14.782082222000156],[121.055687723000119,14.782187786000179],[121.055652935000012,14.782329748000052],[121.055646358000104,14.78239650200004],[121.055608550000215,14.782449738000025],[121.055532512000127,14.782511563000071],[121.055420507,14.782563240000172],[121.055347341000015,14.782572915000173],[121.055235200000084,14.782589623000149],[121.055110430000013,14.782609868000122],[121.055030594000186,14.782581908000111],[121.054983266000022,14.782536250000078],[121.054945969000187,14.782469727000148],[121.054929331000039,14.782396732000052],[121.054935079000188,14.78230369500011],[121.054976285000066,14.781995414999983],[121.054975156000182,14.781763736000073],[121.054891313000098,14.781543404000161],[121.05480757600003,14.781335677000129],[121.054743956000038,14.78124477700004],[121.054666028000042,14.781202205000113],[121.054627839000318,14.781192229000169],[121.054582225000104,14.781180080000127],[121.054444643000124,14.781184992000021],[121.054333929000336,14.781191037000042],[121.054226166000035,14.781217229999982],[121.054090883000299,14.781305951000149],[121.053975524000066,14.781441389000179],[121.053907075000211,14.781517681000082],[121.05389567300017,14.781534646000125],[121.053849800000194,14.781595626000069],[121.053845544000183,14.781606849000184],[121.053794268000047,14.781717712000045],[121.053770563000057,14.781891981000115],[121.053741072000093,14.782182067000178],[121.053733905000058,14.782338051000124],[121.053683188000036,14.782601995999983],[121.053594524000346,14.782745773000102],[121.053511818000061,14.782802039000103],[121.053376685000217,14.782849658999965],[121.052967882000189,14.782888909],[121.052656687000081,14.782835337000051],[121.052643027000045,14.782830202000071],[121.052522235000197,14.782785818000093],[121.052387733000046,14.782769742000028],[121.052152410000076,14.782767173000082],[121.051799898000013,14.78275405100004],[121.051550810000208,14.782721284000104],[121.051451310000175,14.782705516000021],[121.051319927,14.782690734000084],[121.05116450100013,14.78264690900005],[121.051015318000282,14.782603874000131],[121.050905604000263,14.782605076999971],[121.050817167000105,14.782630297000139],[121.050788505000128,14.782642618000182],[121.050682184000038,14.78273486900008],[121.050581559000193,14.782837690000122],[121.050509439000052,14.782908974000179],[121.050233918000117,14.783029928000076],[121.0500428590002,14.783144038000103],[121.04992521500003,14.783156044000179],[121.049843216000113,14.783114812000179],[121.049797880000142,14.783074599000088],[121.049735845000214,14.783015597000031],[121.049617242000068,14.782967929000165],[121.04951190900033,14.782928776000062],[121.049460052000086,14.782886120000057],[121.049433183000019,14.782780844000058],[121.049422631000084,14.782582917000127],[121.049366125,14.782280289000141],[121.049324994000017,14.782128605000025],[121.049207918000093,14.781907408000109],[121.049124793000146,14.781831535000094],[121.049017568000068,14.781779997000115],[121.0488946910001,14.781755786000133],[121.048801145000311,14.78176846100007],[121.048658404000321,14.781876022000176],[121.048490617000198,14.782001052],[121.048311235000142,14.782188686000097],[121.048250239000026,14.782252495000137],[121.048103235000099,14.782531498000026],[121.047807073000172,14.782186820000106],[121.046330425000178,14.781540250000091],[121.045251112000301,14.780866359000186],[121.043943839000235,14.780403640000031],[121.04393002300003,14.780430042000035],[121.043857043000116,14.780493998],[121.042839154000035,14.78110117500006],[121.042650531000163,14.78121096000018],[121.042534438000075,14.781276117000175],[121.04218579000019,14.781471047000139],[121.041841967000096,14.781663160000107],[121.041832252000063,14.782150565000052],[121.041828477000195,14.782165664000161],[121.04158668100024,14.783183736000183],[121.041588583000021,14.78331471700011],[121.04159203800009,14.78345160300006],[121.041527767000161,14.783554132000063],[121.041453870000055,14.783753129000104],[121.041283501000066,14.783765649000088],[121.041305906000048,14.783869140000036],[121.04130584100028,14.783938283000168],[121.041131769000117,14.784004022000033],[121.041015702000209,14.784066437000092],[121.04091366900002,14.784111301999985],[121.040824090000115,14.784019349000118],[121.040743836000047,14.783994258000064],[121.040628088000062,14.783981525],[121.040564797000116,14.783996408000064],[121.040389346000211,14.784080150000079],[121.040261730000111,14.784196736000126],[121.040154384000175,14.784325423000041],[121.040012130000264,14.784422719000077],[121.039599698000075,14.784599201000162],[121.039393685000164,14.784664840000175],[121.039328390000037,14.784750821000046],[121.03890663000027,14.785031622000133],[121.038760170000046,14.785095868000099],[121.038416598000026,14.78524708100008],[121.038152938000053,14.785291728000175],[121.03798724100011,14.785258927000029],[121.037863259000233,14.78520995100007],[121.037733244000037,14.785158707000051],[121.037641787000211,14.785160614000119],[121.037442978000172,14.785154368000178],[121.036812699000166,14.785208626000042],[121.036608939000189,14.78521448500004],[121.036495110000033,14.785199173000024],[121.036391930000036,14.785159689000125],[121.036283825000055,14.785040751000054],[121.036254997000015,14.784942486000034],[121.03623456400021,14.78486485000019],[121.036220280000066,14.784694722000154],[121.036275118000162,14.784477460000119],[121.036343566000141,14.784207651000088],[121.036373560000129,14.784091455000066],[121.036357805000193,14.783937876000039],[121.036282744000118,14.78384515800019],[121.036199300000135,14.78377384200013],[121.036114998000016,14.783735314000182],[121.036050470000077,14.783707014000129],[121.035984857000017,14.783695028000011],[121.035891706000029,14.783681028000103],[121.035697480000181,14.783664970000189],[121.035514484000146,14.783684387000108],[121.035255125000049,14.783724126000095],[121.035043059000259,14.783823830000188],[121.034898483,14.783957778000115],[121.034858149000229,14.78402121],[121.034776885000042,14.784269768000172],[121.034698875000231,14.784508153000047],[121.034598017,14.784616885],[121.034516375000067,14.784665833000133],[121.034474526000054,14.784690923000085],[121.03433558200004,14.784728321000159],[121.034239137000213,14.784713135000175],[121.034158068000124,14.784662811999965],[121.034066121000251,14.784544012000083],[121.033983349000323,14.78432113100007],[121.033965309000109,14.784171800000024],[121.033977154000127,14.783803529000011],[121.03395759100033,14.783687857000075],[121.033889665000061,14.783564930000068],[121.033818603000213,14.783521520000079],[121.033757433000119,14.783486416000187],[121.033595562000301,14.783430726000176],[121.033344786000157,14.783372759000088],[121.033240948000071,14.783318358000145],[121.033092518000103,14.783219037000151],[121.032738853000069,14.783050893000109],[121.032584803000077,14.782979191000038],[121.032458261000102,14.782928769000137],[121.032247223000013,14.782899105000183],[121.032126049000112,14.78288531700008],[121.031947459000094,14.782894072000033],[121.031847722000066,14.782908045],[121.031746769000051,14.782937383000103],[121.031452080000236,14.783102807000148],[121.031361411000148,14.783176419000029],[121.031289100000095,14.783240272000057],[121.031241588000057,14.783310502000177],[121.031199429000026,14.783393206000085],[121.031144440000048,14.783532708999985],[121.031106609000176,14.783647459000065],[121.031046543000343,14.783841745000188],[121.030953645000295,14.784041785],[121.030907898,14.784112888000152],[121.030860156000131,14.784167998999976],[121.03082154800029,14.784205061000023],[121.030772026000136,14.784231403999968],[121.030726266000215,14.784252412000114],[121.030664121000314,14.784253929000158],[121.030602071000203,14.784248399000091],[121.030479924000133,14.784200424000119],[121.030386275000069,14.784121421000066],[121.030306340000152,14.783957193000106],[121.030231988000196,14.78373774500011],[121.030176601000107,14.783256881000113],[121.030166294000082,14.783025176000024],[121.030171646000213,14.782975645000079],[121.030295102000082,14.782727526000087],[121.030486792000147,14.782412566000119],[121.03054200400004,14.782296941000084],[121.030683147000104,14.781990379000092],[121.030677631000231,14.781841514000121],[121.030606820000116,14.781636457000161],[121.030516063000164,14.781532319000064],[121.03043202400022,14.781451529000094],[121.030286684000089,14.781408028000158],[121.030088240000055,14.781390382000097],[121.029953971000054,14.781416548000152],[121.029848740000261,14.781457470000134],[121.02979382500007,14.781479247999982],[121.02969655600009,14.781560818000173],[121.029592035000064,14.781668329000127],[121.029312873000094,14.781734460000166],[121.028912821000063,14.781845572000123],[121.028719120000233,14.781884457000046],[121.02849178800011,14.78189473000009],[121.028329718,14.781832778000137],[121.028221387000031,14.781699648000142],[121.028077824000093,14.781486514000051],[121.027968895000072,14.781271736000065],[121.027930128000321,14.781020990000115],[121.027944408000053,14.780612716000064],[121.027953591000028,14.780252007000172],[121.027878374000124,14.78002340900008],[121.027688422000097,14.779842706000125],[121.027607429000227,14.779783324],[121.027545617000214,14.779738990000055],[121.027389864000043,14.779673287000037],[121.027027097000087,14.779590937000023],[121.026831668000227,14.779575399000123],[121.026672883000174,14.779571758000088],[121.026335276000168,14.779576261000045],[121.026178614000173,14.779541780000102],[121.025885925000011,14.779437133000044],[121.025692793000076,14.779347694000023],[121.025531417000025,14.779316883000035],[121.025267924000104,14.779318065000155],[121.025087184000085,14.779331163000165],[121.025006136000115,14.779326235000099],[121.024927723000019,14.779296972000111],[121.024876150000068,14.779236322000031],[121.024862295000048,14.779164490000142],[121.024882905000027,14.779089494000175],[121.024939534000168,14.779007352000122],[121.025020021000159,14.778947987000095],[121.025100238000164,14.778918379000118],[121.02522776100011,14.778865082000095],[121.025306432000093,14.778827869000111],[121.025420976000191,14.77873058900002],[121.025503922000098,14.778606026000148],[121.025766087000079,14.778312872000015],[121.025921420000032,14.778206564000129],[121.026147243000196,14.778104109000083],[121.026326833000098,14.778031824000038],[121.026458744000138,14.778014697000117],[121.02657901200007,14.778009188000112],[121.026752692000059,14.778053201000148],[121.026908472000173,14.778083413000161],[121.027056516000016,14.778120178000052],[121.027207675000113,14.778149048000159],[121.027580280000166,14.778157286000123],[121.027840801000139,14.778130063999981],[121.027965060000042,14.778119345000107],[121.028051479000169,14.77805530400002],[121.028078674000199,14.777946337000174],[121.028090620000285,14.777862723000169],[121.028070796000065,14.777772152000068],[121.028057071000262,14.777713108000171],[121.02793930200005,14.777582240000129],[121.027516522000042,14.777268792000143],[121.027039097000056,14.776995331000023],[121.02677893800012,14.776833145000069],[121.026651826000034,14.776788336000038],[121.026522791000161,14.776765855],[121.026342136000039,14.776728898000044],[121.026209008000023,14.776668048000033],[121.026059377000024,14.776585845000056],[121.026003318000107,14.776554988000044],[121.02590363600018,14.776462777000177],[121.02585619100023,14.77638299500012],[121.025817142000164,14.776249918000076],[121.025811084000111,14.776123077000136],[121.0258091930001,14.776000059000069],[121.025848763000113,14.775888387000066],[121.025925886000095,14.775796095999965],[121.026045058000136,14.775739057000123],[121.026172619000135,14.775705823000067],[121.026304407000225,14.775700390000054],[121.02648114100009,14.775674608000031],[121.026681924000059,14.775660661000074],[121.026813340000103,14.775659275000123],[121.027050427000063,14.775613922],[121.027193812000178,14.77557958],[121.027356735000012,14.775489269000104],[121.027404606000232,14.77538161200016],[121.027435065000304,14.775183282000057],[121.027433391000045,14.775036698],[121.02740717000006,14.774882843000171],[121.027309613000057,14.774709380000104],[121.027157611000121,14.774589193000054],[121.027009890000045,14.774516204000122],[121.026853803000222,14.774466929000027],[121.026709831000176,14.774441067000055],[121.026502544000209,14.774437568],[121.026063047000093,14.774415347000058],[121.025795622000146,14.774414788000115],[121.025585264000142,14.774393537000037],[121.025395212000035,14.774364016000163],[121.025180378000186,14.774358739000149],[121.02502731900006,14.774352674000113],[121.02466382700004,14.774281202000054],[121.024469611000086,14.774250292000147],[121.024268376,14.774320531],[121.024073257000168,14.774323690000188],[121.023878444000161,14.774326453000128],[121.023656510000023,14.774268404000054],[121.023544899000171,14.774142134999977],[121.023530159000188,14.773981307000042],[121.023536390000231,14.773813576000066],[121.023604134000152,14.773658983000189],[121.023727967000013,14.773450021000087],[121.023818721000225,14.773335048000092],[121.023839457,14.773234534000153],[121.023834940000029,14.77302795200012],[121.023732171,14.772783646000107],[121.02385302800019,14.772648129],[121.024138445000062,14.772543339000038],[121.024336171000073,14.772496445000058],[121.02457412900003,14.772427915000094],[121.02477766800007,14.772389983000153],[121.025079503000143,14.772238982000033],[121.025361954000118,14.772191865000082],[121.025689294000017,14.772136372000034],[121.025893172000224,14.772211485000128],[121.026182894000044,14.772297328000036],[121.026184358000137,14.771952830000146],[121.026240638000331,14.771798060000094],[121.026310988000091,14.771615149000183],[121.026637340000093,14.771406580000075],[121.026399617000038,14.770776821000084],[121.025818913000194,14.769238143000166],[121.025591185000167,14.768634566],[121.02550508700017,14.768194724000068],[121.025181358000054,14.766549234000138],[121.024608578000084,14.765098698000031],[121.024603906000266,14.765077748000067],[121.024341709000169,14.764962156000081],[121.024282146000132,14.764664113000038],[121.024023991000035,14.763034879000088],[121.02305780800009,14.762646177000079],[121.021921651000298,14.762150704000021],[121.019309664000275,14.761010863000138],[121.01889804200016,14.760843414000021],[121.018068237000193,14.760594917000162],[121.017915117000257,14.760540165000066],[121.017309321000084,14.760323874000051],[121.016927363000036,14.760274970000069],[121.015884432,14.759794748000104],[121.015032108000014,14.759451674000161],[121.014497041000027,14.75928038100011],[121.014012776000072,14.759075791000043],[121.012351248000073,14.758329680000031],[121.011596847000078,14.757990648999964],[121.011227197000039,14.757825707],[121.010919632000082,14.757664640000087],[121.010543758000267,14.757460844000093],[121.009828834000132,14.757147992000171],[121.009261516000038,14.757005941000045],[121.008906065000019,14.756751727000164],[121.008996736000199,14.756076721000056],[121.008676026000103,14.754857511000068],[121.008631749000074,14.754676612000139],[121.008334606000062,14.754411855000171],[121.00719433800009,14.754499912000085],[121.007001688000287,14.754442102999974],[121.006805866000036,14.75436156100011],[121.006739559000039,14.754496056000107],[121.006288033000146,14.75438798100015],[121.004725982000082,14.753889054000183],[121.004514540000059,14.753802593000046],[121.004238471,14.753700158000186],[121.003921756000182,14.753822068000147],[121.003676495000036,14.753750794999974],[121.003217020000193,14.753616837000095],[121.002949259000275,14.753528747000075],[121.002652402000194,14.753474970000184],[121.002571634000219,14.753414910000174],[121.002264876000027,14.75344205500005],[121.001980225000011,14.753678316000105],[121.001987666000218,14.753840148],[121.001938495000104,14.753894028000047],[121.001567664000277,14.753938672000174],[121.000865282000063,14.753523324000071],[121.000907519000066,14.753499788000113],[121.000960365000083,14.75345696300019],[121.000959786000067,14.753426600000068],[121.000955199000146,14.753372202000037],[121.000959621000106,14.75330467800012],[121.000982796000017,14.753120140000135],[121.001003211000011,14.753069807000145],[121.001030466000088,14.752952306999987],[121.001073052000038,14.752817516000164],[121.001115365000032,14.752684215000045],[121.001159655000038,14.752551625000081],[121.001186195000059,14.752468234],[121.001252444000102,14.752269268000077],[121.001296584000102,14.75217309300001],[121.001331170000071,14.75206433600016],[121.001410106000208,14.751899468000033],[121.001458562000153,14.751790621000168],[121.001515562,14.751655659],[121.001561785000035,14.75154045700009],[121.001625561000196,14.751373923000131],[121.001680655000087,14.751249979000022],[121.00173709500018,14.751126484],[121.001757064000117,14.751040337000063],[121.001779253000109,14.750963075000072],[121.001812344000086,14.750845121000111],[121.001854382000033,14.750738508999973],[121.001903208000158,14.750635898000098],[121.001963521000107,14.750567308000143],[121.002028091000057,14.750511467000024],[121.002139880000186,14.750459436000085],[121.002269195000167,14.750405299000136],[121.00237590200004,14.750353502],[121.00243797600001,14.750297568000178],[121.002517580000017,14.750216019000106],[121.002579550000178,14.750103455000044],[121.002627526000083,14.749945920000016],[121.002667916000178,14.749783594000121],[121.002700387000118,14.749566095000148],[121.002740342000152,14.749354032000099],[121.002807806000078,14.74917031200016],[121.002872609000178,14.748952185000178],[121.002909551000016,14.74882299900014],[121.002958675000173,14.748742239000023],[121.003047999000273,14.748693657999979],[121.003178889000083,14.748643301000186],[121.003369642000166,14.748530541000093],[121.003477949000171,14.748463983000079],[121.003550995000182,14.748414637999986],[121.003619178,14.748393789000147],[121.003726809000113,14.74833818400009],[121.00382908500012,14.748315083000023],[121.003899191000187,14.748281861000123],[121.003977666000196,14.748228292000022],[121.00405167800011,14.748185177000096],[121.00413191500013,14.748154455000076],[121.004194924000103,14.748112800000058],[121.004263461000164,14.74809342500015],[121.004324826000015,14.748085124999989],[121.004367362000153,14.748093419000156],[121.004408763000242,14.748094799000114],[121.004476777000036,14.748097562000055],[121.004548167000053,14.748097557000165],[121.004608133000033,14.74809617000011],[121.004669156000205,14.748080065000124],[121.004711989000157,14.748066220000112],[121.004756241000223,14.748035800000082],[121.004789028000232,14.747999915000037],[121.004808928000102,14.747950346000152],[121.004818836000027,14.747911925000039],[121.004824470000131,14.747873601000094],[121.004847025000117,14.747779402],[121.00486831600017,14.747668295000153],[121.004893011000036,14.747535546000108],[121.004892933000178,14.747431514000027],[121.004891456000109,14.747357548000082],[121.004889997000078,14.747310849000087],[121.004904189000058,14.747246195000059],[121.004934072000083,14.747209014000077],[121.004971110000156,14.747180038000181],[121.005022451000059,14.747157929000025],[121.00511098000004,14.747127486000068],[121.005249858000298,14.747077355000101],[121.005368223000232,14.747024938000095],[121.005478023000251,14.746965339000099],[121.005564017000097,14.7469140930001],[121.005625724000311,14.746860098000184],[121.005691343000194,14.746792469000184],[121.005781167000123,14.746709281000051],[121.005831453000042,14.746671780000042],[121.005897577000155,14.746638412000095],[121.005953612000098,14.746602048000113],[121.005992434000063,14.7465853490001],[121.006019754000022,14.746561743000086],[121.006068688000028,14.746513112000059],[121.006119216000116,14.746450079000056],[121.006171443000085,14.746391966000147],[121.006242494000048,14.746330558000068],[121.006329573000016,14.746279706000109],[121.006479743000227,14.746188293999978],[121.006609941000079,14.74611038300003],[121.006707048000067,14.746047477000161],[121.006770872000061,14.745995157000095],[121.006886343000247,14.745909577000134],[121.00704788100029,14.745780776],[121.007002674000205,14.745588290000114],[121.006827063000173,14.743051526000158],[121.00588434000008,14.742625509000163],[121.006103936000045,14.742231159000028],[121.006243174000019,14.741988251],[121.005897730000129,14.741810126000132],[121.005867695,14.741565365000042],[121.00579863400003,14.741289292000033],[121.005756806000136,14.741107512999974],[121.005721124000047,14.740930415000093],[121.005686501000127,14.74075562500019],[121.005649074000075,14.740568222000036],[121.00561597,14.740395713000055],[121.0056108550001,14.740376143000049],[121.005558117000305,14.740039691999982],[121.00543168500019,14.739457837000089],[121.004754075000051,14.738388644000167],[121.004701068000031,14.738295739000023],[121.004521710000063,14.737997138000139],[121.004341660000136,14.737664530000131],[121.004204547000086,14.737298345000113],[121.004628721000017,14.737345628000014],[121.004565038000123,14.737009589000024],[121.004567278000309,14.736987334000048],[121.004583340000067,14.73696284000016],[121.004781198000046,14.736911723000105],[121.004799601000059,14.736896140000169],[121.004802208000228,14.736860470000011],[121.004746389000161,14.73662257899997],[121.004705785000169,14.736393970000165],[121.004664968000043,14.736187070000085],[121.004622377000032,14.735973329000103],[121.004585009000266,14.735781761000055],[121.00457794700003,14.735760238000125],[121.00455778900016,14.735625304000166],[121.004487782000297,14.735623978000035],[121.004412284000068,14.735637256000075],[121.004299446000346,14.73568598300011],[121.004142530000195,14.735727165000128],[121.003936552000027,14.735796133000179],[121.00386246000005,14.735828233000177],[121.003782846000036,14.73589852900011],[121.003681420000021,14.735965333000138],[121.003575487000035,14.736015737000059],[121.003427560000205,14.736097341000061],[121.003175891000069,14.736068310000064],[121.003213941000013,14.73604656700013],[121.003249274000154,14.735984056000177],[121.00323568400006,14.735940570000139],[121.003192199000182,14.735888931000034],[121.003121534000229,14.735848163000014],[121.00309435500003,14.735774780999975],[121.003122893000068,14.735718611000152],[121.003166379000163,14.735685997000132],[121.003238402000306,14.735698679999985],[121.003336245000014,14.735725859000013],[121.003390603000071,14.735714987000051],[121.003453114000308,14.735695962000136],[121.003499317000319,14.735679655000126],[121.003540085000168,14.735622580000097],[121.003510189000167,14.735486687000162],[121.003480292000063,14.735383408000018],[121.003488899000217,14.735301872000036],[121.003510189000167,14.735190439000121],[121.003556393000054,14.735049110000091],[121.00361075,14.734997471000156],[121.003697722000084,14.734973010000033],[121.003776540000104,14.734994753000137],[121.003802357000041,14.734916138000074],[121.004038315000116,14.733921723000151],[121.004252090000023,14.732930709000073],[121.004579751000051,14.731695912000134],[121.004637391000188,14.731405021000114],[121.004987930000084,14.729628423],[121.004145384000026,14.72933670600014],[121.003886135000016,14.728590187000066],[121.003693989000112,14.727896178000151],[121.00368672400009,14.727891155000179],[121.003521134000039,14.727911802],[121.003402525000297,14.727901773000156],[121.003303999000195,14.727885675000039],[121.003222612000059,14.727865244000043],[121.003159293000067,14.727840254000114],[121.00310693900019,14.727811743000188],[121.003087440000058,14.727737689000094],[121.003042857000082,14.727493412],[121.003011754000227,14.727448111000115],[121.002732569000159,14.725909834999982],[121.002711402000045,14.725734150000108],[121.002407443000038,14.724225254000146],[121.002569382000047,14.724157351000144],[121.0025027920002,14.72385165500009],[121.002427524000041,14.72342873100007],[121.002336509000202,14.72311099000018],[121.002247884000099,14.722867021000127],[121.002147285000206,14.722638889000109],[121.002067589000035,14.722553626000035],[121.00213335900014,14.722273490000134],[121.002199044000122,14.721774526000047],[121.002215280000087,14.721685083000011],[121.00228397900014,14.721538523000163],[121.002284738000071,14.721536585000024],[121.002271292000046,14.721530863000055],[121.002248190000273,14.721520635000104],[121.002235602000155,14.721515128000078],[121.001988494000102,14.721399428000097],[121.001934999000014,14.721373223000171],[121.00183568100033,14.721324718000176],[121.001805398000101,14.721303017000025],[121.001714773000117,14.721222820000094],[121.001517942000078,14.721047791000046],[121.001356738000027,14.720907806000127],[121.001283213000079,14.720856993000098],[121.001194653000084,14.720783459000018],[121.001169123000068,14.720756932000086],[121.000995065000097,14.720535193000103],[121.000755701000116,14.72044511200005],[121.000959248000072,14.719956585000034],[121.000712249000117,14.719817457000033],[121.000952165000058,14.71947116299998],[121.00064042300005,14.719273642000076],[121.000265950000085,14.719042462000118],[121.000538284000186,14.718686738000031],[121.000640151000198,14.717196227000045],[121.002032163000081,14.715567851000174],[121.001553518000037,14.715196918000117],[121.00109272300017,14.714861036],[121.000663967000037,14.714548508000121],[121.000541311,14.714453836000075],[121.000482809000118,14.714420342000153],[121.000381497000149,14.714347684000188],[121.000245515000074,14.714251075999982],[121.0004169030002,14.714180548000058],[121.000467578000212,14.714168870000151],[121.000539892,14.714154854000014],[121.000607270000046,14.714133924000066],[121.000830086000178,14.714073682000048],[121.00103105300002,14.714011208000045],[121.001169376,14.713961900000072],[121.001551856000219,14.713807281000129],[121.00200342800008,14.713607534000062],[121.002693885000099,14.713302118000172],[121.002796359000058,14.713257832000068],[121.002818609000087,14.713250997000102],[121.002921551000099,14.71322025600017],[121.003046918000109,14.713198948000183],[121.003100047000316,14.713187135000169],[121.003146032000132,14.713168316000122],[121.003203247000329,14.713154699000143],[121.003274642000292,14.713136550000172],[121.003345999000089,14.713136946000191],[121.003467685000032,14.713149667000096],[121.003509127000029,14.713153636000129],[121.003538123000112,14.713153612000156],[121.003558828000223,14.713152261000118],[121.003585057000123,14.713138910000168],[121.00362782600007,14.713101590000122],[121.003737893000334,14.712975371000084],[121.003795468000021,14.712891959000103],[121.003833743000087,14.712815332000048],[121.003901951000103,14.712837348999983],[121.00397316100009,14.712848010000073],[121.00402924700029,14.712852037000175],[121.004089375000149,14.712856065000153],[121.004151748000027,14.712863826000159],[121.004217005000214,14.712870519000091],[121.004277656000113,14.712871713000027],[121.004414086000111,14.71287524100012],[121.004581977000043,14.712873048],[121.00479754800017,14.712785594000081],[121.00502945400001,14.712714725000183],[121.005250924000052,14.712657283000055],[121.005839827000045,14.712437606000037],[121.00616023300006,14.712324389],[121.006636797000056,14.712240762000135],[121.00670956700003,14.712159549000035],[121.006897168000023,14.712262612000131],[121.007016636000117,14.712298432000068],[121.007172213000104,14.712309368000092],[121.007281056000011,14.71229578700013],[121.007534627000041,14.712004198000102],[121.007633462000172,14.712010787],[121.007702382000048,14.712150819000044],[121.007752885000059,14.712233039000125],[121.008309964000205,14.711934345000088],[121.008834498000056,14.711963953000065],[121.009152041000107,14.710862811000084],[121.009642841000073,14.710948394000127],[121.009818002000088,14.710263767000072],[121.009839589000194,14.710166837000031],[121.009899687000029,14.709875417000092],[121.009901612000249,14.70986654800015],[121.010483699000019,14.709070783000129],[121.01136295900028,14.70798717200006],[121.012448379000034,14.708994707000045],[121.012223515000073,14.709475086000054],[121.012683442000025,14.709785618000183],[121.01467144500009,14.709301057000175],[121.014780903000087,14.709781858000042],[121.014809635,14.709835197000132],[121.014803477000214,14.709843326000168],[121.0147549510001,14.709884087000091],[121.014529792000076,14.710004431000073],[121.014141587000154,14.71092835900015],[121.014141587000154,14.71113022600008],[121.014351218000343,14.711545605000083],[121.014560655000196,14.712077194000074],[121.014654204000067,14.712647093999976],[121.01477436100015,14.713063488000159],[121.014813182000012,14.71392142100018],[121.014518146000114,14.713917539000022],[121.014470689000063,14.714330269000072],[121.014241296000137,14.71488368100006],[121.01412373200003,14.715316661000145],[121.014014770000017,14.715568993999966],[121.013954554000065,14.715692293000131],[121.013759569000172,14.715936024000143],[121.013588395000056,14.716207950000069],[121.013584513000069,14.716359350000175],[121.013646625000092,14.71645640100013],[121.013984364000066,14.716600037000092],[121.01415905600004,14.71694554000004],[121.01438033300019,14.716844606],[121.014500677000228,14.717768535000175],[121.014543379000202,14.71852941700007],[121.014430800000014,14.719158309000022],[121.014609374000088,14.719173837000085],[121.014822887000037,14.719216540000161],[121.015125687000022,14.719294181000123],[121.015158038000095,14.719300651000083],[121.015199446000224,14.719106549],[121.01522920900004,14.719115607000049],[121.01539743100011,14.719115607000049],[121.015410371000144,14.71902761399997],[121.015438314000107,14.719022125000151],[121.015555301000063,14.718999145],[121.015795988000036,14.71902761399997],[121.015869986000098,14.719378829000163],[121.015882687000158,14.719439110999986],[121.017206467000051,14.719454639000048],[121.017550142000346,14.719474952000041],[121.017698302000213,14.719483709000144],[121.017698302000213,14.719753651000076],[121.017698302000213,14.719868512000119],[121.017971873000192,14.719868512000119],[121.018010955000022,14.719868512000119],[121.018011736000176,14.719895076000171],[121.01801997400014,14.720175152000081],[121.018053172,14.720174209000106],[121.018167868000091,14.720174209000106],[121.018167868000091,14.720206707000102],[121.018307416000084,14.720206707000102],[121.018307416000084,14.720275525000091],[121.018347560000052,14.720275525000091],[121.018347560000052,14.720403603000079],[121.018345168000224,14.720437972000127],[121.018347560000052,14.720487714000171],[121.018415406000031,14.720486546000075],[121.018424929000162,14.72060578300011],[121.018482949000031,14.720627541000113],[121.018707777000145,14.720591278000029],[121.018860079000092,14.720540511000024],[121.018918099000075,14.720671056000072],[121.019012382000028,14.720979287000091],[121.019124796000256,14.720997419000184],[121.019127431000015,14.721109420000118],[121.019128693000312,14.722509719000072],[121.019614326000124,14.723312448000115],[121.019913058000157,14.723443652000128],[121.020214884000211,14.724787652000145],[121.021479164000198,14.724541330000022],[121.021997548000058,14.724420535000036],[121.022211619000132,14.724352971000144],[121.022313323000049,14.724255672000027],[121.022237235000148,14.724132931000042],[121.02224723300003,14.72413129500012],[121.022999478000088,14.724008266000169],[121.023252101000026,14.724047667000093],[121.023353206000024,14.724037700999986],[121.023438921000093,14.724156096000115],[121.023504573000196,14.72424391100003],[121.023607564000258,14.724360695000087],[121.023708820000138,14.724457787000119],[121.024067728000318,14.724791067000183],[121.024110178000115,14.724823569000023],[121.024186834000034,14.72486834100016],[121.024338084000306,14.724945356000035],[121.024602581000067,14.725084809000123],[121.024742920000222,14.725164389000156],[121.024965458000338,14.725281094000138],[121.025473726000087,14.725562341000057],[121.025548474000061,14.725601739000069],[121.025584281000079,14.725623835000135],[121.025597624000056,14.725648498000169],[121.025599499,14.725670469000079],[121.025596130000167,14.725694188000034],[121.025484668000104,14.725792901000091],[121.024886560000027,14.726241414000185],[121.024474032000057,14.726543672000162],[121.024346517000026,14.72663673],[121.024130270000342,14.726786395000033],[121.024051703000168,14.726824795000027],[121.023895967000044,14.726901940000118],[121.023763536000047,14.726947560000156],[121.023807902000158,14.727136340000129],[121.023811607000198,14.727326485000162],[121.023819340000045,14.728058825000176],[121.023839799000029,14.728499939000073],[121.024376517000064,14.728564437999978],[121.024899439000137,14.728532687000154],[121.02622533300007,14.728462440000101],[121.026442063000218,14.728549871000155],[121.027667246000078,14.72886524400019],[121.028136006000182,14.727949864000152],[121.0290289940001,14.728308590000154],[121.029020552000134,14.728471387000013],[121.028983787000016,14.72918034800017],[121.028787367000291,14.729425610000021],[121.027932971000155,14.729851434000068],[121.027360843000224,14.730136578000042],[121.027321627000333,14.730574770000089],[121.027516533000153,14.730546986000093],[121.02753240100003,14.730544724000083],[121.028043074000038,14.730683692000014],[121.028061162000199,14.730688614000087],[121.028149506000204,14.730714379000176],[121.028157680000163,14.730940213],[121.028326263000167,14.730940495000027],[121.028321110000206,14.731257766999988],[121.028311174000237,14.731869442000061],[121.027900620000196,14.732190385000081],[121.027774994000083,14.732288591000042],[121.027785757000061,14.732652818000076],[121.028001702000211,14.732691477000174],[121.028031816000066,14.732956144000127],[121.02808188400013,14.733364325000025],[121.028549346000091,14.733315473000062],[121.028572440000175,14.733174388000066],[121.029615912000054,14.733342706000144],[121.031222490000118,14.733026773000176],[121.031244729000036,14.733022400000095],[121.03135239400001,14.733001228000091],[121.031158582000103,14.732206911000048],[121.031908218000012,14.731987090000018],[121.032158255000127,14.73317169600017],[121.032233535000159,14.733245990000114],[121.032317707000175,14.733376069000144],[121.03279387900011,14.734112289000109],[121.032902513000067,14.734654643000056],[121.032928628000036,14.734785025000178],[121.033138891000135,14.734887714000081],[121.03356188600003,14.7353047900001],[121.033590805000017,14.735334936000129],[121.033623956000042,14.73536645400003],[121.033978766000018,14.735899964000168],[121.034541172000218,14.736003887000152],[121.035140257000307,14.736077244000057],[121.035407706000115,14.736113923000175],[121.035940848000223,14.736097643000051],[121.035941584000057,14.736097621000056],[121.035984344000099,14.736162399000079],[121.03639996000004,14.736150636000104],[121.036431328000276,14.735962432000179],[121.036683071000084,14.735988064000139],[121.037353204000169,14.736003887000152],[121.03789804500002,14.736018305000073],[121.037867033000111,14.737144654000076],[121.037865808000106,14.737173243000086],[121.037890312000059,14.73718794600012],[121.037902565000081,14.737210001000108],[121.037901340000076,14.737361931000066],[121.037893171000178,14.737440346000028],[121.037880102000031,14.737541632999978],[121.037865399000225,14.737582474000078],[121.037909508000212,14.737582474000078],[121.039419359000021,14.73759843199997],[121.039424195000038,14.738008265000076],[121.039419137000095,14.739902463000135],[121.039223176000178,14.739642524000033],[121.039101122000034,14.739757180000083],[121.03908078000029,14.739779372000157],[121.039060014000029,14.739798288000088],[121.038778121000064,14.740063725000141],[121.038678607000179,14.740320998000186],[121.038678689000335,14.740321001000098],[121.038590617000182,14.740548478],[121.038718760000052,14.74060154700004],[121.038747237000166,14.740614491000031],[121.038767415000052,14.740554238000129],[121.039329600000087,14.74087971300014],[121.039508057000035,14.741059865000125],[121.03953613800013,14.741062742000111],[121.039666028000056,14.74123881200012],[121.039653947000033,14.741250030000117],[121.039643592000175,14.741262110999969],[121.039631511000152,14.741278506000185],[121.03964618100008,14.74130266800006],[121.039660931000071,14.741331094000088],[121.039668405000157,14.741336052000179],[121.040109453000014,14.741628624000043],[121.040829816000041,14.742106482000111],[121.040836909000063,14.742111187000091],[121.041298092000261,14.742111815000101],[121.041516524000031,14.742112112000086],[121.041542873000026,14.742111653000109],[121.041573400000175,14.742113753000126],[121.043565502000092,14.742118660000074],[121.043888901000173,14.742119457000058],[121.043919318000121,14.742119457000058],[121.04395480900007,14.742121851000093],[121.044072248000134,14.742121851000093],[121.044072248000134,14.742123821000064],[121.044072248000134,14.742169982000064],[121.044077383000058,14.742169982000064],[121.045369852000022,14.742169982000064],[121.046401774000174,14.742166132000079],[121.046454274000212,14.742163859000186],[121.046512015000076,14.742163832000074],[121.046474223000018,14.742390629000113],[121.047596759000157,14.742161832000079],[121.048052118000101,14.742087441000081],[121.048740192000196,14.742087119000018],[121.04995996900027,14.742089111000041],[121.050251897000066,14.741633056000012],[121.050906452000163,14.741549368000051],[121.051698493000231,14.742006660000015],[121.051816220000092,14.741862532000027],[121.051803609000103,14.741331847000083],[121.051800952000121,14.74128402600013],[121.051794634000089,14.740975844],[121.051783958000101,14.740567631999966],[121.052119743000276,14.740570956999989],[121.052119743000276,14.740447946000018],[121.052325869000128,14.740437972999985],[121.052339167000127,14.740304988000105],[121.052577302000032,14.740301945000112],[121.052613584000028,14.740303687999983],[121.052613584000028,14.740044656000066],[121.05281881700023,14.740060596000149],[121.053139619000149,14.740092477000189],[121.053308986000047,14.740118380000126],[121.053308573000095,14.740149497000118],[121.053324461000102,14.740600709000148],[121.053326907000155,14.742122499000118],[121.0537519720001,14.742121595000071],[121.05440313500003,14.742130639000095],[121.054401327000051,14.742241879000062],[121.054538794000109,14.742245496000066],[121.054585823000025,14.742163197000139],[121.054595771000322,14.742152344000033],[121.054610241000091,14.74213877800014],[121.054630138000107,14.742127021000158],[121.054646417000072,14.74211978600016],[121.054661792000047,14.742116168000052],[121.054683497000156,14.74211435899997],[121.054869802000212,14.742173145000038],[121.054962050000199,14.742181285000186],[121.055066960000318,14.742216556000187],[121.055710888000135,14.742205703000081],[121.056521224000221,14.742197564000037],[121.056941767000126,14.742190329000039],[121.056979287000217,14.742234934000123],[121.057003556000154,14.742259202000128],[121.057032678000041,14.742286706000129],[121.057045788000096,14.742296070000179],[121.057077978000052,14.742319064000128],[121.057092171000136,14.742319064000128],[121.05712166100011,14.742319064000128],[121.058589083000015,14.742332007000073],[121.058613351000076,14.742332007000073],[121.058660270000132,14.742246259000069],[121.058712042000138,14.742188015000011],[121.058788083000081,14.742105503000118],[121.058826115000102,14.742074963999983],[121.0590113840002,14.742258850000098],[121.059074983000073,14.742314154000098],[121.05912752200004,14.742347335999966],[121.059199417000059,14.742380519000164],[121.059286521000104,14.742410936000113],[121.05934873800004,14.742427527000132],[121.059395747000281,14.742442736000044],[121.05943860800005,14.742451032000019],[121.059486999000228,14.742460710000103],[121.059521564000306,14.742463475000079],[121.059604520000107,14.742467623000096],[121.059691624000038,14.742466240000056],[121.059803614000202,14.742460710000103],[121.059856153000055,14.742453797000167],[121.059905927000045,14.742444119000083],[121.059957083000199,14.742428910000172],[121.060013770000182,14.742406788000096],[121.060064926000109,14.742381901000101],[121.06010502200013,14.742358397000089],[121.060138204000168,14.742333510000094],[121.060160326000073,14.742308624000145],[121.060200421000104,14.742260233000138],[121.060239134000199,14.742210459000091],[121.060277847000066,14.742149624000149],[121.060400898000012,14.742148242000042],[121.060656680000079,14.742362545000105],[121.060796323000204,14.742164833000061],[121.061132295000107,14.742311389000122],[121.061169625000161,14.742217372000084],[121.061188981000328,14.742155155000148],[121.061204190000126,14.742084642000123],[121.061215251000021,14.742005834000167],[121.061234867000053,14.742009228000086],[121.06198652400019,14.742139290000182],[121.062246082000115,14.742173744000183],[121.062298912000074,14.742182932000048],[121.062349445000109,14.742196714000158],[121.062432136000098,14.742221981000171],[121.062673318000179,14.742221981000171],[121.06270547500003,14.742194417],[121.063564936000034,14.742178129000081],[121.06357021600013,14.742178213000102],[121.064444702000173,14.742192168000088],[121.065021853000076,14.742195288],[121.065091015000121,14.742195218000177],[121.065664445000266,14.742176915000186],[121.06565889400008,14.742228240000088],[121.065685996000184,14.74223024700018],[121.066429803,14.742286459000184],[121.06643288600003,14.742181919000075],[121.066695109000079,14.742188315000078],[121.066701505000083,14.742211766000139],[121.06725153500031,14.742203238000116],[121.067254702000128,14.742203238000116],[121.067255250000017,14.742115376000129],[121.067258141000138,14.74059436400006],[121.067232731000217,14.739202104000185],[121.067538687000138,14.739178142000128],[121.068119264000075,14.739170356000045],[121.068726840000068,14.739147358000082],[121.06873313400024,14.740353688000027],[121.069324911000081,14.740369967000049],[121.071917972000165,14.740359532000184],[121.072761252000078,14.741033275000063],[121.07300780900016,14.741245147000029],[121.073054017000118,14.741289159000075],[121.073134549000201,14.741227720000097],[121.073126396000134,14.741158029000076],[121.073122497000099,14.741112953000084],[121.073121417000152,14.741075985000066],[121.073124012000108,14.741032652000115],[121.073139901000104,14.740996614000153],[121.073228684000014,14.740993494000065],[121.073565184000017,14.74090524900015],[121.073831783000173,14.740732519000062],[121.074161732000334,14.740558136000118],[121.074582041000212,14.740432941000108],[121.075039178000111,14.740194067000061],[121.075492669000027,14.740862272000015],[121.075808872000039,14.741313927000022],[121.075901540000018,14.741437949000158],[121.075959788000091,14.74150028400004],[121.076011083000139,14.741548051],[121.076096364000023,14.741623936000167],[121.076187670000081,14.741685693000022],[121.076304417000074,14.741747311000154],[121.076383466000152,14.741779283000142],[121.076442367000141,14.74179481200008],[121.076930327000014,14.74194126600014],[121.077146429000095,14.741994946000148],[121.077277029000129,14.742028316000074],[121.077404920000276,14.742069153000159],[121.077516483000181,14.742111367000064],[121.077596671000038,14.742159909],[121.077654229000018,14.742209140999989],[121.077691232,14.742257253999981],[121.0777384820002,14.742331639000042],[121.077772223000011,14.74240096799997],[121.077779223000107,14.742419264000091],[121.077804841000102,14.742486227000029],[121.077831563000132,14.742608122999968],[121.077852056000324,14.742793453000047],[121.077927738000199,14.744484521000174],[121.07793937200006,14.744757917000015],[121.077962458000229,14.744864138000025],[121.077987937000103,14.744943137000064],[121.078024864000099,14.745028370000114],[121.078046604000065,14.745071207000024],[121.078067869000165,14.745112825000092],[121.07812049100005,14.745202099000039],[121.078172199000051,14.745282704000033],[121.078242370000112,14.745362763000173],[121.078314909000028,14.745432391000065],[121.078376805000175,14.745473914000058],[121.078444930000046,14.745524666000165],[121.078544309000108,14.745576093000068],[121.078862595000032,14.745701059000112],[121.078905476000045,14.745717894000165],[121.079583871000182,14.745930951000105],[121.079631940000013,14.745945034000101],[121.080085216000043,14.746076940000023],[121.080285565000167,14.746151185000031],[121.080451468000092,14.746227727000132],[121.08047386200019,14.746238058000017],[121.080501816000037,14.746255922999978],[121.080606543000044,14.746322849000023],[121.080668539000044,14.746362467000097],[121.080785143000071,14.746476378000011],[121.081209268000066,14.746901344000037],[121.081446110000115,14.747143012000095],[121.081724769000061,14.74743755500009],[121.081938782000066,14.747645782000177],[121.08223488200008,14.747933876],[121.082716735000076,14.748581255000033],[121.083117863000211,14.749176789000103],[121.083373061000202,14.749570240000025],[121.083586825000111,14.749865298000145],[121.083937412000068,14.750349213000106],[121.084039949000271,14.750506760000064],[121.084428581000111,14.751103892000117],[121.084573986,14.751328984000054],[121.084646996000174,14.751442006],[121.084661997000012,14.75148662200013],[121.084684130000028,14.751552448000098],[121.08474779300002,14.751737576000153],[121.084781533000182,14.751849308000146],[121.084827135000069,14.752390699000102],[121.084845052000219,14.752603404000183],[121.084862946000044,14.75286332100012],[121.084923834000165,14.753630834000091],[121.084935236000206,14.753928663000124],[121.084943381000244,14.754141416000095],[121.08499561300016,14.754787654000097],[121.085014830000205,14.755025411000133],[121.085051457000304,14.755360346000032],[121.085103212000035,14.755667133000088],[121.085347678000062,14.756572334000111],[121.085754971000028,14.758098188000076],[121.085840042000086,14.758376322000174],[121.085846778000132,14.75839832600002],[121.085933859000306,14.758682793000048],[121.086565012000051,14.758500572000173],[121.086589388000107,14.758487880000189],[121.086628274000077,14.758481023000058],[121.086735927000063,14.758480101000146],[121.087657380000223,14.758328206000101],[121.087838086000033,14.758333400000026],[121.088951125000222,14.758365389000062],[121.089729319000071,14.758835195000017],[121.091021261000037,14.758445970000082],[121.091851569000028,14.758851082000035],[121.093045106000091,14.759429212999976],[121.093592937000039,14.759911052000177],[121.095482921000098,14.761407840000174],[121.095842601000186,14.761343557000089],[121.096011460000227,14.761322715000176],[121.096600803000229,14.76156883900012],[121.097323083000106,14.761922454000114],[121.09762136900008,14.76277654800009],[121.098019783000041,14.762209681000172],[121.098534012000073,14.762380347000089],[121.09919845200011,14.762336460000085],[121.099529758000017,14.762415026000042],[121.099725872000022,14.762563555000156],[121.099798892000081,14.762714034000055],[121.099729179000065,14.765222305000066],[121.099808599000085,14.765742362000026],[121.099730083000168,14.766109057000051],[121.099685061000173,14.766454212000099],[121.09974878100013,14.766717979000191],[121.099831423000182,14.766977177000115],[121.099879118000104,14.767112952000048],[121.099824629000182,14.76733807200003],[121.099725569000157,14.767486028],[121.099758332000079,14.767606840999974],[121.099700646000088,14.767838126000015],[121.099553654000033,14.768056976000025],[121.099553643000149,14.768066230000102],[121.099467300000015,14.768251215000191],[121.099451117000172,14.768453040000111],[121.099396581000065,14.768718734000061],[121.099441028000115,14.768903859000034],[121.09944086500002,14.769045752000125],[121.099505134000083,14.769211051000013],[121.099506539000117,14.76920958900007]]],[[[121.022574491000114,14.690437151000083],[121.022569499000042,14.690449173000161],[121.022323525000161,14.690411050000137],[121.022130777000029,14.690361555000038],[121.022013448000166,14.690342098000087],[121.021876826000039,14.690329008000106],[121.021751654000013,14.690324497000177],[121.021577380000167,14.690356434000023],[121.021470146000183,14.690377929000135],[121.021371831000124,14.690410287000134],[121.021313532000022,14.690479367000023],[121.021296092000171,14.690561604000152],[121.021321558000295,14.690739378000103],[121.021346058000063,14.690864974000021],[121.021350547000111,14.690973305],[121.021338444000094,14.691071932000114],[121.021308002000069,14.69113693200012],[121.021238572000016,14.691208436000181],[121.021109436000188,14.691301610999972],[121.020936970000093,14.69135145600012],[121.020793619000074,14.691366632000154],[121.020623500000056,14.691368811000075],[121.020441743000106,14.691349525000078],[121.020254495000017,14.691312867000022],[121.020075046000215,14.69124126700018],[121.01978938700006,14.69118906],[121.019486810000217,14.691154353000059],[121.019289626000045,14.691166322000072],[121.019205643000078,14.691167346000157],[121.019054838000329,14.69121956400005],[121.018919649000054,14.691300167000065],[121.018858432000115,14.691371052000136],[121.018805890000181,14.691458336000096],[121.018747316000145,14.691543483000089],[121.018670826000175,14.691635089000044],[121.018561597000144,14.691756287000146],[121.018455930000187,14.691863524000041],[121.018367449000039,14.691946821999977],[121.018291695000016,14.692003408000062],[121.018219663000082,14.692048702000079],[121.018150061000028,14.692074322000053],[121.018094063000149,14.692091292000043],[121.018008246000022,14.692092839000111],[121.017851405000101,14.69208522200006],[121.017651314000204,14.692053292000082],[121.017428748000043,14.692002437000099],[121.017209409000316,14.691942008000126],[121.017003296000098,14.691904972000088],[121.016784015000098,14.691863344000012],[121.016583213000217,14.691804040000079],[121.016469468000082,14.691762250000181],[121.016340131000334,14.69172275000011],[121.016205069000193,14.69171178900018],[121.016082364000226,14.691731539000045],[121.015865371000132,14.691808550000133],[121.015620077000108,14.691911679000043],[121.015414923000208,14.691997113000184],[121.015309930000058,14.692052081000099],[121.015297768000323,14.692058589000112],[121.01528213000006,14.692060544000185],[121.015266508000082,14.692054282000186],[121.015220764000219,14.692016844000136],[121.014532129000145,14.691396341000029],[121.014112433000037,14.691090322000036],[121.013886564000131,14.690901506000046],[121.013658940000141,14.690672683000173],[121.013436362000107,14.690417353000043],[121.013286179000033,14.69025887000015],[121.013204347000055,14.690162091000047],[121.013083643000186,14.690015489000189],[121.013026727000124,14.689918641000133],[121.013004631000058,14.689806324000187],[121.013003081000079,14.689661324000099],[121.013006172000132,14.689491209000153],[121.013013231000059,14.689348789000064],[121.013021706000131,14.689252749000104],[121.013037018000318,14.689160339000125],[121.013066123000158,14.68906782],[121.013113371000031,14.688951215000031],[121.013156260000073,14.688861929000097],[121.01320531600004,14.688788873000078],[121.013246318000029,14.688728026000149],[121.013391921000107,14.688583974000096],[121.013529089000144,14.688453062000121],[121.0136231580002,14.688349291000122],[121.013662741000189,14.688301369000101],[121.013694939000175,14.688245676000179],[121.013720272000228,14.688183235999986],[121.013752494000187,14.688098020000041],[121.013775539000108,14.687993348000077],[121.013819419000129,14.687742786000172],[121.013863299000036,14.68755049900011],[121.013916350000045,14.687383921000048],[121.013990524000178,14.68718076],[121.014043769000068,14.68707792400005],[121.014080910000189,14.68699443100013],[121.01409508800009,14.686927279000088],[121.014107052000213,14.686852270000031],[121.014114662000111,14.686747268000033],[121.014099128000112,14.686668908000115],[121.014032097000154,14.686556554000049],[121.013941653000302,14.686389985000062],[121.013860343000147,14.686234439000145],[121.013767696000059,14.686032573000148],[121.013727050000057,14.685926374000132],[121.01370268200003,14.685820699000033],[121.01368241900002,14.685736365000139],[121.013678393000191,14.685671734000039],[121.013684497000213,14.685607161000121],[121.01372096800003,14.685534774000075],[121.013757394000095,14.68546826000005],[121.013797786000055,14.68539617700003],[121.01382597700001,14.685311718999969],[121.013858069000094,14.685229150000168],[121.013881974000242,14.685144006000087],[121.013897763000045,14.68505664700001],[121.01391744700004,14.684955541000022],[121.01392512100017,14.684868462000168],[121.013924870000096,14.684804796000037],[121.013920503,14.684751083000151],[121.013884264000126,14.684666866000043],[121.01383440900031,14.68460358800013],[121.013778750000029,14.684553552000068],[121.013647471000127,14.684443624000039],[121.013419989000113,14.684307984000156],[121.013286252000171,14.684224989000143],[121.013212343000191,14.684178579000047],[121.013157591000095,14.684116452000126],[121.013099734000207,14.684021837000046],[121.012980379000169,14.683786744000031],[121.0129309470002,14.683661406000112],[121.012921286000164,14.683594243000186],[121.012927668000202,14.683512372000052],[121.012916114000063,14.683432007000079],[121.012876730000016,14.683353637000153],[121.012796055000194,14.683250531000169],[121.012740489000066,14.68317769700019],[121.012718585000016,14.683097164000174],[121.012673576000111,14.68299199400019],[121.012623851000171,14.682903717000045],[121.012538101000018,14.682803611000111],[121.012430403000167,14.682682371000055],[121.012324454,14.682580098000187],[121.012258875000157,14.682514642000115],[121.012166244000014,14.682426649000035],[121.012091476000251,14.682371404000151],[121.011996585000134,14.682305808000081],[121.011906868000096,14.682258684999965],[121.011792796,14.682219488000044],[121.011713842000063,14.682227325000042],[121.011591482000085,14.682243165000102],[121.011445162000086,14.682269634000079],[121.011295104000055,14.682319350000114],[121.011169053000231,14.682366455000022],[121.010974535000287,14.682468940000035],[121.010773169000117,14.682637102000115],[121.010633689000201,14.682845892000159],[121.010461918000033,14.683000873000083],[121.010087386,14.683380001000046],[121.009944440000027,14.683482984000136],[121.009698564000018,14.683633559000043],[121.009496338000076,14.683781837000083],[121.009315135000179,14.683914368000103],[121.009159999000076,14.684045901000047],[121.008900500000209,14.684276412000031],[121.008576901000197,14.684598224000013],[121.008442676000186,14.684778589000132],[121.008294908000039,14.684936271000026],[121.008143052000037,14.685000982000133],[121.007988037000132,14.685049290000052],[121.007827675000158,14.685118939],[121.00776769200013,14.685165918999985],[121.00770054800023,14.685199222],[121.007590269000048,14.685320445000173],[121.007476711000095,14.685438086000033],[121.007377631000054,14.685553110000171],[121.007234208000341,14.685667464],[121.00704363400007,14.685828321000088],[121.006863547000194,14.685988639000072],[121.006774927000265,14.686070241000039],[121.006683442000053,14.686129997000023],[121.006556565000324,14.686232400000051],[121.00637789800021,14.686354851000146],[121.006160000000136,14.686440746000073],[121.005922781000095,14.68653044500013],[121.005630377000102,14.686630957999967],[121.005291322000176,14.686757741000065],[121.004960756000173,14.686956686000144],[121.004675463000126,14.687113374000091],[121.004497485000115,14.687179748000119],[121.0043180790002,14.687246274000074],[121.004138926000223,14.687267410000061],[121.003911305000088,14.687283396000169],[121.003744080000047,14.687272899000106],[121.00361177700006,14.687240883000072],[121.003389415000129,14.687155644000086],[121.003167849000079,14.687062874000048],[121.00292322100006,14.686941512000089],[121.002748903000224,14.686836705000076],[121.002553190000071,14.68667898800004],[121.002404308000223,14.686544752000145],[121.002264492000222,14.68639237400015],[121.002129595000156,14.686195205999979],[121.001617657000111,14.685360549000109],[121.001606537000043,14.685343126000191],[121.001441237000222,14.685167283000112],[121.00142350200008,14.685143583000126],[121.001245840000138,14.685021789000189],[121.001100610000208,14.684925663],[121.000761882,14.684822419],[121.000444057000095,14.684749712000098],[121.000163390000125,14.684682614000053],[120.999896241000101,14.68456506400014],[120.999694887000146,14.68443768800006],[120.999544535000155,14.684282121000081],[120.999379423000164,14.68397374400007],[120.999193616000184,14.683448173000158],[120.999061039000139,14.68307272300018],[120.99891879900008,14.682571714000062],[120.998895327000014,14.682357274000083],[120.998905175000118,14.682258055000091],[120.998890739000217,14.682198119000134],[120.998871979000114,14.682010953000088],[120.998820062000163,14.681837248000022],[120.99879175600006,14.681667939000135],[120.998791863000065,14.681434196000055],[120.998749272000168,14.681290411000134],[120.998663996000232,14.681157510999981],[120.998621342000206,14.681074993000095],[120.998592882000025,14.680932812000151],[120.998545623000041,14.680776546000175],[120.998398851000047,14.680605959],[120.998252321000109,14.680393056000071],[120.998158123000167,14.680221023000115],[120.998122932000229,14.680198621000045],[120.998116566000022,14.680026339],[120.998135690000026,14.679884826000148],[120.998218179000332,14.679694048000158],[120.998351450000087,14.679250399000125],[120.998396674000105,14.678887656000029],[120.998392189000015,14.678778824000119],[120.998376939000195,14.678710042000091],[120.998349300000086,14.678665882000189],[120.998312129000169,14.678625852000039],[120.99827771400021,14.678600238000058],[120.998233499000207,14.678592971000057],[120.998187750000056,14.678591541000117],[120.998149150000017,14.678597260000174],[120.998083386000076,14.678620134000084],[120.998021548000111,14.678655130000152],[120.997918977000268,14.678725927000073],[120.997886096000116,14.678741653000145],[120.997781732000021,14.678770246000113],[120.9977345530001,14.678777395000054],[120.997681657000044,14.67878025400006],[120.997633049000115,14.678768817000048],[120.997597308000081,14.678748802000086],[120.99753154400014,14.678691616000151],[120.997435500000165,14.678628094000032],[120.997331394000071,14.678562947999978],[120.997287075000031,14.678532926000173],[120.9972456160001,14.678494325000088],[120.997222741000087,14.678467162000061],[120.997191289000284,14.678408547000117],[120.997167346000197,14.678338897],[120.997129140000197,14.677980963999971],[120.997078306000049,14.677347366000163],[120.996936371000174,14.676708654000038],[120.996794435000311,14.676259191000099],[120.99671149000028,14.676024860000155],[120.99665720500002,14.675853090000146],[120.996590507000178,14.675759611000103],[120.996566308000183,14.675711234000119],[120.996508291000055,14.675656658000037],[120.99614758700011,14.675312474000179],[120.996316641000021,14.675158617000136],[120.996590915000183,14.675097943000083],[120.996810230000278,14.675042364000035],[120.996868107000182,14.675028326000131],[120.99690326800021,14.674975034000113],[120.996950305000041,14.674885366000183],[120.996985314000199,14.674802989],[120.996952695000118,14.674733170000025],[120.996918898000217,14.674670725000112],[120.996871858000077,14.674610034000125],[120.996833905000017,14.67456205600007],[120.996876668000141,14.674116098000127],[120.99682025300001,14.673313207000035],[120.996850657000209,14.67316707000009],[120.996859454000059,14.673153330000048],[120.996874287000196,14.673146121000059],[120.996895814000254,14.673142167000094],[120.996994675000224,14.673157343000128],[120.997074229000191,14.673168359000158],[120.997195378000015,14.67317818500004],[120.997333035000111,14.673178127000028],[120.997365186000025,14.67316914200012],[120.997392285000046,14.67315823600012],[120.997418902000049,14.673142889000133],[120.997437153000192,14.673125579000157],[120.99745121300009,14.673105090000149],[120.997461142000134,14.673082214000033],[120.997651236000024,14.672732637000138],[120.997760763000201,14.672753513000089],[120.99784606500009,14.672756612000057],[120.997965304000104,14.672710774],[120.998146922000046,14.672631360000025],[120.998301892000086,14.672549994000065],[120.99844573200005,14.672473362000119],[120.998712350000119,14.672276688000181],[120.998937519000037,14.672076742000115],[120.999361170000157,14.671681233000186],[120.999466967000103,14.671583637000083],[120.999614769000118,14.671438187000149],[120.999756694000212,14.67128136700012],[121.000079320000054,14.670933130000037],[121.000118318000091,14.670888929000171],[121.000422413000138,14.670546765000097],[121.000414757000044,14.669993263000151],[121.000397244000055,14.669434518],[121.00019850700005,14.669442425000057],[121.000178196000093,14.669439540999974],[121.000130938000098,14.669435929000031],[120.999797784000066,14.669403897000052],[120.999444184000254,14.669347793000043],[120.999298028000112,14.669327552000027],[120.999159722000172,14.669303195000055],[120.998917033000112,14.669246376000103],[120.998777363000045,14.669218229000137],[120.998542981000014,14.669170540000039],[120.998435241000038,14.669155982000063],[120.998341278000112,14.669145846000106],[120.99821885200015,14.669137803000069],[120.997930213000132,14.66912886700004],[120.997744341000043,14.669118144000151],[120.997718280000072,14.669115358000056],[120.997670011000082,14.669107167],[120.99761847700006,14.669094010000094],[120.997585143000038,14.669082147999973],[120.99754047700003,14.669064963999972],[120.997445128000095,14.669024612000044],[120.997183,14.668910824000022],[120.997131186000047,14.668887997000184],[120.99701218600012,14.668835877000106],[120.996533566000153,14.668613739000023],[120.996415168000112,14.66856972000005],[120.996154482000065,14.668460463000145],[120.995941160000143,14.668352377000076],[120.995848732000127,14.668270724000024],[120.995733040000118,14.668136552000078],[120.995491827000023,14.668075724],[120.995089496000219,14.667669652000029],[120.995007679000082,14.667614411000159],[120.994867966000015,14.667523997000103],[120.994697808000296,14.667418115000089],[120.994480725000017,14.667274201000055],[120.994353862000253,14.667176576000088],[120.994008552000082,14.66685912700018],[120.99381023,14.666680739000185],[120.993641743000012,14.66652268100006],[120.993440728000223,14.666338412000187],[120.993330704000186,14.666244199000118],[120.993272860000161,14.666194434000147],[120.993076027000143,14.665994401000034],[120.992817629000115,14.665741461000096],[120.992623417000345,14.665554397000051],[120.992405005000023,14.665343409000172],[120.992251521000298,14.665168257000062],[120.992219501000136,14.665129035],[120.992084937000072,14.664993552000112],[120.992026508000095,14.664957872000173],[120.991929464,14.664905694000083],[120.991850629000169,14.66487994900001],[120.991531831000088,14.664762408000172],[120.991475962000209,14.66473514200004],[120.991375375000075,14.664699864000113],[120.991241162000279,14.664675233000139],[120.991062591000173,14.664660806000086],[120.990988713000093,14.664643588000104],[120.990782810000042,14.664634561000128],[120.990415162000204,14.664602384000034],[120.990136331000258,14.664526951000141],[120.990064462000078,14.664512223000145],[120.989869264000276,14.664479990000075],[120.989631584000335,14.664401835999968],[120.989519932,14.664266862000034],[120.98936370700028,14.664121951000027],[120.989173676000064,14.66395034300001],[120.989041177000104,14.663792509000132],[120.988978117000215,14.663690476999989],[120.988923080000177,14.663539710000066],[120.98878937500001,14.663359754000112],[120.988576503000218,14.663110719000031],[120.988388925000095,14.662911337000025],[120.988205038000046,14.662747355000135],[120.98810736400003,14.662686555000107],[120.987994466000032,14.662629644000106],[120.98786174400027,14.662557692000178],[120.987749087000111,14.662509128000067],[120.986871957000176,14.662101808000102],[120.986362474000202,14.661878212999966],[120.985382322000078,14.661436957999967],[120.984923190000131,14.661210347000178],[120.984735571000328,14.661209757000108],[120.98412042200016,14.661227847000191],[120.984107243000039,14.660914912000123],[120.983282017000192,14.66068414800003],[120.982561902000157,14.660451592000186],[120.982390594000208,14.660639151000169],[120.981930344000148,14.661158477000129],[120.981576217000224,14.661565167000049],[120.981406395000022,14.661742599000149],[120.981177822000063,14.66161780900012],[120.980824899000027,14.661425640000118],[120.980543679000107,14.661291059000064],[120.980498290000128,14.661278020000168],[120.980448641000066,14.661272828000108],[120.97967845300002,14.661301545000072],[120.9796643520001,14.661301837999986],[120.978718853000032,14.661321453000085],[120.97831530000019,14.661245959999974],[120.978262287000121,14.661601771000051],[120.97823760000017,14.661899776000098],[120.978231286000096,14.662284311],[120.978104386000155,14.662318628000094],[120.977895056000079,14.662346514000092],[120.977729684000224,14.662349051000035],[120.9775784200001,14.662335210000037],[120.977467735000118,14.662311286000033],[120.977361348000272,14.662270033000084],[120.976998832000163,14.662135523000131],[120.976573275000192,14.661981888000128],[120.9761306810002,14.661815208],[120.975932433000139,14.661726806000161],[120.975746837000202,14.661608431000047],[120.975581498000111,14.661478804000069],[120.975478863000035,14.661380752000127],[120.975341026000137,14.661316667000051],[120.975164769000344,14.661261269000079],[120.975012186000072,14.661234603000025],[120.974923786000204,14.661230366000098],[120.974856945000056,14.661235349000094],[120.97481843900016,14.661247103000164],[120.974761588000092,14.661264799000037],[120.974098836000167,14.661460086000147],[120.974133415000097,14.661655305000011],[120.974185892000264,14.661898794000024],[120.974224613000047,14.662023131000069],[120.974128533000226,14.662025247000088],[120.973817750000194,14.66201789500019],[120.973460319000196,14.661992629000054],[120.973438767000175,14.661923152000043],[120.973347204000106,14.661924833000114],[120.973278838000169,14.661924812000052],[120.973172445000159,14.66192294800004],[120.973111894000226,14.661952180000185],[120.973054957000045,14.661994784000115],[120.973034018000021,14.662033141],[120.973024024000097,14.662063769000042],[120.973008105000076,14.662096270000177],[120.972992253000029,14.662105846000088],[120.972984687000121,14.662105068000187],[120.972937783000134,14.662100243000054],[120.97288320600012,14.662095585000031],[120.972795665000035,14.662088112000049],[120.972754161000012,14.662078752000127],[120.972732168000107,14.662061660000177],[120.972735658000033,14.662036732000047],[120.972751372000062,14.662002019000113],[120.97274785400009,14.661992717000032],[120.972731736000014,14.661965846000044],[120.972691087000157,14.661940717],[120.972669095000128,14.66190761200005],[120.97266692200003,14.661883145000047],[120.972664043,14.661868337000044],[120.972662804000038,14.661854901000027],[120.972630443000071,14.661801206000121],[120.972582927000076,14.661732223000172],[120.972514010000168,14.661688789000152],[120.972481390000098,14.66166494600003],[120.97242055300012,14.66164891000011],[120.972337616000118,14.661618757000042],[120.972289049000096,14.661599122000098],[120.97225063000019,14.661597721000078],[120.972214386000019,14.661606838000182],[120.97219409000013,14.661626474000059],[120.972181768000041,14.661664343000041],[120.972173070000167,14.661716238000167],[120.972132477000059,14.661719044000051],[120.972095194000076,14.661715538000124],[120.972077072000047,14.661696604000156],[120.972031404000177,14.66165312600009],[120.971961813,14.661580194000123],[120.971931931000199,14.661533703000089],[120.97188486500022,14.661454300000173],[120.971846744000345,14.661388613000156],[120.971818449000011,14.661330388000067],[120.971799556000178,14.661308607000137],[120.971780130000184,14.661298743000032],[120.971764882000116,14.661290987000086],[120.97174235600005,14.661281804000112],[120.971727085000111,14.661280362000184],[120.971711076000133,14.661285947000181],[120.971697242000232,14.661297167000043],[120.971647719000089,14.661345637000181],[120.971614197,14.661389276000136],[120.97159304000013,14.661410414000102],[120.971560172000068,14.66139984400013],[120.971535309000046,14.661370917000113],[120.971517011000174,14.661330674000055],[120.971478297000317,14.661299325000073],[120.971415911,14.661260711000068],[120.971395529,14.661195153000165],[120.971357860000012,14.661151820000043],[120.971296235000182,14.661127646000125],[120.971252255000081,14.66115264299998],[120.971201041000086,14.66116645600016],[120.97114203700005,14.66115221300015],[120.971106958000064,14.661134054000172],[120.971029519000012,14.661068227000101],[120.970926723000161,14.661033585000098],[120.97085360400024,14.66102138500014],[120.970763004000219,14.660984613000153],[120.970709233000093,14.660932076000108],[120.970661755000265,14.660838130000172],[120.970669316000112,14.660743623000087],[120.9707009870001,14.660661675000028],[120.970719796000026,14.660580009000057],[120.970643885000072,14.660591526000189],[120.970578589000183,14.660596192000071],[120.970493963000081,14.660598868000079],[120.970404935000147,14.660586521000027],[120.970340564000026,14.660573169000031],[120.970216623000056,14.660525301000121],[120.970095932000049,14.660465456000054],[120.969969363000018,14.660399669000071],[120.969890454000165,14.660363342000153],[120.969847888000118,14.660340728000051],[120.969821511000191,14.660306342000069],[120.969804252000131,14.660246458000074],[120.969790033000095,14.660160944000097],[120.969783936000226,14.660092200000122],[120.969782920000284,14.660053899000047],[120.969768696000187,14.660023430000081],[120.969731132000106,14.660005751000142],[120.9696783400002,14.659992983000166],[120.969568574000164,14.659985127000027],[120.96946795700012,14.659971168000027],[120.969391814000119,14.659955454000169],[120.969330899000283,14.659928934999982],[120.969278107000036,14.659901434000119],[120.969233443,14.659878851000144],[120.969214237000074,14.659850446000178],[120.96920827100007,14.65980935000016],[120.969205362000139,14.659765546000074],[120.969196656000122,14.659713698000019],[120.969180504000178,14.659688274000075],[120.969139032000157,14.659675570000104],[120.968976346000204,14.659712547000026],[120.968931898000051,14.65970706100012],[120.968882707000148,14.659721948000026],[120.96880064000004,14.659721458000149],[120.968741966000152,14.659708807000072],[120.968702532000066,14.659691222000163],[120.968674201000113,14.659667729000034],[120.968629126000224,14.659631265000087],[120.968577619000143,14.659586788000013],[120.968522937000216,14.659552038000186],[120.968442114000027,14.659493902000179],[120.968343697000137,14.659524423000107],[120.968274019000091,14.659557725000184],[120.968223550000062,14.659570449000171],[120.968161979000229,14.659576320000042],[120.968090114,14.659577299000034],[120.96799218600006,14.659575342000153],[120.967819768000027,14.65955478900014],[120.967738964000091,14.659549893000076],[120.967651813000089,14.65954388],[120.967613491000293,14.65953800200009],[120.967557263000117,14.65953040100004],[120.96751415000017,14.659539141000096],[120.967493069000056,14.659575880000034],[120.967455593000068,14.65965534500009],[120.967401418000236,14.659768729000064],[120.967349828000238,14.659806872000104],[120.967309604000093,14.659829148000028],[120.967253949000224,14.659847692000142],[120.967212416000052,14.659855482000069],[120.967178536000119,14.659875161000173],[120.967140733000065,14.659922385000186],[120.967087118000222,14.660015303000023],[120.967081126000039,14.660020154000165],[120.967072708000046,14.659939491000159],[120.96707204900008,14.659887086000026],[120.967102991000161,14.659849706000102],[120.96715851600004,14.65980243600012],[120.967205967000154,14.65978837800003],[120.967259119000119,14.659776723],[120.967290076000268,14.659766412000124],[120.967314236000107,14.659754258000191],[120.967337405000194,14.659737454000037],[120.967356669000196,14.659709481000164],[120.967425968000157,14.659536449000029],[120.967358573000183,14.659438167000076],[120.96746522900014,14.659386524000126],[120.967516203000059,14.659346167000081],[120.967861127000219,14.659298987999989],[120.967771978000201,14.658789897000077],[120.967725490000021,14.658533070000033],[120.966855021000242,14.658680827000126],[120.966233594000073,14.658763367],[120.965927882000187,14.658827681],[120.964651696000146,14.659019905000093],[120.963754872000322,14.659156740000128],[120.963622357000077,14.659177083000145],[120.962182608000262,14.659399767000082],[120.962126319000163,14.659407835000025],[120.961828691000051,14.659452434000116],[120.96176799400007,14.659152957000117],[120.961721596000189,14.658924812000123],[120.961684171000115,14.658758439000167],[120.961672010000143,14.658653982000089],[120.961654344000067,14.658502237000107],[120.961639543000047,14.658198939000044],[120.961662120000028,14.657877221000035],[120.961702327000012,14.65758969500007],[120.961810036000202,14.657210374000044],[120.961918024000056,14.656952908000051],[120.96196801900021,14.656801496000128],[120.962046388000203,14.656607866000115],[120.962183649000053,14.656361261000029],[120.962319490000027,14.656138071000044],[120.962409303000072,14.65602922700009],[120.962720466000178,14.655652128999975],[120.962740102000225,14.655629626000177],[120.962929376000034,14.655412715000068],[120.963132226000198,14.655202089000056],[120.963171112000168,14.655161712000165],[120.963575478000052,14.654711323000129],[120.96302051000032,14.654212514000164],[120.962827104000098,14.654044410000097],[120.962187080000149,14.653488226000093],[120.962464639000245,14.653193658000077],[120.962596722000058,14.653053482000189],[120.962723107000102,14.652929148],[120.963052083000207,14.652570217000061],[120.963238250000018,14.652372642000159],[120.963948057000039,14.651619337999989],[120.964399997000328,14.651139705],[120.964862754000023,14.650648591000049],[120.964727297000081,14.650530573000083],[120.964631978000057,14.65044752600005],[120.964429835000146,14.650265313000148],[120.96422117800023,14.650084519000131],[120.964014268000142,14.649902244000032],[120.963832588000059,14.649742197000023],[120.963569167000173,14.649517943000149],[120.963343928000086,14.649315968],[120.963312487000053,14.649290251000139],[120.963105053000163,14.649120585000105],[120.963021034,14.649040504000141],[120.962901078000073,14.648934343000178],[120.962658072000181,14.64871872100008],[120.962479562000112,14.648558448000074],[120.962282135000237,14.648385599000051],[120.9620587940002,14.648187777000032],[120.962240725000015,14.647993795000161],[120.962509898,14.647700807000035],[120.962960426000109,14.647215517000063],[120.963142460000086,14.647026373000017],[120.963154679000013,14.647012592000067],[120.963535184000079,14.646597991000135],[120.963763946000199,14.646345454000084],[120.963443741000106,14.646076590000064],[120.962916384000096,14.645597267000085],[120.962259626000105,14.645016088000034],[120.962415653000107,14.644711050000012],[120.962328710000065,14.644667912000045],[120.962276272000054,14.644636790000106],[120.962189335000062,14.644578217000173],[120.961995623,14.644441373],[120.96179273700011,14.644292800000073],[120.961545067000202,14.644083466000154],[120.961493878000169,14.644040203000031],[120.961063821000153,14.643661703000191],[120.960995771000057,14.643602325000074],[120.960919388000207,14.643535020000058],[120.960800720000179,14.643427680000059],[120.960643551000203,14.643295895000108],[120.961030174000143,14.642825503000097],[120.961265761000163,14.642565801999979],[120.961420880000105,14.642386349000162],[120.961469135000129,14.642330338000079],[120.961596451000219,14.642183852000187],[120.961675145000072,14.642099271],[120.962275137,14.641487525000059],[120.961999124000045,14.641971137000098],[120.9619250410002,14.642118384000128],[120.961892668000132,14.642194657000118],[120.961871677000204,14.642261479000126],[120.961853280000014,14.642322328000091],[120.961836179000102,14.642381786000044],[120.961819153000306,14.642466206000108],[120.961808922000046,14.642552511000076],[120.961802477000219,14.642687871000078],[120.961811521000072,14.642798540000058],[120.961817028000041,14.642893236000077],[120.961826038000254,14.642967017000046],[120.961859521000065,14.643047139000146],[120.96190884300006,14.643129113000157],[120.961979028000087,14.643209899999988],[120.962064123000118,14.643293021000034],[120.962140498000167,14.643357610000123],[120.962223363000021,14.643421496000087],[120.962302704000081,14.643481200000053],[120.962381056000027,14.643531345000042],[120.962455992000173,14.643574112000124],[120.962550379000049,14.643624004000173],[120.962651866000215,14.643664199],[120.962737632000199,14.643709423000018],[120.9627915760002,14.643718369000055],[120.962916150000069,14.643748564000134],[120.963032208000072,14.643760227000143],[120.963150322000047,14.64375495600018],[120.963270404000014,14.643736496000031],[120.963360048000027,14.643722257000036],[120.963448886000037,14.643698118999964],[120.963539369000046,14.643669749000139],[120.963629571000183,14.643626018000134],[120.963735751000058,14.64355768900009],[120.96380242400005,14.64350030300011],[120.963871920000088,14.643427531000157],[120.96392559800006,14.643371035000087],[120.963966668000126,14.643306271000085],[120.964020507000214,14.643184339000129],[120.9641920910002,14.642752759000075],[120.964289106000138,14.642640119000191],[120.96428120600001,14.64252392800006],[120.964372142000116,14.642306506000011],[120.964467011000011,14.64209546800015],[120.964539653000202,14.641925387000015],[120.964619746000153,14.64175248100014],[120.964695850000226,14.641589807000173],[120.964776287000063,14.64134271000006],[120.96482915200022,14.641277834],[120.965004018000172,14.640342976000113],[120.965028980000056,14.640204723000124],[120.965048182000032,14.640103913000132],[120.96512883000014,14.639680511000108],[120.965153734000069,14.639546890000133],[120.965180470000178,14.639475316000073],[120.965210709000075,14.63941520100019],[120.965254093000112,14.639360048000128],[120.965298537000081,14.639320321000127],[120.96534529500002,14.639291582000169],[120.965431872000181,14.639248442000167],[120.965502616000208,14.639218313000072],[120.965534833000106,14.639205496000159],[120.965660641000227,14.639171802000021],[120.965753349000011,14.639150765000124],[120.96585605000007,14.639134308000109],[120.966004920000159,14.639121716000147],[120.966247864000024,14.639109499000085],[120.966352646000018,14.639106650000144],[120.966545114000269,14.639101418000052],[120.96733658800008,14.639073112],[120.967391331000044,14.63906693500013],[120.967438641000058,14.639058736999971],[120.967502675000219,14.639042391000032],[120.96770592200005,14.638979275000167],[120.968161368000096,14.638768337000101],[120.96820308600013,14.638748863000103],[120.968301752000116,14.638698587000022],[120.968528760000254,14.638563014000113],[120.968711068000061,14.638432321000039],[120.968797333000225,14.6383665030001],[120.968859312000063,14.638304701000152],[120.968905164000148,14.638236853000024],[120.969032860000084,14.63795869900008],[120.969048899000086,14.637910090000048],[120.969073565000144,14.637794658000132],[120.969084312000064,14.637724265000088],[120.969083697000087,14.637649193000073],[120.969044692000011,14.637283355000022],[120.969019044000106,14.637136980000037],[120.968850166000038,14.636548324000046],[120.96877268500009,14.636298335000049],[120.968753871000104,14.636235674000091],[120.968693548000033,14.636026899000115],[120.968658396000023,14.635834489000047],[120.968637203000071,14.635697484000161],[120.968624587000136,14.63559090800004],[120.968669300000215,14.635592101000043],[120.971491268000023,14.635697699000048],[120.97195269000008,14.635714965000091],[120.972110588000191,14.635720874000128],[120.973282140000265,14.635764713000128],[120.973423875000208,14.63577038000011],[120.974001325000017,14.635792115000072],[120.974290322000229,14.635803139000075],[120.974308556000096,14.63580058600013],[120.974289406000139,14.635751513000059],[120.974257576000014,14.635647843000015],[120.974248763000219,14.635608275000152],[120.974237376000133,14.635558361000108],[120.974229629000092,14.635483923000152],[120.974256022000077,14.635506445000033],[120.9742903,14.635518899000033],[120.974321961000101,14.635526356000184],[120.974352144000022,14.635527544000126],[120.974390047000043,14.635523413000044],[120.974437058000262,14.635515985000154],[120.974486502000104,14.635497740000119],[120.97470200500004,14.635410069000102],[120.974752641,14.635389888000077],[120.974948831000233,14.635309497000094],[120.975095261000092,14.635249990999966],[120.975148985000146,14.635233815000049],[120.97522309600015,14.635216004000085],[120.975225684000179,14.63521540500011],[120.975305432000027,14.635202488000061],[120.975383583000166,14.635199970000031],[120.975466316000166,14.635202299000127],[120.975577090000115,14.635208664],[120.976267882000229,14.63518738300013],[120.976568120000024,14.63517519100003],[120.976706161000152,14.635176695000155],[120.976716433000092,14.635175997999966],[120.976719239000204,14.635176239000089],[120.976761427000156,14.635180032000164],[120.976812252000173,14.635190517000012],[120.976857298000141,14.63520664400005],[120.976887293000232,14.635219545000098],[120.976914788000272,14.635237284000084],[120.976939439000148,14.635260175000099],[120.976965335000159,14.635287271000038],[120.976995329000147,14.635312265000152],[120.977137631000119,14.635418795000078],[120.977138352000111,14.635419335000108],[120.977139426,14.635420039],[120.97716564100017,14.635437223],[120.977197898000099,14.635457052000163],[120.977225874000055,14.635472045000029],[120.977261076000332,14.635486428000092],[120.977292076000026,14.635497648000126],[120.977322585000024,14.63550294800001],[120.977354705000039,14.635500505000095],[120.977383614000018,14.635491278000131],[120.977421774000163,14.63546771700004],[120.977536607000161,14.635381825000024],[120.977572148000149,14.635349164000104],[120.977703266000162,14.635222843000065],[120.977749402000086,14.635179612000115],[120.977766299000109,14.635162092000087],[120.977864615000044,14.635356036000132],[120.977955471000314,14.635529965000046],[120.977955487000145,14.63552999500007],[120.979167063000205,14.635591702000113],[120.979252924000093,14.635508653000045],[120.979543196,14.635521163000021],[120.979709067000158,14.635522102000039],[120.979860656000142,14.635528679000117],[120.979902819000017,14.635530507999988],[120.979905455000221,14.635530622000033],[120.979822668000224,14.635828778000189],[120.979762979000157,14.636062086000095],[120.979714142000262,14.636306246000061],[120.979384892000212,14.637092906000134],[120.979303239000274,14.637281601000041],[120.9790386640002,14.637893011000187],[120.978922774000011,14.638110406000123],[120.979003226000032,14.638140871000076],[120.979003559000034,14.638142056999982],[120.979009920000067,14.638210600000093],[120.979021161000219,14.638322951000021],[120.979020691000187,14.63841238200007],[120.979020423000179,14.638536568000063],[120.979051783000045,14.638634863999982],[120.979088234000187,14.638697137000065],[120.979325923000033,14.638993747000143],[120.979527573000041,14.639241899000069],[120.979794166000147,14.639568177000058],[120.979822520000198,14.639023716],[120.980487881000045,14.639026249000153],[120.980614268000181,14.639027938000027],[120.980611084000088,14.63861263900003],[120.980909282000198,14.638605425000151],[120.981217090000087,14.638599771000031],[120.981352570000126,14.638586246000045],[120.98140612900022,14.638583004000168],[120.981453734000183,14.638581219000116],[120.981498935000104,14.63858036900001],[120.981500693000044,14.638577732000044],[120.981885425000087,14.638186494000024],[120.981885890000058,14.638138671000092],[120.981960256000093,14.637810297999977],[120.982130503000121,14.637058554000134],[120.982135308000011,14.637036460000104],[120.982219103000148,14.636651189000077],[120.982222955000111,14.636648552000167],[120.982263604000195,14.636620723000078],[120.982332293000127,14.6366343790001],[120.982570590000023,14.636542622000093],[120.982681863000039,14.63651189300009],[120.982889528000101,14.636502510000128],[120.982963031000054,14.636515006000081],[120.983023930000058,14.636581418000105],[120.983049462000054,14.636637593000046],[120.983067009000138,14.636696224],[120.983033505000208,14.636780886000054],[120.983015947000013,14.636844045000089],[120.983017543000074,14.636893383000086],[120.983078171000329,14.637011733000065],[120.983336067000209,14.636880771000108],[120.983471322000128,14.636825432000023],[120.983511045000114,14.636816223000096],[120.983544391,14.636814695000112],[120.983584065000059,14.636877612000092],[120.983703106000121,14.637152246000085],[120.983810692000134,14.637100768000096],[120.983877222000274,14.63707851300012],[120.983951794000063,14.637053675000175],[120.984064252000167,14.637030217000188],[120.984235596000076,14.637016048000191],[120.984407071000192,14.637000686000135],[120.984730638000201,14.636980458000096],[120.98483694700019,14.636977976000026],[120.984876797000084,14.636987015000159],[120.984918002000086,14.637002450000125],[120.98493661100008,14.6370281720001],[120.984956725000188,14.637059133000093],[120.984973017000129,14.637090660000126],[120.984979127000088,14.637137950000124],[120.984967184000084,14.637178646000109],[120.984944587000086,14.637222374000032],[120.984855070000208,14.637309404000121],[120.984672277000072,14.637466891000088],[120.984621034000043,14.637545344000102],[120.984567206000179,14.637602517000118],[120.984410039000068,14.637724453999965],[120.984106152000209,14.637886500999969],[120.984103141000105,14.637943141000051],[120.983981261000054,14.638004239000111],[120.984500012000126,14.638975762000143],[120.984537117000059,14.639020612000138],[120.984815431000015,14.639044924000189],[120.98484471200004,14.639125876000151],[120.985369510000169,14.639142744000083],[120.985366868000256,14.639236157000084],[120.985303333000047,14.63937811400001],[120.985076924000055,14.639408259000106],[120.985070470000096,14.639512500000137],[120.984953382000185,14.639551502000188],[120.984872118000226,14.639701787999968],[120.984895536000181,14.639879446000123],[120.985015081000029,14.639832603000059],[120.985082594000232,14.63997936800007],[120.985682299000018,14.639655100000027],[120.98594320500024,14.639678343000071],[120.986644098000056,14.639731894000022],[120.98696503400015,14.639736886000037],[120.987322837000193,14.639738784000031],[120.987620648000075,14.639743387000124],[120.988869378000118,14.639798129000042],[120.98879871400004,14.639557786000182],[120.98878580600001,14.639516744000161],[120.988690482000266,14.639213884000128],[120.988519251000071,14.638595058000078],[120.988396230000262,14.638150311000118],[120.988366393000206,14.638042419000101],[120.988331211000173,14.637945936],[120.988277672000095,14.637850686000149],[120.988205035000192,14.6377341540001],[120.988494757000012,14.637619193999967],[120.988785323000229,14.637526131000186],[120.989424234000012,14.637328481000168],[120.99034842600031,14.637042884000095],[120.99090880000017,14.636858473000188],[120.991627309000023,14.636634137000101],[120.991936342000031,14.636538481000173],[120.991973444000109,14.636527028000046],[120.993135916000028,14.636168197000075],[120.993280227000014,14.636617836000084],[120.993438216000186,14.637072620000083],[120.993464267000149,14.637234001000024],[120.993470829000103,14.637275841000076],[120.993472799000074,14.637296166000056],[120.993471488000068,14.637317757000176],[120.993466897000189,14.6373353460001],[120.99345837300018,14.637362005000114],[120.993355038000232,14.637576723000109],[120.993353309000213,14.637580315000037],[120.993273673000317,14.637605462000067],[120.993169385000215,14.637642298000117],[120.99238336700023,14.637888982000106],[120.992298581000114,14.637915434000149],[120.992311012000187,14.637949508000133],[120.992314945000089,14.637963034],[120.992317130000174,14.637973601000112],[120.992318878000106,14.637986902000023],[120.992319316000135,14.637999309000065],[120.992318006000232,14.638011144000075],[120.992314948000171,14.638022979000084],[120.99230708600021,14.638040733000139],[120.992289739000057,14.638073964000114],[120.99215692700011,14.638331432000143],[120.992048362000105,14.6385221540001],[120.99191363500006,14.638764563000166],[120.991776419000075,14.639022114000056],[120.991560286000094,14.63940277100005],[120.991280759000119,14.639892372000133],[120.991273715000034,14.639904882999986],[120.991370558000199,14.640175491000036],[120.991428373000076,14.640326203000029],[120.991570441000135,14.640630264000094],[120.99175436500002,14.641063884000062],[120.991942358000074,14.641505145000053],[120.992130307000025,14.641930574000185],[120.992316725000023,14.642374792000169],[120.992505810000125,14.642807285000174],[120.99271023200015,14.643225496000071],[120.992945986000109,14.643771328000071],[120.99249409100014,14.643737818000147],[120.992456665000077,14.643736801000159],[120.992458425000223,14.643740774000037],[120.992531474000089,14.643917505],[120.992635157000109,14.644162573000017],[120.992745295000304,14.644398838000143],[120.992894307000029,14.644418497000061],[120.993133194000166,14.644955511000092],[120.993376267000144,14.645500233000064],[120.993273162000037,14.645542646000081],[120.993491241000015,14.646608790000016],[120.993637847000059,14.646588521000012],[120.993868620000057,14.646556615000065],[120.993910756000218,14.646867312000097],[120.994032128000072,14.646864387000107],[120.994030989000066,14.647222541000076],[120.994026025000039,14.647647329000051],[120.994991208000101,14.648375425000097],[120.995329977000097,14.648656448000168],[120.995838241000115,14.648932370000068],[120.995968834000109,14.649230865000163],[120.995827410000174,14.6492908620001],[120.995745968000165,14.64978381200018],[120.995741896000027,14.650091837],[120.995789929000011,14.650310677000164],[120.995847894000235,14.650581798000132],[120.995867328000031,14.650628654000116],[120.995876690000159,14.650663972000189],[120.996017398000049,14.651065513000106],[120.996090669000182,14.651289825],[120.996170606000078,14.651511330000119],[120.99621135700022,14.651630113000067],[120.996317748000024,14.651958960000059],[120.996425660000114,14.652263773000129],[120.996312267,14.652307196999971],[120.996313828000098,14.652313085000117],[120.996324162000064,14.652343586000086],[120.996336123000219,14.652374114000111],[120.996447541000066,14.652384955],[120.996503068000266,14.65239716800005],[120.996580797000092,14.652443365000067],[120.996682703000147,14.652509821000024],[120.996767590000104,14.652560804000075],[120.996880045000125,14.652632932000188],[120.996679622000102,14.653044244000114],[120.996614835000059,14.653201599000113],[120.997075658000085,14.653658899999982],[120.998821980000116,14.655787306000093],[120.998849551000035,14.656208315000185],[120.999063563000163,14.656427380000082],[120.998792325000068,14.656678592000105],[120.998828497000204,14.656713775000071],[120.999068739000222,14.656899925],[120.999065709000092,14.656999322000161],[120.999020863000169,14.65708880000011],[120.998961483000016,14.657174244999965],[120.999112299000103,14.657316509000054],[120.998977097000079,14.657317847000115],[120.999143128000014,14.657322223000165],[120.999363542000197,14.657491273000119],[120.999428101000262,14.657547603000125],[120.999480899000218,14.657614503000161],[120.999523921000218,14.657715606000124],[120.999593055000105,14.658216659000061],[120.999635693000073,14.658396664000122],[120.999675737000189,14.658488687000045],[120.999729825000031,14.658559767000042],[120.99982714500004,14.658659113000112],[120.999973496000052,14.658797796000101],[120.999987723000231,14.658977198000059],[120.999988855000083,14.659011650000025],[120.999984226000038,14.65945692300005],[121.000004785000215,14.660445847000119],[121.000002320000249,14.660473115000059],[120.999999776000095,14.66061638400015],[120.999967937000179,14.660765132000165],[120.999948401000324,14.66082511999997],[120.999917955000114,14.66086730000012],[120.999864872000103,14.660926097000072],[120.999813094000046,14.660977443999968],[120.999761582000019,14.661038059000134],[120.999707078000029,14.661118801000043],[120.999665370000116,14.661186021999981],[120.999635443000216,14.661256843000103],[120.999601763000101,14.66137342900015],[120.999591863000092,14.661467175000098],[120.999596355000108,14.661581964000106],[120.999605473000202,14.661679178000156],[120.999620800000116,14.661755958000072],[120.99965064200012,14.661836039000036],[120.999661597000227,14.66186998000012],[120.999695220000035,14.661937170000158],[120.999736524000127,14.66200909700018],[120.999784540000178,14.662069932000122],[120.999844159000077,14.662122546000035],[120.999899177000202,14.662164984000185],[121.000290521000011,14.662330674000032],[121.000302158000068,14.662912550000044],[121.000307520000092,14.663393315000121],[121.000311761000034,14.663773647000141],[121.000313144000074,14.663936227000079],[121.000320293000186,14.664603180000142],[121.000529937000124,14.664600283000141],[121.000593585000047,14.66463119600013],[121.000641303000066,14.66466185400003],[121.000693821000027,14.664714165000134],[121.000792709000052,14.664820028000122],[121.001011820000144,14.66505460000019],[121.001262540000084,14.665324548000115],[121.001511254000093,14.665591977000133],[121.001684455000259,14.665782379000063],[121.001780768000117,14.6658870280001],[121.002500868000084,14.666645609999989],[121.002517678000231,14.66666731600003],[121.002518161000012,14.666695859000185],[121.002506287000074,14.666722381000056],[121.002905001000045,14.667149498000128],[121.002945546000092,14.667223937000188],[121.005497894000086,14.671909959000118],[121.005828840000049,14.670946294000032],[121.005866593000064,14.670953533000045],[121.006025556000168,14.670984016000148],[121.006805985000028,14.67113367200011],[121.006661565000172,14.671640331],[121.006617844000175,14.67179371400016],[121.006828794000057,14.671837538999966],[121.006651647000012,14.672622188000162],[121.006615044000114,14.67301893400014],[121.006873626000015,14.673143939000056],[121.007496026000013,14.673190587000022],[121.007768301000056,14.673288045999982],[121.008109782000133,14.673472714000184],[121.008501778000095,14.673930619000146],[121.008465973000057,14.674014942000099],[121.008616217000053,14.674102972000128],[121.00887049500011,14.67425060000005],[121.0090521300001,14.674344579000092],[121.009362812000063,14.674542193000093],[121.009483190000083,14.67462077700003],[121.009650377000185,14.674729919000185],[121.009786396000095,14.67479227400014],[121.00995148100003,14.674866849000182],[121.010218110000324,14.674963691000187],[121.010112582000147,14.675305170000115],[121.010805025000082,14.676058125000111],[121.011179805000097,14.676077444000043],[121.011073130000227,14.676349659000095],[121.011077036000188,14.676353906000031],[121.01171835800028,14.677025677000074],[121.011968417000276,14.676860673000078],[121.012696307000283,14.676378772000135],[121.012861545000078,14.676617933999978],[121.012922417000027,14.676713330999974],[121.013204939000275,14.676800512],[121.013290628000163,14.67742499700006],[121.013319465000336,14.677550275000158],[121.013278583000329,14.677678351000054],[121.012957418000155,14.678113134000057],[121.012931932000015,14.678176571000108],[121.012942866000344,14.678252199000156],[121.013184217000116,14.678491259],[121.013516576000029,14.678837078000129],[121.013537672000211,14.678849373000162],[121.013558380000291,14.678868010000031],[121.013956745000087,14.679228843000089],[121.013977712000042,14.679238679000036],[121.013999455000089,14.679256280000175],[121.01484690500024,14.680076019000069],[121.015635236000207,14.680289496000057],[121.015674559000331,14.680353659000104],[121.015726667000195,14.680611579000129],[121.016251701000101,14.680589301000055],[121.015994461000332,14.680609693000122],[121.015371451000078,14.680616881000049],[121.016210349000062,14.68186554600004],[121.016340001000117,14.682058528000027],[121.016344856000273,14.682065755],[121.016529331000015,14.682305534000022],[121.017526780000026,14.683602012],[121.018355008000185,14.684678537000025],[121.018691965000016,14.685138639000058],[121.018745701000057,14.685089179000045],[121.019126174,14.685199919000183],[121.01943460200016,14.685295241000063],[121.019391635000034,14.685426596000184],[121.019514704000017,14.685493353000084],[121.019599509000045,14.685514685000101],[121.01968691400009,14.685530788000108],[121.019806833000075,14.685544432000142],[121.020117420000133,14.685594523000134],[121.020276124000134,14.685612810000123],[121.020359344000099,14.685729675000118],[121.020351338000182,14.685785819000159],[121.020755081000061,14.686073216000011],[121.021265885000048,14.686546546000102],[121.021780527000033,14.686526265000111],[121.022070039000141,14.686963495000043],[121.022653986000023,14.687140174000035],[121.022648018000268,14.687159778000023],[121.022385503000123,14.688096614000131],[121.022410802000195,14.688335295000059],[121.022420756000088,14.688410847000114],[121.022564215000216,14.688565641000082],[121.022553433000212,14.688579530000084],[121.02254519200028,14.68859902500003],[121.022524310000335,14.688739966000071],[121.022492314000033,14.688913808000052],[121.022465362000048,14.689078414000164],[121.022438837000095,14.689242242000034],[121.022443790000239,14.689270099000112],[121.022683147000066,14.689329404000148],[121.022670239000036,14.689399482999988],[121.022836620000021,14.689447449000056],[121.02278147100003,14.689655132000098],[121.022677445000113,14.690106619000062],[121.022636712,14.690255347000118],[121.02260440200007,14.690365114000031],[121.022574491000114,14.690437151000083]]]]}}]}